date,lat,lon,LOCATION,cells,category
2018-02-02,27.64966,-82.921468,Bunces Pass; 11 mi W of,0,Background
2018-02-02,27.64966,-82.921468,Bunces Pass; 11 mi W of,0,Background
2018-02-02,27.64966,-82.84019,Bunces Pass; 5.8 mi W of,0,Background
2018-01-02,25.9733,-81.7275,Lee Avenue; docks NE of (Big Marco Pass),0,Background
2018-01-02,25.9124,-81.7171,Caxambas Park,0,Background
2018-01-02,25.9334,-81.6496,Goodland Bridge,0,Background
2018-01-02,25.9804,-81.7029,951 Boat Ramp (Big Marco Pass),0,Background
2018-01-02,26.4577,-81.9532,Matanzas Pass (Estero Bay),0,Background
2018-01-02,26.3936,-81.8655,Carl Johnson Park Boat Ramp (Estero Bay),0,Background
2018-01-02,26.4462,-81.9272,Mound House Dock (Estero Bay),0,Background
2018-01-02,26.43861,-81.84,Estero River; upstream,0,Background
2018-01-02,26.9092,-82.0953,Punta Gorda Boat Ramp (Charlotte Harbor),65667,Low
2018-01-02,26.7614,-82.0611,Burnt Store Marina (Charlotte Harbor),15333,Low
2018-01-03,26.30481,-81.8362,Barefoot Beach State Preserve,0,Background
2018-01-03,26.25375,-81.82377,Vanderbilt Beach,0,Background
2018-01-03,26.2073,-81.8169,Seagate,0,Background
2018-01-03,26.13163,-81.8063,Naples Pier,0,Background
2018-01-03,25.91165,-81.72805,South Marco Beach,0,Background
2018-01-02,26.92467,-82.36189,Englewood Beach,185535,Medium
2018-01-02,26.80562,-82.27415,Boca Grande Pier (Gasparilla Sound),185243,Medium
2018-01-02,27.677687,-82.678563,Sunshine Skyway Bridge; W of (Lower Tampa Bay),0,Background
2018-01-02,27.37317,-82.63202,Longboat Key Beach,0,Background
2018-01-02,27.32682,-82.56244,Ringling Causeway,1000,Very low
2018-01-02,27.31561,-82.58171,North Lido Beach,2000,Very low
2018-01-02,27.311,-82.57718,Lido Beach Casino,1000,Very low
2018-01-02,27.29818,-82.56739,South Lido Park,3000,Very low
2018-01-02,27.26518,-82.5531,Siesta Beach,7000,Very low
2018-01-02,27.21843,-82.51711,Turtle Beach,12000,Low
2018-01-02,27.12332,-82.47122,Nokomis Beach,36000,Low
2018-01-02,27.11382,-82.46883,North Jetty,51000,Low
2018-01-02,27.10034,-82.46089,Venice Beach,79000,Low
2018-01-02,27.0735,-82.4515,Venice Fishing Pier; N of,85000,Low
2018-01-02,27.06631,-82.448,Brohard Beach,235000,Medium
2018-02-02,27.64966,-82.84019,Bunces Pass; 5.8 mi W of,0,Background
2018-01-28,26.52542,-82.000728,Shell Point; N of (Caloosahatchee River),0,Background
2018-01-30,26.689099,-81.790833,Orange Harbor Boat Ramp (Orange River),0,Background
2018-02-05,26.816167,-82.2805,Gasparilla Pass,0,Background
2018-02-05,26.74065,-82.2145,Cayo Pelau; 2 mi S of (Charlotte Harbor),0,Background
2018-02-05,26.786021,-82.223062,Cayo Pelau; N of (Gasparilla Sound),0,Background
2018-02-05,26.782417,-82.209383,Bull Key; NW of (Bull Bay),0,Background
2018-02-05,26.798,-82.231,Sandfly Key; NE of (Gasparilla Sound),0,Background
2018-02-05,26.8164,-82.2526,Catfish Creek; mouth of (Gasparilla Sound),0,Background
2018-02-05,26.7117,-82.2583,Boca Grande Pass,0,Background
2018-02-05,26.6798,-82.2196,Mondongo Island; W of (Pine Island Sound),667,Background
2018-02-05,26.6092,-82.221,Captiva Pass,0,Background
2018-02-05,26.59925,-82.18463,Captiva Rocks; SW of (Pine Island Sound),0,Background
2018-02-05,26.5535,-82.1963,Redfish Pass (Pine Island Sound),0,Background
2018-02-05,26.560417,-82.170817,Redfish Pass; 1.8 mi E of (Pine Island Sound),0,Background
2018-02-05,26.532117,-82.15667,Buck Key; 1.9 mi NE of (Pine Island Sound),333,Background
2018-02-05,26.488,-82.1815,Buck Key; S of (Blind Pass),0,Background
2018-02-05,26.4887,-82.1073,York Island; W of (Pine Island Sound),667,Background
2018-02-05,26.538,-82.1257,Regla Island; W of (Pine Island Sound),0,Background
2018-02-05,26.5767,-82.1347,Cork Island; W of (Pine Island Sound),0,Background
2018-02-05,26.5902,-82.1561,Hemp Key; S of (Pine Island Sound),1667,Very low
2018-02-05,26.705,-82.1837,Little Bokeelia Island; N of (Charlotte Harbor),0,Background
2018-02-05,27.6133,-82.7391,Mullet Key; Gulf Pier,0,Background
2018-02-05,27.6055,-82.6508,Skyway Fishing Pier; South (Lower Tampa Bay),0,Background
2018-02-05,27.58512,-82.61482,Fletcher Point (Lower Tampa Bay),0,Background
2018-02-05,27.4959,-82.6522,Palma Sola Bay Bridge,0,Background
2018-02-05,27.44602,-82.68798,Longboat Pass Boat Ramp (Sarasota Bay),0,Background
2018-02-05,27.5385,-82.7402,Anna Maria Island Rod & Reel Pier (Lower Tampa Bay),0,Background
2018-01-02,27.05703,-82.4436,Caspersen Beach,261000,Medium
2018-01-02,27.01031,-82.41312,Manasota Beach,464000,Medium
2018-01-02,26.96324,-82.38565,Blind Pass Beach,577000,Medium
2018-01-07,26.645354,-82.050374,Ceitus Parkway; canal N of,0,Background
2018-01-04,26.960269,-82.227554,Gallagher Boulevard; N of (Myakka River),667,Background
2018-01-07,26.627314,-82.070093,Matlacha Community Park Boat Ramp (Matlacha Pass),118000,Medium
2018-01-07,26.832809,-82.269683,Placida Park Boat Ramp (Placida Harbor),61000,Low
2018-01-08,27.6133,-82.7391,Mullet Key; Gulf Pier,0,Background
2018-01-08,27.6055,-82.6508,Skyway Fishing Pier; South (Lower Tampa Bay),0,Background
2018-01-08,27.58512,-82.61482,Fletcher Point (Lower Tampa Bay),0,Background
2018-01-08,27.4959,-82.6522,Palma Sola Bay Bridge,0,Background
2018-01-08,27.44602,-82.68798,Longboat Pass Boat Ramp (Sarasota Bay),0,Background
2018-01-08,27.5385,-82.7402,Anna Maria Island Rod & Reel Pier (Lower Tampa Bay),0,Background
2018-01-08,26.816167,-82.2805,Gasparilla Pass,16333,Low
2018-01-08,26.7117,-82.2583,Boca Grande Pass,17667,Low
2018-01-08,26.74065,-82.2145,Cayo Pelau; 2 mi S of (Charlotte Harbor),429640,Medium
2018-01-08,26.786021,-82.223062,Cayo Pelau; N of (Gasparilla Sound),14000,Low
2018-01-08,26.782417,-82.209383,Bull Key; NW of (Bull Bay),275000,Medium
2018-01-08,26.798,-82.231,Sandfly Key; NE of (Gasparilla Sound),127667,Medium
2018-01-08,26.8164,-82.2526,Catfish Creek; mouth of (Gasparilla Sound),32000,Low
2018-01-08,26.538,-82.1257,Regla Island; W of (Pine Island Sound),54333,Low
2018-01-08,26.5767,-82.1347,Cork Island; W of (Pine Island Sound),173000,Medium
2018-01-08,26.5902,-82.1561,Hemp Key; S of (Pine Island Sound),128390,Medium
2018-01-08,26.560417,-82.170817,Redfish Pass; 1.8 mi E of (Pine Island Sound),636677,Medium
2018-01-08,26.532117,-82.15667,Buck Key; 1.9 mi NE of (Pine Island Sound),202367,Medium
2018-01-08,26.59925,-82.18463,Captiva Rocks; SW of (Pine Island Sound),82333,Low
2018-01-08,26.30481,-81.8362,Barefoot Beach State Preserve,0,Background
2018-01-08,26.25375,-81.82377,Vanderbilt Beach,0,Background
2018-01-08,26.2073,-81.8169,Seagate,0,Background
2018-01-08,26.13163,-81.8063,Naples Pier,0,Background
2018-01-08,25.91165,-81.72805,South Marco Beach,0,Background
2018-01-06,26.645533,-82.051,Ceitus Parkway; canal N of,0,Background
2018-01-08,27.11214,-82.46975,Venice South Jetty,1333,Very low
2018-01-08,27.0726,-82.4529,Venice Fishing Pier,0,Background
2018-01-08,27.37317,-82.63202,Longboat Key Beach,0,Background
2018-01-08,27.32682,-82.56244,Ringling Causeway,0,Background
2018-01-08,27.31561,-82.58171,North Lido Beach,0,Background
2018-01-08,27.311,-82.57718,Lido Beach Casino,0,Background
2018-01-08,27.29818,-82.56739,South Lido Park,0,Background
2018-01-08,27.26518,-82.5531,Siesta Beach,0,Background
2018-01-08,27.21843,-82.51711,Turtle Beach,0,Background
2018-01-08,27.12332,-82.47122,Nokomis Beach,0,Background
2018-01-08,27.11382,-82.46883,North Jetty,0,Background
2018-01-08,27.10034,-82.46089,Venice Beach,0,Background
2018-01-08,27.07827,-82.45286,Service Club Park,1000,Very low
2018-01-08,27.0735,-82.4515,Venice Fishing Pier; N of,0,Background
2018-01-08,27.06631,-82.448,Brohard Beach,0,Background
2018-01-08,27.05703,-82.4436,Caspersen Beach,0,Background
2018-01-08,27.01031,-82.41312,Manasota Beach,0,Background
2018-01-08,26.96324,-82.38565,Blind Pass Beach,1000,Very low
2018-01-09,26.5857,-82.0645,McCardle Island; SW of (Matlacha Pass),116823,Medium
2018-01-09,26.59893,-82.06238,McCardle Island; NW of (Matlacha Pass),134173,Medium
2018-01-09,26.500278,-82.0475,Merwin Key; W of (San Carlos Bay),3333,Very low
2018-01-09,26.7003,-82.1208,Jug Creek Point; E of (Matlacha Pass),1307600,High (closure)
2018-01-09,27.4362,-82.69012,North Shore Road Pier,0,Background
2018-01-09,27.4003,-82.6515,Atlas Street; W of,0,Background
2018-01-09,27.3225,-82.5803,St. Armands Key; N of (Pansy Bayou),0,Background
2018-01-09,27.3324,-82.5462,Marina Jack (Sarasota Bay),0,Background
2018-01-09,26.43494,-81.91138,Estero Island (Estero Bay),0,Background
2018-01-09,26.38591,-81.84631,Long Key (Estero Bay),0,Background
2018-01-09,26.35497,-81.84452,Bonita Beach (Estero Bay),0,Background
2018-01-09,26.6678,-82.0946,Ben Coleman Keys (Matlacha Pass),103740,Medium
2018-01-09,26.5627,-82.0704,Deer Stop Keys; SW of (Matlacha Pass),25667,Low
2018-01-09,26.625,-82.0742,Porpoise Point Island; SW of (Matlacha Pass),163450,Medium
2018-01-10,27.3316,-82.5779,Bay Dock (Sarasota Bay),0,Background
2018-01-10,27.33375,-82.57938,New Pass Dock (Sarasota Bay),0,Background
2018-01-08,26.4846,-82.0106,Punta Rassa Boat Ramp (San Carlos Bay),0,Background
2018-01-10,27.51477,-82.68395,Mead Point (Lower Tampa Bay),0,Background
2018-01-10,27.529833,-82.704,School Key; NE of (Lower Tampa Bay),0,Background
2018-01-10,27.59275,-82.629067,South Skyway Causeway; NE end of (Lower Tampa Bay),0,Background
2018-01-10,27.587433,-82.61895,South Skyway Rest Area; NW of (Lower Tampa Bay),0,Background
2018-01-10,27.632617,-82.5782,Little Redfish Creek; 1.1 mi NW of (Lower Tampa Bay),0,Background
2018-01-10,27.595514,-82.5912,Joe Island; N of (Lower Tampa Bay),0,Background
2018-01-10,27.591656,-82.586951,Two Brothers Islands; SW of (Lower Tampa Bay),0,Background
2018-01-10,26.5264,-82.1945,Alison Hagerup Beach Park,26000,Low
2018-01-10,26.4217,-82.0801,Tarpon Bay Road Beach,5000,Very low
2018-01-10,26.45157,-82.01543,Lighthouse Beach,3667,Very low
2018-01-10,26.45398,-81.95776,Lynn Hall Park,0,Background
2018-01-10,26.3901,-81.8795,Lovers Key State Park,0,Background
2018-01-10,26.33105,-81.84574,Bonita Beach Park,0,Background
2018-02-05,27.37317,-82.63202,Longboat Key Beach,0,Background
2018-02-05,27.32682,-82.56244,Ringling Causeway,0,Background
2018-02-05,27.31561,-82.58171,North Lido Beach,0,Background
2018-02-05,27.311,-82.57718,Lido Beach Casino,0,Background
2018-02-05,27.29818,-82.56739,South Lido Park,0,Background
2018-02-05,27.26518,-82.5531,Siesta Beach,0,Background
2018-02-05,27.21843,-82.51711,Turtle Beach,0,Background
2018-02-05,27.12332,-82.47122,Nokomis Beach,0,Background
2018-02-05,27.11382,-82.46883,North Jetty,0,Background
2018-02-05,27.10034,-82.46089,Venice Beach,0,Background
2018-02-05,27.07827,-82.45286,Service Club Park,0,Background
2018-02-05,27.0735,-82.4515,Venice Fishing Pier; N of,0,Background
2018-02-05,27.06631,-82.448,Brohard Beach,0,Background
2018-02-05,27.05703,-82.4436,Caspersen Beach,0,Background
2018-02-05,27.01031,-82.41312,Manasota Beach,0,Background
2018-02-05,26.96324,-82.38565,Blind Pass Beach,0,Background
2018-02-05,26.30481,-81.8362,Barefoot Beach State Preserve,0,Background
2018-02-05,26.25375,-81.82377,Vanderbilt Beach,0,Background
2018-02-05,26.2073,-81.8169,Seagate,0,Background
2018-02-05,26.13163,-81.8063,Naples Pier,0,Background
2018-02-05,25.91165,-81.72805,South Marco Beach,0,Background
2018-02-05,26.9092,-82.0953,Punta Gorda Boat Ramp (Charlotte Harbor),0,Background
2018-02-05,26.7614,-82.0611,Burnt Store Marina (Charlotte Harbor),0,Background
2018-02-05,26.4577,-81.9532,Matanzas Pass (Estero Bay),0,Background
2018-02-05,26.3936,-81.8655,Carl Johnson Park Boat Ramp (Estero Bay),0,Background
2018-02-05,26.4462,-81.9272,Mound House Dock (Estero Bay),0,Background
2018-02-01,27.55661,-82.78781,Egmont Key; 2.3 mi SW of,0,Background
2018-02-01,27.55661,-82.78781,Egmont Key; 2.3 mi SW of,0,Background
2018-02-01,27.4504,-82.76839,Coquina Beach; 4.6 mi W of,0,Background
2018-02-01,27.4504,-82.76839,Coquina Beach; 4.6 mi W of,0,Background
2018-02-01,27.36557,-82.69319,Longboat Key; 4.1 mi W of,0,Background
2018-02-01,27.36557,-82.69319,Longboat Key; 4.1 mi W of,0,Background
2018-02-01,27.30897,-82.61293,Lido Beach; 2.3 mi W of,0,Background
2018-02-01,27.30897,-82.61293,Lido Beach; 2.3 mi W of,0,Background
2018-02-01,27.30897,-82.61293,Lido Beach; 2.3 mi W of,0,Background
2018-02-01,27.20647,-82.57573,Turtle Beach; 4 mi W of,0,Background
2018-02-01,27.20647,-82.57573,Turtle Beach; 4 mi W of,0,Background
2018-02-01,27.11184,-82.51702,Venice Inlet; 3 mi W of,0,Background
2018-02-01,27.11184,-82.51702,Venice Inlet; 3 mi W of,0,Background
2018-02-01,27.01283,-82.46982,Manasota Beach; 3.4 mi W of,0,Background
2018-02-01,27.01283,-82.46982,Manasota Beach; 3.4 mi W of,0,Background
2018-02-01,26.91813,-82.41211,Punta Gorda Beach; 3.3 mi W of,0,Background
2018-02-01,26.91813,-82.41211,Punta Gorda Beach; 3.3 mi W of,0,Background
2018-02-01,26.82491,-82.3501,Little Gasparilla Island; 3.8 mi W of,0,Background
2018-02-01,26.82491,-82.3501,Little Gasparilla Island; 3.8 mi W of,0,Background
2018-02-01,26.70117,-82.28919,Boca Grande Pass; 2 mi W of,2000,Very low
2018-02-01,26.70117,-82.28919,Boca Grande Pass; 2 mi W of,0,Background
2018-02-01,26.70117,-82.28919,Boca Grande Pass; 2 mi W of,1000,Very low
2018-02-01,26.61003,-82.29105,Captiva Pass; 4.2 mi W of,4500,Very low
2018-02-01,26.61003,-82.29105,Captiva Pass; 4.2 mi W of,0,Background
2018-02-01,26.50312,-82.27413,Captiva Island; 5.2 mi W of,2500,Very low
2018-02-01,26.50312,-82.27413,Captiva Island; 5.2 mi W of,0,Background
2018-02-01,26.41634,-82.2026,Bowmans Beach; 4 mi SW of,1500,Very low
2018-02-01,26.41634,-82.2026,Bowmans Beach; 4 mi SW of,0,Background
2018-02-01,26.339,-82.119,Tarpon Bay Road Beach; 6.2 mi SW of,4000,Very low
2018-02-01,26.339,-82.119,Tarpon Bay Road Beach; 6.2 mi SW of,1000,Very low
2018-02-01,26.3141,-82.00202,Barefoot Beach; 10 mi W of,161500,Medium
2018-02-01,26.3141,-82.00202,Barefoot Beach; 10 mi W of,8500,Very low
2018-02-01,26.3878,-81.97891,Sanibel Beach; 4.9 mi SE of,21000,Low
2018-02-01,26.3878,-81.97891,Sanibel Beach; 4.9 mi SE of,11000,Low
2018-02-01,27.35832,-82.92915,Longboat Key; 19 mi W of,0,Background
2018-01-09,26.92467,-82.36189,Englewood Beach,0,Background
2018-01-09,26.80562,-82.27415,Boca Grande Pier (Gasparilla Sound),77140,Low
2018-01-02,27.3316,-82.5779,Bay Dock (Sarasota Bay),4000,Very low
2018-01-02,27.33375,-82.57938,New Pass Dock (Sarasota Bay),500,Background
2018-01-03,27.3316,-82.5779,Bay Dock (Sarasota Bay),0,Background
2018-01-03,27.33375,-82.57938,New Pass Dock (Sarasota Bay),500,Background
2018-01-04,27.3316,-82.5779,Bay Dock (Sarasota Bay),1000,Very low
2018-01-04,27.33375,-82.57938,New Pass Dock (Sarasota Bay),0,Background
2018-01-05,27.3316,-82.5779,Bay Dock (Sarasota Bay),1000,Very low
2018-01-05,27.33375,-82.57938,New Pass Dock (Sarasota Bay),0,Background
2018-01-08,27.3316,-82.5779,Bay Dock (Sarasota Bay),0,Background
2018-01-08,27.33375,-82.57938,New Pass Dock (Sarasota Bay),0,Background
2018-01-09,27.3316,-82.5779,Bay Dock (Sarasota Bay),0,Background
2018-01-09,27.33375,-82.57938,New Pass Dock (Sarasota Bay),0,Background
2018-01-11,27.3316,-82.5779,Bay Dock (Sarasota Bay),0,Background
2018-01-11,27.33375,-82.57938,New Pass Dock (Sarasota Bay),0,Background
2018-02-01,27.35832,-82.92915,Longboat Key; 19 mi W of,0,Background
2018-02-01,27.1364,-82.76011,Casey Key; 18 mi W of,500,Background
2018-02-01,27.1364,-82.76011,Casey Key; 18 mi W of,0,Background
2018-02-01,26.79666,-82.57846,Gasparilla Pass; 18 mi W of,0,Background
2018-02-01,26.79666,-82.57846,Gasparilla Pass; 18 mi W of,0,Background
2018-02-01,26.28597,-82.34245,Wiggins Pass; 32 mi W of,0,Background
2018-02-01,26.28597,-82.34245,Wiggins Pass; 32 mi W of,500,Background
2018-02-01,26.20785,-81.92406,Naples Inlet; 7.2 mi W of,306500,Medium
2018-02-01,26.20785,-81.92406,Naples Inlet; 7.2 mi W of,10500,Low
2018-02-01,26.12199,-81.93952,Naples Pier; 8.2 mi W of,74500,Low
2018-02-01,26.12199,-81.93952,Naples Pier; 8.2 mi W of,56500,Low
2018-02-06,26.8385,-82.2795,Garfield Court; SW of (Placida Harbor),0,Background
2018-02-06,26.9307,-82.3498,Tom Adams Bridge; S of (Lemon Bay),0,Background
2018-02-06,26.898667,-82.339333,Stump Pass (Lemon Bay),0,Background
2018-02-06,26.816167,-82.2805,Gasparilla Pass,0,Background
2018-02-06,26.96324,-82.3747,Blind Pass Beach; E of (Lemon Bay),0,Background
2018-02-06,26.911667,-82.158833,Hog Island; S of (Charlotte Harbor),0,Background
2018-02-06,26.9441,-82.1947,GDC Cove; mouth of (Myakka River),0,Background
2018-02-06,26.43494,-81.91138,Estero Island (Estero Bay),0,Background
2018-02-06,26.38591,-81.84631,Long Key (Estero Bay),0,Background
2018-02-06,26.35497,-81.84452,Bonita Beach (Estero Bay),0,Background
2018-02-05,26.711667,-82.313333,Boca Grande Pass; 3.4 mi W of,0,Background
2018-02-05,26.618333,-82.5,Boca Grande Pass; 17 mi W of,0,Background
2018-02-05,26.573333,-82.52,North Captiva Island; 18 mi W of,0,Background
2018-02-05,26.272677,-81.780527,Sharwood Drive; canal S of,0,Background
2018-02-07,26.5857,-82.0645,McCardle Island; SW of (Matlacha Pass),0,Background
2018-02-07,26.500278,-82.0475,Merwin Key; W of (San Carlos Bay),0,Background
2018-02-07,26.7003,-82.1208,Jug Creek Point; E of (Matlacha Pass),0,Background
2018-02-07,25.844,-81.678,Cape Romano; S of (Gullivan Bay),0,Background
2018-02-07,25.8815,-81.632167,Coon Key; S of (Gullivan Bay),0,Background
2018-02-07,25.891667,-81.608833,Shell Key; S of (Gullivan Bay),0,Background
2018-02-07,26.5264,-82.1945,Alison Hagerup Beach Park,0,Background
2018-02-07,26.4217,-82.0801,Tarpon Bay Road Beach,0,Background
2018-02-07,26.45157,-82.01543,Lighthouse Beach,0,Background
2018-02-07,26.45398,-81.95776,Lynn Hall Park,0,Background
2018-02-07,26.3901,-81.8795,Lovers Key State Park,0,Background
2018-02-07,26.33105,-81.84574,Bonita Beach Park,0,Background
2018-02-06,27.4362,-82.69012,North Shore Road Pier,0,Background
2018-02-06,27.4003,-82.6515,Atlas Street; W of,0,Background
2018-02-06,27.3225,-82.5803,St. Armands Key; N of (Pansy Bayou),0,Background
2018-02-06,27.3324,-82.5462,Marina Jack (Sarasota Bay),0,Background
2018-02-04,26.92467,-82.36189,Englewood Beach,0,Background
2018-02-04,26.80562,-82.27415,Boca Grande Pier (Gasparilla Sound),0,Background
2018-01-11,26.30481,-81.8362,Barefoot Beach State Preserve,0,Background
2018-01-11,26.25375,-81.82377,Vanderbilt Beach,0,Background
2018-01-11,26.2073,-81.8169,Seagate,0,Background
2018-01-11,26.13163,-81.8063,Naples Pier,0,Background
2018-01-11,25.91165,-81.72805,South Marco Beach,0,Background
2018-02-07,26.399517,-81.965533,Fort Myers Beach; 3.5mi SW of,333,Background
2018-02-07,26.432033,-81.968933,Fort Myers Beach; 1.6 mi SW of,0,Background
2018-02-03,27.686852,-82.520411,Cockroach Bay Boat Ramp,0,Background
2018-02-04,27.621565,-82.71362,Fort De Soto Park Entrance; S of (Lower Tampa Bay),0,Background
2018-02-08,26.59925,-82.18463,Captiva Rocks; SW of (Pine Island Sound),0,Background
2018-02-08,26.5767,-82.1347,Cork Island; W of (Pine Island Sound),0,Background
2018-02-08,26.80562,-82.27415,Boca Grande Pier (Gasparilla Sound),0,Background
2018-02-07,27.35361,-82.57388,City Island; N of (Sarasota Bay),0,Background
2018-02-07,27.34098,-82.56656,City Island; NE of (Sarasota Bay),0,Background
2018-02-07,27.33438,-82.57998,New Pass (Sarasota Bay),0,Background
2018-02-07,27.31019,-82.56429,Bird Key; W of (Sarasota Bay),0,Background
2018-02-07,27.30761,-82.55623,Bay Island; N of (Sarasota Bay),0,Background
2018-02-07,27.36783,-82.56561,Indian Beach; W of (Sarasota Bay),0,Background
2018-02-07,27.34727,-82.5564,Centennial Park; W of (Sarasota Bay),0,Background
2018-02-07,27.33591,-82.55658,Causeway Park; W of (Sarasota Bay),0,Background
2018-02-07,27.32305,-82.5499,Island Park; SW of (Sarasota Bay),0,Background
2018-02-07,27.3127,-82.54251,Bay Island Park; N of (Sarasota Bay),0,Background
2018-02-07,27.3669,-82.6151,Bishops Point; S of (Sarasota Bay),0,Background
2018-02-07,27.3746,-82.5948,Bishops Point; E of (Sarasota Bay),0,Background
2018-02-07,27.38169,-82.57971,Mid-Sarasota Bay,0,Background
2018-02-07,27.38079,-82.57216,Stephens Point; NW of (Sarasota Bay),0,Background
2018-02-07,27.38079,-82.57216,Stephens Point; NW of (Sarasota Bay),0,Background
2018-02-07,27.3606,-82.5899,Longboat Key; E of (Sarasota Bay),0,Background
2018-02-07,27.29469,-82.5502,Edwards Island; SW (Roberts Bay; Sarasota),0,Background
2018-02-07,27.2842,-82.54711,Philippe Creek; N of (Roberts Bay; Sarasota),0,Background
2018-02-07,27.26242,-82.53693,Philippe Creek; S of (Roberts Bay; Sarasota),0,Background
2018-02-07,27.25521,-82.53337,Stickney Point Bridge; Canal NW of,0,Background
2018-02-07,27.24812,-82.52477,Coral Cove; NW of (Little Sarasota Bay),0,Background
2018-02-07,27.24812,-82.52477,Coral Cove; NW of (Little Sarasota Bay),0,Background
2018-02-07,27.23565,-82.51529,Coral Cove; S of (Little Sarasota Bay),0,Background
2018-02-07,27.22582,-82.51452,Blind Pass; N of (Little Sarasota Bay),0,Background
2018-02-07,27.21638,-82.5043,Bird Keys; NE of (Little Sarasota Bay),0,Background
2018-02-07,27.19453,-82.50167,Spanish Point; S of (Little Sarasota Bay),0,Background
2018-02-07,27.18644,-82.4984,Blackburn Point Road; N of (Little Sarasota Bay),0,Background
2018-02-07,27.17026,-82.49108,Dryman Bay,0,Background
2018-02-07,27.16061,-82.48471,Northern Blackburn Bay,0,Background
2018-03-05,26.96324,-82.38565,Blind Pass Beach,37000,Low
2018-03-05,26.816167,-82.2805,Gasparilla Pass,27333,Low
2018-03-05,26.7117,-82.2583,Boca Grande Pass,50667,Low
2018-03-05,26.74065,-82.2145,Cayo Pelau; 2 mi S of (Charlotte Harbor),209646,Medium
2018-03-05,26.786021,-82.223062,Cayo Pelau; N of (Gasparilla Sound),0,Background
2018-03-05,26.782417,-82.209383,Bull Key; NW of (Bull Bay),2333,Very low
2018-03-05,26.798,-82.231,Sandfly Key; NE of (Gasparilla Sound),22333,Low
2018-03-05,26.8164,-82.2526,Catfish Creek; mouth of (Gasparilla Sound),12333,Low
2018-03-05,26.30481,-81.8362,Barefoot Beach State Preserve,28667,Low
2018-03-05,26.25375,-81.82377,Vanderbilt Beach,2667,Very low
2018-03-05,26.2073,-81.8169,Seagate,10000,Low
2018-03-05,26.13163,-81.8063,Naples Pier,409171,Medium
2018-03-05,25.91165,-81.72805,South Marco Beach,45667,Low
2018-03-05,26.4577,-81.9532,Matanzas Pass (Estero Bay),333,Background
2018-03-05,26.4294,-81.858,Estero River; mouth of (Estero Bay),3333,Very low
2018-03-05,26.3936,-81.8655,Carl Johnson Park Boat Ramp (Estero Bay),152760,Medium
2018-03-05,26.3584,-81.8375,Pelican Bay Nature Park Pier (Estero Bay),0,Background
2018-03-05,26.4287,-81.8832,Coon Key; N of (Estero Bay),20667,Low
2018-03-05,26.4462,-81.9272,Mound House Dock (Estero Bay),1333,Very low
2018-03-05,26.43861,-81.84,Estero River; upstream,0,Background
2018-03-05,26.9092,-82.0953,Punta Gorda Boat Ramp (Charlotte Harbor),0,Background
2018-03-05,26.7614,-82.0611,Burnt Store Marina (Charlotte Harbor),0,Background
2018-03-06,27.3316,-82.5779,Bay Dock (Sarasota Bay),6000,Very low
2018-03-06,27.33375,-82.57938,New Pass Dock (Sarasota Bay),2000,Very low
2018-02-26,27.48405,-82.8574,Anna Maria Island; 9.1 mi W of,0,Background
2018-02-07,27.15301,-82.48082,Mid-Blackburn Bay,0,Background
2018-02-07,27.14384,-82.47175,Southern Blackburn Bay,0,Background
2018-02-07,27.13347,-82.46917,Albee Road Bridge; N of (Blackburn Bay),0,Background
2018-02-07,27.13347,-82.46917,Albee Road Bridge; N of (Blackburn Bay),0,Background
2018-02-07,27.1228,-82.4635,Lyons Bay,0,Background
2018-02-07,27.1206,-82.4516,Dona Bay,0,Background
2018-02-07,27.1146,-82.4612,Bird Island; NW of (Dona Bay),0,Background
2018-02-07,27.1057,-82.448,Venice Marina Park; NW of (ICW),0,Background
2018-02-07,27.097,-82.4393,Venice Avenue Bridge; S of (ICW),0,Background
2018-02-07,27.04416,-82.43241,Shamrock Park; S of (ICW),0,Background
2018-02-07,27.02398,-82.41938,Manasota Beach Bridge; NW of (ICW),0,Background
2018-02-07,26.99164,-82.39818,Forked Creek; W of (Lemon Bay),0,Background
2018-02-07,26.97051,-82.38546,Leachs Key; SE of (Lemon Bay),0,Background
2018-02-07,26.96082,-82.37427,Indian Mound Park; NW of (Lemon Bay),0,Background
2018-02-07,26.96082,-82.37427,Indian Mound Park; NW of (Lemon Bay),0,Background
2018-02-12,27.37317,-82.63202,Longboat Key Beach,0,Background
2018-02-12,27.32682,-82.56244,Ringling Causeway,0,Background
2018-02-12,27.31561,-82.58171,North Lido Beach,0,Background
2018-02-12,27.311,-82.57718,Lido Beach Casino,0,Background
2018-02-12,27.29818,-82.56739,South Lido Park,0,Background
2018-02-12,27.26518,-82.5531,Siesta Beach,0,Background
2018-02-12,27.21843,-82.51711,Turtle Beach,0,Background
2018-02-12,27.12332,-82.47122,Nokomis Beach,0,Background
2018-02-12,27.11382,-82.46883,North Jetty,0,Background
2018-02-12,27.10034,-82.46089,Venice Beach,0,Background
2018-02-12,27.07827,-82.45286,Service Club Park,0,Background
2018-02-12,27.0735,-82.4515,Venice Fishing Pier; N of,0,Background
2018-02-12,27.06631,-82.448,Brohard Beach,0,Background
2018-02-12,27.05703,-82.4436,Caspersen Beach,0,Background
2018-02-12,27.01031,-82.41312,Manasota Beach,0,Background
2018-02-12,26.96324,-82.38565,Blind Pass Beach,0,Background
2018-02-12,27.6133,-82.7391,Mullet Key; Gulf Pier,0,Background
2018-02-12,27.6055,-82.6508,Skyway Fishing Pier; South (Lower Tampa Bay),0,Background
2018-02-12,27.58512,-82.61482,Fletcher Point (Lower Tampa Bay),0,Background
2018-02-12,27.4959,-82.6522,Palma Sola Bay Bridge,0,Background
2018-02-12,27.44602,-82.68798,Longboat Pass Boat Ramp (Sarasota Bay),0,Background
2018-02-12,27.5385,-82.7402,Anna Maria Island Rod & Reel Pier (Lower Tampa Bay),0,Background
2018-02-12,25.844,-81.678,Cape Romano; S of (Gullivan Bay),0,Background
2018-02-12,25.8815,-81.632167,Coon Key; S of (Gullivan Bay),0,Background
2018-02-12,25.891667,-81.608833,Shell Key; S of (Gullivan Bay),0,Background
2018-02-12,26.30481,-81.8362,Barefoot Beach State Preserve,0,Background
2018-02-12,26.25375,-81.82377,Vanderbilt Beach,0,Background
2018-02-12,26.2073,-81.8169,Seagate,0,Background
2018-02-12,26.13163,-81.8063,Naples Pier,0,Background
2018-02-12,25.91165,-81.72805,South Marco Beach,0,Background
2018-02-12,25.9733,-81.7275,Lee Avenue; docks NE of (Big Marco Pass),0,Background
2018-02-12,25.9124,-81.7171,Caxambas Park,0,Background
2018-02-12,25.9334,-81.6496,Goodland Bridge,0,Background
2018-02-12,25.9804,-81.7029,951 Boat Ramp (Big Marco Pass),0,Background
2018-02-11,26.0909,-81.80535,Gordon Pass; W of,0,Background
2018-02-11,26.1097,-81.808883,32nd Avenue S; W of,3333,Very low
2018-02-13,26.786021,-82.223062,Cayo Pelau; N of (Gasparilla Sound),0,Background
2018-02-13,26.782417,-82.209383,Bull Key; NW of (Bull Bay),0,Background
2018-02-13,26.798,-82.231,Sandfly Key; NE of (Gasparilla Sound),0,Background
2018-02-13,26.5767,-82.1347,Cork Island; W of (Pine Island Sound),0,Background
2018-02-13,26.5902,-82.1561,Hemp Key; S of (Pine Island Sound),0,Background
2018-02-13,26.59925,-82.18463,Captiva Rocks; SW of (Pine Island Sound),0,Background
2018-01-11,27.616397,-82.628855,Joe Island; 2.3 mi NW of (Tampa Bay),0,Background
2018-01-11,27.616397,-82.628855,Joe Island; 2.3 mi NW of (Tampa Bay),0,Background
2018-01-11,27.67611,-82.769929,Pass-a-Grille North Channel; 1.9 mi W of,0,Background
2018-01-11,27.67611,-82.769929,Pass-a-Grille North Channel; 1.9 mi W of,0,Background
2018-01-16,27.6133,-82.7391,Mullet Key; Gulf Pier,0,Background
2018-01-16,27.6055,-82.6508,Skyway Fishing Pier; South (Lower Tampa Bay),0,Background
2018-01-16,27.58512,-82.61482,Fletcher Point (Lower Tampa Bay),0,Background
2018-01-16,27.4959,-82.6522,Palma Sola Bay Bridge,0,Background
2018-01-16,27.44602,-82.68798,Longboat Pass Boat Ramp (Sarasota Bay),0,Background
2018-01-16,27.5385,-82.7402,Anna Maria Island Rod & Reel Pier (Lower Tampa Bay),0,Background
2018-01-16,26.7117,-82.2583,Boca Grande Pass,0,Background
2018-01-16,26.74065,-82.2145,Cayo Pelau; 2 mi S of (Charlotte Harbor),23000,Low
2018-01-16,26.786021,-82.223062,Cayo Pelau; N of (Gasparilla Sound),150667,Medium
2018-01-16,26.782417,-82.209383,Bull Key; NW of (Bull Bay),175560,Medium
2018-01-16,26.798,-82.231,Sandfly Key; NE of (Gasparilla Sound),1667,Very low
2018-01-16,26.8164,-82.2526,Catfish Creek; mouth of (Gasparilla Sound),0,Background
2018-01-16,26.8385,-82.2795,Garfield Court; SW of (Placida Harbor),0,Background
2018-01-16,26.9307,-82.3498,Tom Adams Bridge; S of (Lemon Bay),333,Background
2018-01-16,26.898667,-82.339333,Stump Pass (Lemon Bay),0,Background
2018-01-16,26.816167,-82.2805,Gasparilla Pass,0,Background
2018-01-16,26.96324,-82.38565,Blind Pass Beach,0,Background
2018-01-16,26.911667,-82.158833,Hog Island; S of (Charlotte Harbor),66667,Low
2018-01-16,26.30481,-81.8362,Barefoot Beach State Preserve,0,Background
2018-01-16,26.25375,-81.82377,Vanderbilt Beach,0,Background
2018-01-16,26.2073,-81.8169,Seagate,0,Background
2018-01-16,26.13163,-81.8063,Naples Pier,0,Background
2018-01-16,25.91165,-81.72805,South Marco Beach,0,Background
2018-01-16,26.92467,-82.36189,Englewood Beach,0,Background
2018-01-16,26.80562,-82.27415,Boca Grande Pier (Gasparilla Sound),333,Background
2018-03-29,25.91165,-81.72805,South Marco Beach,188100,Medium
2018-03-29,26.13163,-81.8063,Naples Pier,0,Background
2018-03-29,26.2073,-81.8169,Seagate,0,Background
2018-03-29,26.25375,-81.82377,Vanderbilt Beach,0,Background
2018-03-29,26.30481,-81.8362,Barefoot Beach State Preserve,333,Background
2018-03-20,27.551717,-82.71225,Passage Key; 1.9 mi E of (Lower Tampa Bay),0,Background
2018-03-20,27.569567,-82.7232,Passage Key; 1.6 mi NE of (Lower Tampa Bay),0,Background
2018-03-29,26.43494,-81.91138,Estero Island (Estero Bay),0,Background
2018-03-29,26.38591,-81.84631,Long Key (Estero Bay),333,Background
2018-03-29,26.35497,-81.84452,Bonita Beach (Estero Bay),333,Background
2018-03-28,26.8264,-82.267,Pier Road; E of (Gasparilla Sound),333,Background
2018-03-28,26.7885,-82.2382,Sandfly Key; E of (Gasparilla Sound),0,Background
2018-03-29,26.64413,-82.05578,Sirenia Vista Canoe & Kayak Launch,0,Background
2018-03-30,26.6573,-81.8829,North Shore Park (Caloosahatchee River),0,Background
2018-04-02,27.6133,-82.7391,Mullet Key; Gulf Pier,333,Background
2018-04-02,27.6055,-82.6508,Skyway Fishing Pier; South (Lower Tampa Bay),0,Background
2018-04-02,27.58512,-82.61482,Fletcher Point (Lower Tampa Bay),0,Background
2018-04-02,27.4959,-82.6522,Palma Sola Bay Bridge,0,Background
2018-04-02,27.44602,-82.68798,Longboat Pass Boat Ramp (Sarasota Bay),0,Background
2018-04-02,27.5385,-82.7402,Anna Maria Island Rod & Reel Pier (Lower Tampa Bay),0,Background
2018-02-26,27.48405,-82.8574,Anna Maria Island; 9.1 mi W of,0,Background
2018-02-26,27.48405,-82.8574,Anna Maria Island; 9.1 mi W of,0,Background
2018-02-26,27.48405,-82.8574,Anna Maria Island; 9.1 mi W of,0,Background
2018-02-26,27.21646,-82.87366,Siesta Key; 22 mi W of,0,Background
2018-02-26,27.21646,-82.87366,Siesta Key; 22 mi W of,0,Background
2018-02-26,27.21646,-82.87366,Siesta Key; 22 mi W of,0,Background
2018-02-27,27.05309,-82.63172,South Venice; 12 mi W of,22000,Low
2018-02-27,27.05309,-82.63172,South Venice; 12 mi W of,500,Background
2018-02-27,27.05309,-82.63172,South Venice; 12 mi W of,0,Background
2018-02-27,26.93519,-82.90573,Englewood Beach; 33 mi W of,0,Background
2018-02-27,26.93519,-82.90573,Englewood Beach; 33 mi W of,0,Background
2018-02-27,26.93519,-82.90573,Englewood Beach; 33 mi W of,0,Background
2018-02-27,26.6586,-82.93918,Cayo Costa; 43 mi W of,0,Background
2018-02-27,26.6586,-82.93918,Cayo Costa; 43 mi W of,0,Background
2018-02-27,26.6586,-82.93918,Cayo Costa; 43 mi W of,0,Background
2018-02-27,26.49486,-82.68271,Captiva Island; 31 mi W of,0,Background
2018-02-27,26.49486,-82.68271,Captiva Island; 31 mi W of,0,Background
2018-02-27,26.49486,-82.68271,Captiva Island; 31 mi W of,0,Background
2018-02-27,26.61448,-82.41352,Captiva Pass; 12 mi W of,10500,Low
2018-02-27,26.61448,-82.41352,Captiva Pass; 12 mi W of,1000,Very low
2018-02-27,26.61448,-82.41352,Captiva Pass; 12 mi W of,0,Background
2018-02-27,26.78111,-82.64156,Boca Grande; 23 mi W of,500,Background
2018-02-27,26.78111,-82.64156,Boca Grande; 23 mi W of,0,Background
2018-02-27,26.78111,-82.64156,Boca Grande; 23 mi W of,0,Background
2018-02-27,26.776921,-82.26515,35th Street W; Canal E of (Gasparilla Sound),0,Background
2018-03-04,26.510106,-82.083186,Stringfellow Road; Canal W of (Pine Island Sound),0,Background
2018-03-02,26.478589,-82.174051,Pine Avenue; NE of (Dinken Bayou),33333,Low
2018-03-04,26.832738,-82.269654,Placida Park Boat Ramp (Placida Harbor),7333,Very low
2018-03-06,26.538,-82.1257,Regla Island; W of (Pine Island Sound),276667,Medium
2018-03-06,26.5767,-82.1347,Cork Island; W of (Pine Island Sound),119667,Medium
2018-03-06,26.5902,-82.1561,Hemp Key; S of (Pine Island Sound),55333,Low
2018-03-06,26.560417,-82.170817,Redfish Pass; 1.8 mi E of (Pine Island Sound),70000,Low
2018-03-06,26.532117,-82.15667,Buck Key; 1.9 mi NE of (Pine Island Sound),225720,Medium
2018-03-06,26.59925,-82.18463,Captiva Rocks; SW of (Pine Island Sound),7333,Very low
2018-03-06,27.4362,-82.69012,North Shore Road Pier,0,Background
2018-03-06,27.4003,-82.6515,Atlas Street; W of,0,Background
2018-03-06,27.3225,-82.5803,St. Armands Key; N of (Pansy Bayou),333,Background
2018-03-06,27.3324,-82.5462,Marina Jack (Sarasota Bay),667,Background
2018-02-13,26.6678,-82.0946,Ben Coleman Keys (Matlacha Pass),0,Background
2018-02-13,26.5627,-82.0704,Deer Stop Keys; SW of (Matlacha Pass),0,Background
2018-02-13,26.625,-82.0742,Porpoise Point Island; SW of (Matlacha Pass),0,Background
2018-02-02,27.3316,-82.5779,Bay Dock (Sarasota Bay),0,Background
2018-02-02,27.33375,-82.57938,New Pass Dock (Sarasota Bay),0,Background
2018-02-05,27.3316,-82.5779,Bay Dock (Sarasota Bay),0,Background
2018-02-05,27.33375,-82.57938,New Pass Dock (Sarasota Bay),0,Background
2018-02-06,27.3316,-82.5779,Bay Dock (Sarasota Bay),0,Background
2018-02-06,27.33375,-82.57938,New Pass Dock (Sarasota Bay),0,Background
2018-02-07,27.3316,-82.5779,Bay Dock (Sarasota Bay),0,Background
2018-02-07,27.33375,-82.57938,New Pass Dock (Sarasota Bay),0,Background
2018-02-08,27.3316,-82.5779,Bay Dock (Sarasota Bay),0,Background
2018-02-08,27.33375,-82.57938,New Pass Dock (Sarasota Bay),0,Background
2018-02-09,27.3316,-82.5779,Bay Dock (Sarasota Bay),0,Background
2018-02-09,27.33375,-82.57938,New Pass Dock (Sarasota Bay),0,Background
2018-02-12,27.3316,-82.5779,Bay Dock (Sarasota Bay),0,Background
2018-02-12,27.33375,-82.57938,New Pass Dock (Sarasota Bay),0,Background
2018-02-14,27.3316,-82.5779,Bay Dock (Sarasota Bay),0,Background
2018-02-14,27.33375,-82.57938,New Pass Dock (Sarasota Bay),0,Background
2018-02-14,26.5264,-82.1945,Alison Hagerup Beach Park,0,Background
2018-02-14,26.4217,-82.0801,Tarpon Bay Road Beach,4333,Very low
2018-02-14,26.45157,-82.01543,Lighthouse Beach,37000,Low
2018-02-14,26.45398,-81.95776,Lynn Hall Park,0,Background
2018-02-14,26.3901,-81.8795,Lovers Key State Park,0,Background
2018-02-14,26.33105,-81.84574,Bonita Beach Park,0,Background
2018-02-13,26.711667,-82.488333,Boca Grande Pass; 14 mi W of,0,Background
2018-02-13,26.695,-82.573333,Boca Grande Pass; 19 mi W of,0,Background
2018-02-13,26.706667,-82.598333,Boca Grande Pass; 21 mi W of,333,Background
2018-02-13,26.92467,-82.36189,Englewood Beach,0,Background
2018-02-13,26.80562,-82.27415,Boca Grande Pier (Gasparilla Sound),0,Background
2018-02-15,27.3316,-82.5779,Bay Dock (Sarasota Bay),0,Background
2018-02-16,27.3316,-82.5779,Bay Dock (Sarasota Bay),0,Background
2018-02-16,27.33375,-82.57938,New Pass Dock (Sarasota Bay),0,Background
2018-01-16,27.4362,-82.69012,North Shore Road Pier,0,Background
2018-01-16,27.4003,-82.6515,Atlas Street; W of,0,Background
2018-01-16,27.3225,-82.5803,St. Armands Key; N of (Pansy Bayou),0,Background
2018-01-16,27.3324,-82.5462,Marina Jack (Sarasota Bay),0,Background
2018-01-16,27.37317,-82.63202,Longboat Key Beach,0,Background
2018-01-16,27.32682,-82.56244,Ringling Causeway,0,Background
2018-01-16,27.31561,-82.58171,North Lido Beach,0,Background
2018-01-16,27.311,-82.57718,Lido Beach Casino,0,Background
2018-01-16,27.29818,-82.56739,South Lido Park,0,Background
2018-01-16,27.26518,-82.5531,Siesta Beach,0,Background
2018-01-16,27.21843,-82.51711,Turtle Beach,0,Background
2018-01-16,27.12332,-82.47122,Nokomis Beach,0,Background
2018-01-16,27.11382,-82.46883,North Jetty,0,Background
2018-01-16,27.10034,-82.46089,Venice Beach,0,Background
2018-01-16,27.07827,-82.45286,Service Club Park,0,Background
2018-01-16,27.0735,-82.4515,Venice Fishing Pier; N of,0,Background
2018-01-16,27.06631,-82.448,Brohard Beach,0,Background
2018-01-16,27.05703,-82.4436,Caspersen Beach,0,Background
2018-01-16,27.01031,-82.41312,Manasota Beach,0,Background
2018-01-16,26.96324,-82.38565,Blind Pass Beach,0,Background
2018-01-13,25.9124,-81.7171,Caxambas Park,0,Background
2018-01-16,27.509739,-82.575661,Regatta Pointe Marina (Manatee River),0,Background
2018-01-17,25.844,-81.678,Cape Romano; S of (Gullivan Bay),0,Background
2018-01-17,25.8815,-81.632167,Coon Key; S of (Gullivan Bay),0,Background
2018-01-17,25.891667,-81.608833,Shell Key; S of (Gullivan Bay),0,Background
2018-01-17,26.5264,-82.1945,Alison Hagerup Beach Park,25000,Low
2018-01-17,26.4217,-82.0801,Tarpon Bay Road Beach,5333,Very low
2018-01-17,26.45157,-82.01543,Lighthouse Beach,3333,Very low
2018-01-17,26.45398,-81.95776,Lynn Hall Park,0,Background
2018-01-17,26.3901,-81.8795,Lovers Key State Park,0,Background
2018-01-17,26.33105,-81.84574,Bonita Beach Park,0,Background
2018-01-16,26.70435,-82.544233,Boca Grande Pass; 18 mi W of,0,Background
2018-01-16,26.712217,-82.411483,Boca Grande Pass; 9.4 mi W of,0,Background
2018-01-16,26.721067,-82.30605,Boca Grande Pass; 2.9 mi W of,0,Background
2018-01-17,26.5857,-82.0645,McCardle Island; SW of (Matlacha Pass),0,Background
2018-01-17,26.500278,-82.0475,Merwin Key; W of (San Carlos Bay),0,Background
2018-01-17,26.7003,-82.1208,Jug Creek Point; E of (Matlacha Pass),0,Background
2018-04-02,26.538,-82.1257,Regla Island; W of (Pine Island Sound),333,Background
2018-04-02,26.53618,-82.14646,Regla Island; 1.4 mi W of (Pine Island Sound),1667,Very low
2018-04-02,26.5767,-82.1347,Cork Island; W of (Pine Island Sound),0,Background
2018-04-02,26.5902,-82.1561,Hemp Key; S of (Pine Island Sound),5889,Very low
2018-04-02,26.560417,-82.170817,Redfish Pass; 1.8 mi E of (Pine Island Sound),1000,Very low
2018-04-02,26.532117,-82.15667,Buck Key; 1.9 mi NE of (Pine Island Sound),2333,Very low
2018-04-02,26.59925,-82.18463,Captiva Rocks; SW of (Pine Island Sound),667,Background
2018-04-02,27.37317,-82.63202,Longboat Key Beach,0,Background
2018-04-02,27.32682,-82.56244,Ringling Causeway,0,Background
2018-04-02,27.31561,-82.58171,North Lido Beach,0,Background
2018-04-02,27.311,-82.57718,Lido Beach Casino,0,Background
2018-04-02,27.29818,-82.56739,South Lido Park,0,Background
2018-04-02,27.26518,-82.5531,Siesta Beach,0,Background
2018-04-02,27.21843,-82.51711,Turtle Beach,0,Background
2018-04-02,27.12332,-82.47122,Nokomis Beach,0,Background
2018-04-02,27.11382,-82.46883,North Jetty,0,Background
2018-04-02,27.10034,-82.46089,Venice Beach,0,Background
2018-04-02,27.0735,-82.4515,Venice Fishing Pier; N of,0,Background
2018-04-02,27.06631,-82.448,Brohard Beach,0,Background
2018-04-02,27.05703,-82.4436,Caspersen Beach,0,Background
2018-04-02,27.01031,-82.41312,Manasota Beach,0,Background
2018-04-02,26.96324,-82.38565,Blind Pass Beach,0,Background
2018-04-02,26.9092,-82.0953,Punta Gorda Boat Ramp (Charlotte Harbor),333,Background
2018-04-02,26.7614,-82.0611,Burnt Store Marina (Charlotte Harbor),0,Background
2018-04-02,26.4577,-81.9532,Matanzas Pass (Estero Bay),0,Background
2018-04-02,26.4294,-81.858,Estero River; mouth of (Estero Bay),0,Background
2018-04-02,26.3936,-81.8655,Carl Johnson Park Boat Ramp (Estero Bay),667,Background
2018-04-02,26.3584,-81.8375,Pelican Bay Nature Park Pier (Estero Bay),0,Background
2018-04-02,26.4287,-81.8832,Coon Key; N of (Estero Bay),333,Background
2018-04-02,26.4462,-81.9272,Mound House Dock (Estero Bay),667,Background
2018-04-02,26.43861,-81.84,Estero River; upstream,0,Background
2018-03-29,26.5348,-81.950017,Cape Coral Yacht Club Fishing Pier; S of (Caloosahatchee River),0,Background
2018-03-30,26.518147,-82.017814,Big Shell Island; SW of (Caloosahatchee River),20667,Low
2018-04-03,26.816167,-82.2805,Gasparilla Pass,18667,Low
2018-04-03,26.7117,-82.2583,Boca Grande Pass,15333,Low
2018-04-03,26.74065,-82.2145,Cayo Pelau; 2 mi S of (Charlotte Harbor),0,Background
2018-04-03,26.786021,-82.223062,Cayo Pelau; N of (Gasparilla Sound),0,Background
2018-04-03,26.782417,-82.209383,Bull Key; NW of (Bull Bay),0,Background
2018-04-03,26.798,-82.231,Sandfly Key; NE of (Gasparilla Sound),0,Background
2018-04-03,26.8164,-82.2526,Catfish Creek; mouth of (Gasparilla Sound),0,Background
2018-04-03,26.30481,-81.8362,Barefoot Beach State Preserve,7000,Very low
2018-04-03,26.25375,-81.82377,Vanderbilt Beach,15333,Low
2018-04-03,26.2073,-81.8169,Seagate,333,Background
2018-04-03,26.13163,-81.8063,Naples Pier,667,Background
2018-04-03,25.91165,-81.72805,South Marco Beach,21667,Low
2018-04-02,26.114683,-81.811733,Naples Beach; W of,53333,Low
2018-04-02,26.083083,-81.801917,Gordon Pass; S of,296060,Medium
2018-03-07,27.3316,-82.5779,Bay Dock (Sarasota Bay),2000,Very low
2018-03-07,27.33375,-82.57938,New Pass Dock (Sarasota Bay),500,Background
2018-03-07,26.5857,-82.0645,McCardle Island; SW of (Matlacha Pass),0,Background
2018-03-07,26.500278,-82.0475,Merwin Key; W of (San Carlos Bay),21667,Low
2018-03-07,26.7003,-82.1208,Jug Creek Point; E of (Matlacha Pass),1000,Very low
2018-03-07,26.5264,-82.1945,Alison Hagerup Beach Park,70667,Low
2018-03-07,26.4217,-82.0801,Tarpon Bay Road Beach,38667,Low
2018-03-07,26.45157,-82.01543,Lighthouse Beach,32667,Low
2018-03-07,26.45398,-81.95776,Lynn Hall Park,21667,Low
2018-03-07,26.3901,-81.8795,Lovers Key State Park,26667,Low
2018-03-07,26.33105,-81.84574,Bonita Beach Park,4667,Very low
2018-03-07,26.43494,-81.91138,Estero Island (Estero Bay),333,Background
2018-03-07,26.38591,-81.84631,Long Key (Estero Bay),101320,Medium
2018-03-07,26.35497,-81.84452,Bonita Beach (Estero Bay),61667,Low
2018-03-08,27.3316,-82.5779,Bay Dock (Sarasota Bay),0,Background
2018-03-08,27.33375,-82.57938,New Pass Dock (Sarasota Bay),0,Background
2018-03-08,27.6461,-82.7264,Fort Desoto Boat Ramp; W of (Bunces Pass),0,Background
2018-03-08,27.641401,-82.696809,Conception Key (Lower Tampa Bay),0,Background
2018-03-08,27.6504,-82.7443,Bunces Pass; mouth of,0,Background
2018-03-08,27.651968,-82.683922,North Skyway Rest Area; NW of (Lower Tampa Bay),0,Background
2018-03-08,26.30481,-81.8362,Barefoot Beach State Preserve,11333,Low
2018-03-08,26.25375,-81.82377,Vanderbilt Beach,8333,Very low
2018-03-08,25.91165,-81.72805,South Marco Beach,234000,Medium
2018-03-08,26.13163,-81.8063,Naples Pier,5333,Very low
2018-03-08,26.2073,-81.8169,Seagate,18333,Low
2018-03-07,26.92467,-82.36189,Englewood Beach,143619,Medium
2018-03-08,26.80562,-82.27415,Boca Grande Pier (Gasparilla Sound),111667,Medium
2018-03-10,26.6573,-81.8829,North Shore Park (Caloosahatchee River),0,Background
2018-03-10,26.64413,-82.05578,Sirenia Vista Canoe & Kayak Launch,0,Background
2018-03-08,26.689091,-81.790851,Orange Harbor Mobile Home and RV Park Boat Ramp (Orange River),0,Background
2018-02-19,27.37317,-82.63202,Longboat Key Beach,0,Background
2018-02-19,27.32682,-82.56244,Ringling Causeway,0,Background
2018-02-19,27.31561,-82.58171,North Lido Beach,0,Background
2018-02-19,27.311,-82.57718,Lido Beach Casino,0,Background
2018-02-19,27.29818,-82.56739,South Lido Park,0,Background
2018-02-19,27.26518,-82.5531,Siesta Beach,0,Background
2018-02-19,27.21843,-82.51711,Turtle Beach,0,Background
2018-02-19,27.12332,-82.47122,Nokomis Beach,0,Background
2018-02-19,27.11382,-82.46883,North Jetty,0,Background
2018-02-19,27.10034,-82.46089,Venice Beach,0,Background
2018-02-19,27.07827,-82.45286,Service Club Park,0,Background
2018-02-19,27.0735,-82.4515,Venice Fishing Pier; N of,0,Background
2018-02-19,27.06631,-82.448,Brohard Beach,0,Background
2018-02-19,27.05703,-82.4436,Caspersen Beach,0,Background
2018-02-19,27.01031,-82.41312,Manasota Beach,0,Background
2018-02-19,26.96324,-82.38565,Blind Pass Beach,0,Background
2018-02-18,26.75764,-82.262299,11th Street E; N of (Boca Grande Bayou),0,Background
2018-02-19,27.6133,-82.7391,Mullet Key; Gulf Pier,0,Background
2018-02-19,27.6055,-82.6508,Skyway Fishing Pier; South (Lower Tampa Bay),0,Background
2018-02-19,27.58512,-82.61482,Fletcher Point (Lower Tampa Bay),0,Background
2018-02-19,27.4959,-82.6522,Palma Sola Bay Bridge,0,Background
2018-02-19,27.44602,-82.68798,Longboat Pass Boat Ramp (Sarasota Bay),0,Background
2018-02-19,27.5385,-82.7402,Anna Maria Island Rod & Reel Pier (Lower Tampa Bay),0,Background
2018-02-19,26.538,-82.1257,Regla Island; W of (Pine Island Sound),0,Background
2018-02-19,26.5767,-82.1347,Cork Island; W of (Pine Island Sound),0,Background
2018-02-19,26.5902,-82.1561,Hemp Key; S of (Pine Island Sound),0,Background
2018-02-19,26.560417,-82.170817,Redfish Pass; 1.8 mi E of (Pine Island Sound),0,Background
2018-02-19,26.532117,-82.15667,Buck Key; 1.9 mi NE of (Pine Island Sound),0,Background
2018-02-19,26.59925,-82.18463,Captiva Rocks; SW of (Pine Island Sound),0,Background
2018-02-19,27.3316,-82.5779,Bay Dock (Sarasota Bay),0,Background
2018-02-19,27.33375,-82.57938,New Pass Dock (Sarasota Bay),0,Background
2018-02-20,27.3316,-82.5779,Bay Dock (Sarasota Bay),0,Background
2018-02-20,27.33375,-82.57938,New Pass Dock (Sarasota Bay),0,Background
2018-02-20,26.816167,-82.2805,Gasparilla Pass,0,Background
2018-02-20,26.7117,-82.2583,Boca Grande Pass,0,Background
2018-02-20,26.74065,-82.2145,Cayo Pelau; 2 mi S of (Charlotte Harbor),0,Background
2018-02-20,26.786021,-82.223062,Cayo Pelau; N of (Gasparilla Sound),0,Background
2018-01-22,27.37317,-82.63202,Longboat Key Beach,0,Background
2018-01-22,27.32682,-82.56244,Ringling Causeway,0,Background
2018-01-22,27.31561,-82.58171,North Lido Beach,0,Background
2018-01-22,27.311,-82.57718,Lido Beach Casino,0,Background
2018-01-22,27.29818,-82.56739,South Lido Park,0,Background
2018-01-22,27.26518,-82.5531,Siesta Beach,0,Background
2018-01-22,27.21843,-82.51711,Turtle Beach,0,Background
2018-01-22,27.12332,-82.47122,Nokomis Beach,0,Background
2018-01-22,27.11382,-82.46883,North Jetty,0,Background
2018-01-22,27.10034,-82.46089,Venice Beach,0,Background
2018-01-22,27.07827,-82.45286,Service Club Park,0,Background
2018-01-22,27.0735,-82.4515,Venice Fishing Pier; N of,0,Background
2018-01-22,27.06631,-82.448,Brohard Beach,0,Background
2018-01-22,27.05703,-82.4436,Caspersen Beach,0,Background
2018-01-22,27.01031,-82.41312,Manasota Beach,0,Background
2018-01-22,26.96324,-82.38565,Blind Pass Beach,0,Background
2018-01-22,26.538,-82.1257,Regla Island; W of (Pine Island Sound),13667,Low
2018-01-22,26.5767,-82.1347,Cork Island; W of (Pine Island Sound),15333,Low
2018-01-22,26.5902,-82.1561,Hemp Key; S of (Pine Island Sound),25000,Low
2018-01-22,26.560417,-82.170817,Redfish Pass; 1.8 mi E of (Pine Island Sound),69333,Low
2018-01-22,26.532117,-82.15667,Buck Key; 1.9 mi NE of (Pine Island Sound),40333,Low
2018-01-22,26.59925,-82.18463,Captiva Rocks; SW of (Pine Island Sound),55000,Low
2018-01-22,26.816167,-82.2805,Gasparilla Pass,0,Background
2018-01-22,26.7117,-82.2583,Boca Grande Pass,57778,Low
2018-01-22,26.74065,-82.2145,Cayo Pelau; 2 mi S of (Charlotte Harbor),27667,Low
2018-01-22,26.786021,-82.223062,Cayo Pelau; N of (Gasparilla Sound),8667,Very low
2018-01-22,26.782417,-82.209383,Bull Key; NW of (Bull Bay),24333,Low
2018-01-22,26.798,-82.231,Sandfly Key; NE of (Gasparilla Sound),0,Background
2018-01-22,26.8164,-82.2526,Catfish Creek; mouth of (Gasparilla Sound),0,Background
2018-01-22,27.6133,-82.7391,Mullet Key; Gulf Pier,0,Background
2018-01-22,27.6055,-82.6508,Skyway Fishing Pier; South (Lower Tampa Bay),0,Background
2018-01-22,27.58512,-82.61482,Fletcher Point (Lower Tampa Bay),0,Background
2018-01-22,27.4959,-82.6522,Palma Sola Bay Bridge,0,Background
2018-01-22,27.44602,-82.68798,Longboat Pass Boat Ramp (Sarasota Bay),0,Background
2018-01-22,27.5385,-82.7402,Anna Maria Island Rod & Reel Pier (Lower Tampa Bay),333,Background
2018-01-17,26.3392,-81.7877,Puopolo Lane; canal SE of (Imperial River),0,Background
2018-01-22,26.30481,-81.8362,Barefoot Beach State Preserve,0,Background
2018-01-22,26.25375,-81.82377,Vanderbilt Beach,0,Background
2018-01-22,26.2073,-81.8169,Seagate,0,Background
2018-01-22,26.13163,-81.8063,Naples Pier,0,Background
2018-01-22,25.91165,-81.72805,South Marco Beach,0,Background
2018-01-10,27.34661,-82.58386,Quick Point; N of (Sarasota Bay),0,Background
2018-01-10,27.34507,-82.56928,City Island; NE of (Sarasota Bay),0,Background
2018-01-10,27.33112,-82.58462,New Pass (Sarasota Bay),0,Background
2018-01-10,27.31723,-82.56625,Otter Key; E of (Sarasota Bay),0,Background
2018-01-10,27.31723,-82.56625,Otter Key; E of (Sarasota Bay),0,Background
2018-01-10,27.31366,-82.55307,Bird Key; E of (Sarasota Bay),0,Background
2018-01-10,27.35841,-82.56685,Indian Beach; SW of (Sarasota Bay),0,Background
2018-01-10,27.35354,-82.55847,Centennial Park; NW of (Sarasota Bay),0,Background
2018-01-10,27.34038,-82.55334,Causeway Park; N of (Sarasota Bay),0,Background
2018-01-10,27.32574,-82.55068,Island Park; SW of (Sarasota Bay),0,Background
2018-01-10,27.30577,-82.54215,Bay Island Park; NE of (Sarasota Bay),0,Background
2018-01-10,27.3859,-82.6217,Whale Key; SE of (Sarasota Bay),0,Background
2018-01-10,27.3724,-82.6094,Bishops Point; SE of (Sarasota Bay),0,Background
2018-04-26,25.91165,-81.72805,South Marco Beach,6333,Very low
2018-04-26,26.13163,-81.8063,Naples Pier,137643,Medium
2018-04-26,26.2073,-81.8169,Seagate,46333,Low
2018-04-26,26.25375,-81.82377,Vanderbilt Beach,11000,Low
2018-04-26,26.30481,-81.8362,Barefoot Beach State Preserve,4117733,High (closure)
2018-04-25,26.92467,-82.36189,Englewood Beach,0,Background
2018-04-25,26.80562,-82.27415,Boca Grande Pier (Gasparilla Sound),333,Background
2018-04-26,26.43494,-81.91138,Estero Island (Estero Bay),433750,Medium
2018-04-26,26.38591,-81.84631,Long Key (Estero Bay),2631417,High (closure)
2018-04-26,26.35497,-81.84452,Bonita Beach (Estero Bay),840511,Medium
2018-04-04,26.7003,-82.1208,Jug Creek Point; E of (Matlacha Pass),0,Background
2018-04-04,26.5264,-82.1945,Alison Hagerup Beach Park,0,Background
2018-04-04,26.4217,-82.0801,Tarpon Bay Road Beach,0,Background
2018-04-04,26.45157,-82.01543,Lighthouse Beach,2000,Very low
2018-04-04,26.45398,-81.95776,Lynn Hall Park,0,Background
2018-04-04,26.3901,-81.8795,Lovers Key State Park,270180,Medium
2018-04-04,26.33105,-81.84574,Bonita Beach Park,274740,Medium
2018-04-03,26.8264,-82.267,Coral Creek Fishing Pier; SE of (Gasparilla Sound),21333,Low
2018-04-03,26.7885,-82.2382,Sandfly Key; E of (Gasparilla Sound),0,Background
2018-04-04,27.4362,-82.69012,North Shore Road Pier,0,Background
2018-04-04,27.4003,-82.6515,Atlas Street; W of,0,Background
2018-04-04,27.3225,-82.5803,St. Armands Key; N of (Pansy Bayou),0,Background
2018-04-04,27.3324,-82.5462,Marina Jack (Sarasota Bay),0,Background
2018-04-05,25.91165,-81.72805,South Marco Beach,30667,Low
2018-04-05,26.13163,-81.8063,Naples Pier,667,Background
2018-04-05,26.2073,-81.8169,Seagate,7667,Very low
2018-04-05,26.25375,-81.82377,Vanderbilt Beach,189924,Medium
2018-04-05,26.30481,-81.8362,Barefoot Beach State Preserve,61333,Low
2018-04-05,26.92467,-82.36189,Englewood Beach,0,Background
2018-04-04,26.80562,-82.27415,Boca Grande Pier (Gasparilla Sound),0,Background
2018-04-03,26.509733,-82.05205,Givney Key; SE of (Matlacha Pass),0,Background
2018-04-04,26.45605,-82.110967,Wildilfe Drive; NE of (Sanibel Bayou),42667,Low
2018-03-12,27.6133,-82.7391,Mullet Key; Gulf Pier,0,Background
2018-03-12,27.6055,-82.6508,Skyway Fishing Pier; South (Lower Tampa Bay),0,Background
2018-03-12,27.58512,-82.61482,Fletcher Point (Lower Tampa Bay),0,Background
2018-03-12,27.4959,-82.6522,Palma Sola Bay Bridge,0,Background
2018-03-12,27.44602,-82.68798,Longboat Pass Boat Ramp (Sarasota Bay),0,Background
2018-03-12,27.5385,-82.7402,Anna Maria Island Rod & Reel Pier (Lower Tampa Bay),0,Background
2018-03-12,26.538,-82.1257,Regla Island; W of (Pine Island Sound),46333,Low
2018-03-12,26.53618,-82.14646,Regla Island; 1.4 mi W of (Pine Island Sound),32000,Low
2018-03-12,26.5767,-82.1347,Cork Island; W of (Pine Island Sound),7333,Very low
2018-03-12,26.5902,-82.1561,Hemp Key; S of (Pine Island Sound),61667,Low
2018-03-12,26.560417,-82.170817,Redfish Pass; 1.8 mi E of (Pine Island Sound),128333,Medium
2018-03-12,26.532117,-82.15667,Buck Key; 1.9 mi NE of (Pine Island Sound),58000,Low
2018-03-12,26.59925,-82.18463,Captiva Rocks; SW of (Pine Island Sound),21333,Low
2018-03-12,25.9733,-81.7275,Lee Avenue; docks NE of (Big Marco Pass),224160,Medium
2018-03-12,25.9124,-81.7171,Caxambas Park,944611,Medium
2018-03-12,25.9334,-81.6496,Goodland Bridge,3000,Very low
2018-03-12,25.9804,-81.7029,951 Boat Ramp (Big Marco Pass),7000,Very low
2018-03-12,26.30481,-81.8362,Barefoot Beach State Preserve,1805733,High (closure)
2018-03-12,26.25375,-81.82377,Vanderbilt Beach,23667,Low
2018-03-12,26.2073,-81.8169,Seagate,56667,Low
2018-03-12,26.13163,-81.8063,Naples Pier,133000,Medium
2018-03-12,25.91165,-81.72805,South Marco Beach,1058350,High (closure)
2018-03-09,27.3316,-82.5779,Bay Dock (Sarasota Bay),0,Background
2018-03-09,27.33375,-82.57938,New Pass Dock (Sarasota Bay),0,Background
2018-03-12,27.37317,-82.63202,Longboat Key Beach,0,Background
2018-03-12,27.32682,-82.56244,Ringling Causeway,0,Background
2018-03-12,27.31561,-82.58171,North Lido Beach,0,Background
2018-03-12,27.311,-82.57718,Lido Beach Casino,0,Background
2018-03-12,27.29818,-82.56739,South Lido Park,0,Background
2018-03-12,27.26518,-82.5531,Siesta Beach,0,Background
2018-03-12,27.21843,-82.51711,Turtle Beach,0,Background
2018-03-12,27.12332,-82.47122,Nokomis Beach,368000,Medium
2018-03-12,27.11382,-82.46883,North Jetty,450000,Medium
2018-03-12,27.10034,-82.46089,Venice Beach,668000,Medium
2018-03-12,27.0735,-82.4515,Venice Fishing Pier; N of,650000,Medium
2018-03-12,27.06631,-82.448,Brohard Beach,1706000,High (closure)
2018-03-12,27.05703,-82.4436,Caspersen Beach,2114000,High (closure)
2018-03-12,27.01031,-82.41312,Manasota Beach,1324000,High (closure)
2018-03-12,26.96324,-82.38565,Blind Pass Beach,2432000,High (closure)
2018-03-07,27.35334,-82.58079,Quick Point; N of (Sarasota Bay),1000,Very low
2018-03-07,27.33487,-82.56876,City Island; E of (Sarasota Bay),5000,Very low
2018-03-07,27.33487,-82.56876,City Island; E of (Sarasota Bay),1000,Very low
2018-03-07,27.32844,-82.58688,New Pass (Sarasota Bay),8000,Very low
2018-03-07,27.32557,-82.56706,Coon Key; NE of (Sarasota Bay),3000,Very low
2018-03-07,27.30747,-82.54939,Bay Island; N of (Sarasota Bay),140000,Medium
2018-03-07,27.36094,-82.57067,Indian Beach; SW of (Sarasota Bay),0,Background
2018-03-07,27.3477,-82.56161,Centennial Park; W of (Sarasota Bay),2000,Very low
2018-03-07,27.33708,-82.56055,Causeway Park; W of (Sarasota Bay),0,Background
2018-03-07,27.32566,-82.54475,Island Park; S of (Sarasota Bay),2000,Very low
2018-03-07,27.31328,-82.54573,Bay Island Park; N of (Sarasota Bay),199000,Medium
2018-03-07,27.3885,-82.605,Bishops Point; NE of (Sarasota Bay),0,Background
2018-03-07,27.3797,-82.5984,Bishops Point; E of (Sarasota Bay),0,Background
2018-03-07,27.3885,-82.58593,Mid-Sarasota Bay,0,Background
2018-03-07,27.37888,-82.57587,Stephens Point; W of (Sarasota Bay),0,Background
2018-03-07,27.37888,-82.57587,Stephens Point; W of (Sarasota Bay),0,Background
2018-03-07,27.3559,-82.5988,Longboat Key; E of (Sarasota Bay),0,Background
2018-03-07,27.29211,-82.54466,Edwards Island; S of (Roberts Bay; Sarasota),3000,Very low
2018-03-07,27.28039,-82.54666,Philippe Creek; N of (Roberts Bay; Sarasota),7000,Very low
2018-03-07,27.26596,-82.53956,Philippe Creek; S of (Roberts Bay; Sarasota),1000,Very low
2018-03-07,27.25855,-82.53496,Stickney Point Bridge; NW of (Roberts Bay; Sarasota),5000,Very low
2018-03-07,27.24531,-82.52124,Coral Cove; NW of (Little Sarasota Bay),0,Background
2018-03-07,27.23802,-82.5217,Coral Cove; SW of (Little Sarasota Bay),0,Background
2018-03-07,27.22078,-82.51332,Blind Pass; NE of (Little Sarasota Bay),0,Background
2018-04-04,26.404,-82.0584,Sanibel Island; 1.6 mi S of,42333,Low
2018-04-04,27.34649,-82.5894,Quick Point; NW of (Sarasota Bay),0,Background
2018-04-04,27.33876,-82.57272,City Island; N of (Sarasota Bay),0,Background
2018-04-04,27.33876,-82.57272,City Island; N of (Sarasota Bay),0,Background
2018-04-04,27.33883,-82.58128,Quick Point (Sarasota Bay),1000,Very low
2018-04-04,27.32571,-82.56717,Coon Key; NE of (Sarasota Bay),0,Background
2018-04-04,27.30447,-82.55538,Bay Island; N of (Sarasota Bay),0,Background
2018-04-04,27.36327,-82.56689,Indian Beach; SW of (Sarasota Bay),0,Background
2018-04-04,27.35431,-82.56184,Centennial Park; NW of (Sarasota Bay),0,Background
2018-04-04,27.34309,-82.55346,Causeway Park; N of (Sarasota Bay),0,Background
2018-04-04,27.31827,-82.54685,Island Park; S of (Sarasota Bay),0,Background
2018-04-04,27.30974,-82.54561,Bay Island Park; N of (Sarasota Bay),0,Background
2018-04-04,27.3758,-82.6133,Bishops Point (Sarasota Bay),0,Background
2018-04-04,27.372,-82.5875,Bishops Point; E of (Sarasota Bay),0,Background
2018-04-04,27.38045,-82.58578,Mid-Sarasota Bay,0,Background
2018-04-04,27.38017,-82.56623,Stephens Point; N of (Sarasota Bay),0,Background
2018-04-04,27.3565,-82.605,Longboat Key; E of (Sarasota Bay),0,Background
2018-04-04,27.29969,-82.54459,Edwards Island; NE of (Roberts Bay; Sarasota),0,Background
2018-04-04,27.27881,-82.54358,Philippe Creek; N of (Roberts Bay; Sarasota),0,Background
2018-04-04,27.26316,-82.53887,Philippe Creek; S of (Roberts Bay; Sarasota),0,Background
2018-04-04,27.25842,-82.53482,Stickney Point Bridge; NW of (Roberts Bay; Sarasota),0,Background
2018-04-04,27.24532,-82.52645,Coral Cove; NW of (Little Sarasota Bay),0,Background
2018-04-04,27.24532,-82.52645,Coral Cove; NW of (Little Sarasota Bay),0,Background
2018-04-04,27.23997,-82.5189,Coral Cove; S of (Little Sarasota Bay),0,Background
2018-04-04,27.22795,-82.51073,Blind Pass; NE of (Little Sarasota Bay),0,Background
2018-04-04,27.21258,-82.50245,Bird Keys; E of (Little Sarasota Bay),0,Background
2018-04-04,27.20034,-82.50261,Spanish Point; S of (Little Sarasota Bay),0,Background
2018-04-04,27.1822,-82.49668,Blackburn Point Road; N of (Little Sarasota Bay),0,Background
2018-04-04,27.17502,-82.49255,Dryman Bay (ICW),0,Background
2018-04-04,27.16579,-82.48645,Blackburn Bay; N of (ICW),0,Background
2018-04-04,27.15453,-82.48033,Mid-Blackburn Bay,0,Background
2018-04-04,27.1434,-82.47466,Southern Blackburn Bay,0,Background
2018-04-04,27.1434,-82.47466,Southern Blackburn Bay,0,Background
2018-04-04,27.12514,-82.46935,Albee Road Bridge; N of (Blackburn Bay),0,Background
2018-04-04,27.03971,-82.42901,Alligator Creek; S of (ICW),0,Background
2018-04-04,27.01921,-82.4161,Manasota Beach Bridge; NW of (ICW),0,Background
2018-04-04,27.00276,-82.40528,Forked Creek; NW of (Lemon Bay),0,Background
2018-04-04,26.97169,-82.38046,Leachs Key; E of (Lemon Bay),0,Background
2018-04-04,26.95687,-82.37155,Indian Mound Park; W of (Lemon Bay),0,Background
2018-04-04,26.95687,-82.37155,Indian Mound Park; W of (Lemon Bay),0,Background
2018-04-04,27.1214,-82.4635,Lyons Bay,0,Background
2018-04-04,27.1171,-82.4527,Dona Bay,0,Background
2018-04-04,27.1156,-82.4654,Turner Key; W of (Lyons Bay),0,Background
2018-04-04,27.1012,-82.4412,Venice Marina Park; W of (ICW),0,Background
2018-04-04,27.0654,-82.4324,Venice Municiple Airport; E of (ICW),0,Background
2018-04-06,25.898861,-81.639228,Coon Key; N of (Coon Key Pass),333,Background
2018-04-06,25.839534,-81.670283,Cape Romano; SE of,32333,Low
2018-04-09,27.6133,-82.7391,Mullet Key; Gulf Pier,0,Background
2018-04-09,27.6055,-82.6508,Skyway Fishing Pier; South (Lower Tampa Bay),0,Background
2018-04-09,27.58512,-82.61482,Fletcher Point (Lower Tampa Bay),0,Background
2018-04-09,27.4959,-82.6522,Palma Sola Bay Bridge,0,Background
2018-04-09,27.44602,-82.68798,Longboat Pass Boat Ramp (Sarasota Bay),0,Background
2018-04-09,27.5385,-82.7402,Anna Maria Island Rod & Reel Pier (Lower Tampa Bay),0,Background
2018-04-09,26.538,-82.1257,Regla Island; W of (Pine Island Sound),0,Background
2018-04-09,26.53618,-82.14646,Regla Island; 1.4 mi W of (Pine Island Sound),0,Background
2018-04-09,26.5767,-82.1347,Cork Island; W of (Pine Island Sound),0,Background
2018-04-09,26.5902,-82.1561,Hemp Key; S of (Pine Island Sound),0,Background
2018-04-09,26.560417,-82.170817,Redfish Pass; 1.8 mi E of (Pine Island Sound),0,Background
2018-04-09,26.532117,-82.15667,Buck Key; 1.9 mi NE of (Pine Island Sound),0,Background
2018-04-09,26.59925,-82.18463,Captiva Rocks; SW of (Pine Island Sound),0,Background
2018-02-20,26.782417,-82.209383,Bull Key; NW of (Bull Bay),0,Background
2018-02-20,26.798,-82.231,Sandfly Key; NE of (Gasparilla Sound),0,Background
2018-02-20,26.8164,-82.2526,Catfish Creek; mouth of (Gasparilla Sound),0,Background
2018-02-20,26.30481,-81.8362,Barefoot Beach State Preserve,0,Background
2018-02-20,26.25375,-81.82377,Vanderbilt Beach,0,Background
2018-02-20,26.2073,-81.8169,Seagate,0,Background
2018-02-20,26.13163,-81.8063,Naples Pier,0,Background
2018-02-20,25.91165,-81.72805,South Marco Beach,0,Background
2018-02-21,27.3316,-82.5779,Bay Dock (Sarasota Bay),0,Background
2018-02-21,27.33375,-82.57938,New Pass Dock (Sarasota Bay),0,Background
2018-02-21,26.5857,-82.0645,McCardle Island; SW of (Matlacha Pass),0,Background
2018-02-21,26.500278,-82.0475,Merwin Key; W of (San Carlos Bay),0,Background
2018-02-21,26.7003,-82.1208,Jug Creek Point; E of (Matlacha Pass),0,Background
2018-02-21,26.5264,-82.1945,Alison Hagerup Beach Park,0,Background
2018-02-21,26.4217,-82.0801,Tarpon Bay Road Beach,136000,Medium
2018-02-21,26.45157,-82.01543,Lighthouse Beach,568183,Medium
2018-02-21,26.45398,-81.95776,Lynn Hall Park,0,Background
2018-02-21,26.3901,-81.8795,Lovers Key State Park,282227,Medium
2018-02-21,26.33105,-81.84574,Bonita Beach Park,0,Background
2018-02-21,26.92467,-82.36189,Englewood Beach,0,Background
2018-02-21,26.80562,-82.27415,Boca Grande Pier (Gasparilla Sound),0,Background
2018-02-20,26.566667,-82.43,Captiva Pass; 13 mi W of,0,Background
2018-02-20,26.616667,-82.32,Captiva Pass; 6.1 mi W of,27333,Low
2018-02-20,26.546667,-82.415,Redfish Pass; 13 mi W of,1333,Very low
2018-02-22,27.3316,-82.5779,Bay Dock (Sarasota Bay),0,Background
2018-02-22,27.33375,-82.57938,New Pass Dock (Sarasota Bay),0,Background
2018-02-21,27.4362,-82.69012,North Shore Road Pier,0,Background
2018-02-21,27.4003,-82.6515,Atlas Street; W of,0,Background
2018-02-21,27.3225,-82.5803,St. Armands Key; N of (Pansy Bayou),0,Background
2018-02-21,27.3324,-82.5462,Marina Jack (Sarasota Bay),0,Background
2018-02-20,26.6573,-81.8829,North Shore Park (Caloosahatchee River),0,Background
2018-02-20,26.64413,-82.05578,Sirenia Vista Canoe & Kayak Launch,0,Background
2018-02-23,27.3316,-82.5779,Bay Dock (Sarasota Bay),0,Background
2018-02-23,27.33375,-82.57938,New Pass Dock (Sarasota Bay),0,Background
2018-01-10,27.3763,-82.5835,Mid-Sarasota Bay,0,Background
2018-01-10,27.38346,-82.57163,Stephens Point; NW of (Sarasota Bay),0,Background
2018-01-10,27.38346,-82.57163,Stephens Point; NW of (Sarasota Bay),0,Background
2018-01-10,27.3511,-82.5944,Longboat Key; E of (Sarasota Bay),0,Background
2018-01-10,27.2886,-82.55061,Edwards Island; SW (Roberts Bay; Sarasota),0,Background
2018-01-10,27.28192,-82.54274,Philippe Creek; N of (Roberts Bay; Sarasota),0,Background
2018-01-10,27.27008,-82.54462,Philippe Creek; N of (Roberts Bay; Sarasota),0,Background
2018-01-10,27.25993,-82.5361,Stickney Point Bridge; NE of (Roberts Bay; Sarasota),0,Background
2018-01-10,27.24446,-82.52525,Coral Cove; W of (Little Sarasota Bay),500,Background
2018-01-10,27.23946,-82.51646,Coral Cove; S of (Little Sarasota Bay),0,Background
2018-01-10,27.23144,-82.51299,Blind Pass; N of (Little Sarasota Bay),0,Background
2018-01-10,27.21773,-82.51221,Bird Keys; N of (Little Sarasota Bay),0,Background
2018-01-10,27.19807,-82.50269,Spanish Point; S of (Little Sarasota Bay),500,Background
2018-01-10,27.19807,-82.50269,Spanish Point; S of (Little Sarasota Bay),0,Background
2018-01-10,27.18361,-82.49477,Blackburn Point Road; N of (Little Sarasota Bay),0,Background
2018-01-10,27.1768,-82.49412,Dryman Bay,0,Background
2018-01-10,27.15984,-82.48401,Northern Blackburn Bay,0,Background
2018-01-10,27.1516,-82.47709,Mid-Blackburn Bay,0,Background
2018-01-10,27.14028,-82.47166,Southern Blackburn Bay,0,Background
2018-01-10,27.13132,-82.47028,Albee Road Bridge; N of (Blackburn Bay),0,Background
2018-01-10,27.1185,-82.4651,Lyons Bay,500,Background
2018-01-10,27.1239,-82.4495,Dona Bay,0,Background
2018-01-10,27.1139,-82.4649,Turner Key; S of (Venice Inlet),500,Background
2018-01-10,27.1056,-82.4481,Venice Marina Park; NW of (ICW),0,Background
2018-01-10,27.0856,-82.4307,Venice Municiple Airport; N of (ICW),0,Background
2018-01-10,27.0856,-82.4307,Venice Municiple Airport; N of (ICW),0,Background
2018-01-10,27.03605,-82.42658,Alligator Creek; S of (ICW),0,Background
2018-01-10,27.01744,-82.41473,Manasota Beach Bridge; NW of (ICW),500,Background
2018-01-10,27.00099,-82.40468,Forked Creek; NW of (Lemon Bay),1500,Very low
2018-01-10,26.98205,-82.38983,Leachs Key; N of (Lemon Bay),1500,Very low
2018-01-10,26.95606,-82.36756,Indian Mound Park; W of (Lemon Bay),10000,Low
2018-01-15,27.3316,-82.5779,Bay Dock (Sarasota Bay),0,Background
2018-01-15,27.33375,-82.57938,New Pass Dock (Sarasota Bay),0,Background
2018-01-16,27.3316,-82.5779,Bay Dock (Sarasota Bay),0,Background
2018-01-16,27.33375,-82.57938,New Pass Dock (Sarasota Bay),0,Background
2018-01-17,27.3316,-82.5779,Bay Dock (Sarasota Bay),0,Background
2018-01-17,27.33375,-82.57938,New Pass Dock (Sarasota Bay),0,Background
2018-01-18,27.3316,-82.5779,Bay Dock (Sarasota Bay),0,Background
2018-01-18,27.33375,-82.57938,New Pass Dock (Sarasota Bay),0,Background
2018-01-19,27.3316,-82.5779,Bay Dock (Sarasota Bay),0,Background
2018-01-19,27.33375,-82.57938,New Pass Dock (Sarasota Bay),0,Background
2018-01-22,27.3316,-82.5779,Bay Dock (Sarasota Bay),0,Background
2018-01-22,27.33375,-82.57938,New Pass Dock (Sarasota Bay),0,Background
2018-01-23,27.3316,-82.5779,Bay Dock (Sarasota Bay),0,Background
2018-01-23,27.33375,-82.57938,New Pass Dock (Sarasota Bay),0,Background
2018-01-23,26.8385,-82.2795,Garfield Court; SW of (Placida Harbor),0,Background
2018-01-23,26.9307,-82.3498,Tom Adams Bridge; S of (Lemon Bay),0,Background
2018-01-23,26.898667,-82.339333,Stump Pass (Lemon Bay),0,Background
2018-01-23,26.816167,-82.2805,Gasparilla Pass,0,Background
2018-01-23,26.96324,-82.3747,Blind Pass Beach; E of (Lemon Bay),0,Background
2018-01-23,26.5857,-82.0645,McCardle Island; SW of (Matlacha Pass),0,Background
2018-01-23,26.59893,-82.06238,McCardle Island; NW of (Matlacha Pass),0,Background
2018-01-23,26.500278,-82.0475,Merwin Key; W of (San Carlos Bay),0,Background
2018-01-23,26.7003,-82.1208,Jug Creek Point; E of (Matlacha Pass),30667,Low
2018-01-22,26.816167,-82.2805,Gasparilla Pass,0,Background
2018-01-22,26.798,-82.231,Sandfly Key; NE of (Gasparilla Sound),1000,Very low
2018-04-26,27.535183,-82.72825,Spring Avenue; NE of (Lower Tampa Bay),0,Background
2018-04-26,27.5405,-82.74165,Jacaranda Road; N (Passage Key Inlet),0,Background
2018-04-26,25.988809,-81.748449,Sea Oat Island; W of,29667,Low
2018-04-26,26.034938,-81.776966,Keewaydin Island; W of,6000,Very low
2018-04-26,26.402233,-81.960817,Fort Myers Beach Pier; 1.5 mi SW of,255667,Medium
2018-04-26,26.431967,-81.968883,Big Carlos Pass; 4.5 mi W of,133333,Medium
2018-04-20,27.3316,-82.5779,Bay Dock (Sarasota Bay),0,Background
2018-04-20,27.33375,-82.57938,New Pass Dock (Sarasota Bay),0,Background
2018-04-23,27.3316,-82.5779,Bay Dock (Sarasota Bay),0,Background
2018-04-23,27.33375,-82.57938,New Pass Dock (Sarasota Bay),0,Background
2018-04-25,27.3316,-82.5779,Bay Dock (Sarasota Bay),0,Background
2018-04-25,27.33375,-82.57938,New Pass Dock (Sarasota Bay),500,Background
2018-04-26,27.3316,-82.5779,Bay Dock (Sarasota Bay),0,Background
2018-04-26,27.33375,-82.57938,New Pass Dock (Sarasota Bay),0,Background
2018-04-27,27.3316,-82.5779,Bay Dock (Sarasota Bay),0,Background
2018-04-27,27.33375,-82.57938,New Pass Dock (Sarasota Bay),0,Background
2018-04-30,27.3316,-82.5779,Bay Dock (Sarasota Bay),0,Background
2018-04-30,27.33375,-82.57938,New Pass Dock (Sarasota Bay),0,Background
2018-04-30,27.37317,-82.63202,Longboat Key Beach,0,Background
2018-04-30,27.32682,-82.56244,Ringling Causeway,0,Background
2018-04-30,27.31561,-82.58171,North Lido Beach,0,Background
2018-04-30,27.311,-82.57718,Lido Beach Casino,0,Background
2018-04-30,27.29818,-82.56739,South Lido Park,0,Background
2018-04-30,27.26518,-82.5531,Siesta Beach,0,Background
2018-04-30,27.21843,-82.51711,Turtle Beach,0,Background
2018-04-30,27.12332,-82.47122,Nokomis Beach,0,Background
2018-04-30,27.11382,-82.46883,North Jetty,0,Background
2018-04-30,27.10034,-82.46089,Venice Beach,0,Background
2018-04-30,27.0735,-82.4515,Venice Fishing Pier; N of,0,Background
2018-04-30,27.06631,-82.448,Brohard Beach,0,Background
2018-04-30,27.05703,-82.4436,Caspersen Beach,0,Background
2018-04-30,27.01031,-82.41312,Manasota Beach,0,Background
2018-04-30,26.96324,-82.38565,Blind Pass Beach,0,Background
2018-04-30,27.6133,-82.7391,Mullet Key; Gulf Pier,0,Background
2018-04-30,27.6055,-82.6508,Skyway Fishing Pier; South (Lower Tampa Bay),0,Background
2018-04-30,27.58512,-82.61482,Fletcher Point (Lower Tampa Bay),0,Background
2018-04-30,27.4959,-82.6522,Palma Sola Bay Bridge,0,Background
2018-04-30,27.44602,-82.68798,Longboat Pass Boat Ramp (Sarasota Bay),0,Background
2018-04-30,27.5385,-82.7402,Anna Maria Island Rod & Reel Pier (Lower Tampa Bay),0,Background
2018-04-30,26.5857,-82.0645,McCardle Island; SW of (Matlacha Pass),0,Background
2018-04-30,26.500278,-82.0475,Merwin Key; W of (San Carlos Bay),12667,Low
2018-04-30,26.7003,-82.1208,Jug Creek Point; E of (Matlacha Pass),0,Background
2018-04-30,26.538,-82.1257,Regla Island; W of (Pine Island Sound),0,Background
2018-04-30,26.53618,-82.14646,Regla Island; 1.4 mi W of (Pine Island Sound),333,Background
2018-04-30,26.5767,-82.1347,Cork Island; W of (Pine Island Sound),1333,Very low
2018-04-30,26.5902,-82.1561,Hemp Key; S of (Pine Island Sound),2333,Very low
2018-04-30,26.560417,-82.170817,Redfish Pass; 1.8 mi E of (Pine Island Sound),1333,Very low
2018-04-30,26.532117,-82.15667,Buck Key; 1.9 mi NE of (Pine Island Sound),0,Background
2018-04-30,26.59925,-82.18463,Captiva Rocks; SW of (Pine Island Sound),333,Background
2018-04-30,26.30481,-81.8362,Barefoot Beach State Preserve,18000,Low
2018-04-30,26.25375,-81.82377,Vanderbilt Beach,700500,Medium
2018-04-30,26.2073,-81.8169,Seagate,8000,Very low
2018-04-30,26.13163,-81.8063,Naples Pier,3333,Very low
2018-04-30,25.91165,-81.72805,South Marco Beach,2000,Very low
2018-04-09,26.30481,-81.8362,Barefoot Beach State Preserve,5000,Very low
2018-04-09,26.25375,-81.82377,Vanderbilt Beach,5667,Very low
2018-04-09,26.2073,-81.8169,Seagate,2667,Very low
2018-04-09,26.13163,-81.8063,Naples Pier,3000,Very low
2018-04-09,25.91165,-81.72805,South Marco Beach,90333,Low
2018-04-09,25.9733,-81.7275,Lee Avenue; docks NE of (Big Marco Pass),10333,Low
2018-04-09,25.9124,-81.7171,Caxambas Park,32333,Low
2018-04-09,25.9334,-81.6496,Goodland Bridge,0,Background
2018-04-09,25.9804,-81.7029,951 Boat Ramp (Big Marco Pass),667,Background
2018-04-07,26.48015,-82.114583,York Island; SW of (San Carlos Bay),4667,Very low
2018-04-07,26.45995,-82.0328,Causeway Islands Park; SW of (San Carlos Bay),10333,Low
2018-04-07,26.515133,-82.049483,Givney Key; E of (Matlacha Pass),0,Background
2018-04-07,26.49255,-82.031067,Big Island; S of (Matlacha Pass),0,Background
2018-04-09,27.37317,-82.63202,Longboat Key Beach,0,Background
2018-04-09,27.32682,-82.56244,Ringling Causeway,0,Background
2018-04-09,27.31561,-82.58171,North Lido Beach,0,Background
2018-04-09,27.311,-82.57718,Lido Beach Casino,0,Background
2018-04-09,27.29818,-82.56739,South Lido Park,500,Background
2018-04-09,27.26518,-82.5531,Siesta Beach,0,Background
2018-04-09,27.21843,-82.51711,Turtle Beach,0,Background
2018-04-09,27.12332,-82.47122,Nokomis Beach,0,Background
2018-04-09,27.11382,-82.46883,North Jetty,0,Background
2018-04-09,27.10034,-82.46089,Venice Beach,0,Background
2018-04-09,27.0735,-82.4515,Venice Fishing Pier; N of,0,Background
2018-04-09,27.06631,-82.448,Brohard Beach,0,Background
2018-04-09,27.05703,-82.4436,Caspersen Beach,0,Background
2018-04-09,27.01031,-82.41312,Manasota Beach,0,Background
2018-04-09,26.96324,-82.38565,Blind Pass Beach,0,Background
2018-03-30,27.3316,-82.5779,Bay Dock (Sarasota Bay),0,Background
2018-03-30,27.33375,-82.57938,New Pass Dock (Sarasota Bay),0,Background
2018-04-02,27.3316,-82.5779,Bay Dock (Sarasota Bay),0,Background
2018-04-02,27.33375,-82.57938,New Pass Dock (Sarasota Bay),0,Background
2018-04-03,27.3316,-82.5779,Bay Dock (Sarasota Bay),0,Background
2018-04-03,27.33375,-82.57938,New Pass Dock (Sarasota Bay),0,Background
2018-04-04,27.3316,-82.5779,Bay Dock (Sarasota Bay),0,Background
2018-04-04,27.33375,-82.57938,New Pass Dock (Sarasota Bay),0,Background
2018-04-06,27.3316,-82.5779,Bay Dock (Sarasota Bay),0,Background
2018-04-06,27.33375,-82.57938,New Pass Dock (Sarasota Bay),0,Background
2018-04-09,27.3316,-82.5779,Bay Dock (Sarasota Bay),0,Background
2018-04-09,27.33375,-82.57938,New Pass Dock (Sarasota Bay),0,Background
2018-04-10,26.816167,-82.2805,Gasparilla Pass,12333,Low
2018-04-10,26.7117,-82.2583,Boca Grande Pass,3000,Very low
2018-04-10,26.74065,-82.2145,Cayo Pelau; 2 mi S of (Charlotte Harbor),0,Background
2018-04-10,26.786021,-82.223062,Cayo Pelau; N of (Gasparilla Sound),0,Background
2018-04-10,26.782417,-82.209383,Bull Key; NW of (Bull Bay),0,Background
2018-04-10,26.798,-82.231,Sandfly Key; NE of (Gasparilla Sound),6667,Very low
2018-04-10,26.8164,-82.2526,Catfish Creek; mouth of (Gasparilla Sound),0,Background
2018-04-09,27.5695,-82.7232,Passage Key; 1.5 mi NE of (Lower Tampa Bay),0,Background
2018-04-09,27.542567,-82.74025,Anna Maria Island Rod and Reel Pier; N of (Lower Tampa Bay),0,Background
2018-04-10,26.4028,-81.8931,Big Carlos Pass; NW of,92667,Low
2018-04-10,26.4028,-81.8931,Big Carlos Pass; NW of,80333,Low
2018-04-11,26.5264,-82.1945,Alison Hagerup Beach Park,0,Background
2018-04-11,26.4217,-82.0801,Tarpon Bay Road Beach,0,Background
2018-04-11,26.45157,-82.01543,Lighthouse Beach,67000,Low
2018-04-11,26.45398,-81.95776,Lynn Hall Park,0,Background
2018-04-11,26.3901,-81.8795,Lovers Key State Park,5000,Very low
2018-04-11,26.33105,-81.84574,Bonita Beach Park,14333,Low
2018-04-11,26.6678,-82.0946,Ben Coleman Keys (Matlacha Pass),0,Background
2018-04-11,26.5627,-82.0704,Deer Stop Keys; SW of (Matlacha Pass),0,Background
2018-04-11,26.625,-82.0742,Porpoise Point Island; SW of (Matlacha Pass),0,Background
2018-02-09,27.33375,-82.57938,New Pass Dock (Sarasota Bay),0,Background
2018-02-16,27.33375,-82.57938,New Pass Dock (Sarasota Bay),0,Background
2018-02-26,27.6133,-82.7391,Mullet Key; Gulf Pier,0,Background
2018-02-26,27.6055,-82.6508,Skyway Fishing Pier; South (Lower Tampa Bay),0,Background
2018-02-26,27.58512,-82.61482,Fletcher Point (Lower Tampa Bay),0,Background
2018-02-26,27.4959,-82.6522,Palma Sola Bay Bridge,0,Background
2018-02-26,27.44602,-82.68798,Longboat Pass Boat Ramp (Sarasota Bay),0,Background
2018-02-26,27.5385,-82.7402,Anna Maria Island Rod & Reel Pier (Lower Tampa Bay),0,Background
2018-02-26,26.538,-82.1257,Regla Island; W of (Pine Island Sound),45333,Low
2018-02-26,26.53618,-82.14646,Regla Island; 1.4 mi W of (Pine Island Sound),852373,Medium
2018-02-26,26.5767,-82.1347,Cork Island; W of (Pine Island Sound),198079,Medium
2018-02-26,26.5902,-82.1561,Hemp Key; S of (Pine Island Sound),261667,Medium
2018-02-26,26.560417,-82.170817,Redfish Pass; 1.8 mi E of (Pine Island Sound),881073,Medium
2018-02-26,26.532117,-82.15667,Buck Key; 1.9 mi NE of (Pine Island Sound),225333,Medium
2018-02-26,26.59925,-82.18463,Captiva Rocks; SW of (Pine Island Sound),78667,Low
2018-02-26,26.30481,-81.8362,Barefoot Beach State Preserve,1667,Very low
2018-02-26,26.25375,-81.82377,Vanderbilt Beach,333,Background
2018-02-26,26.2073,-81.8169,Seagate,0,Background
2018-02-26,26.13163,-81.8063,Naples Pier,0,Background
2018-02-26,25.91165,-81.72805,South Marco Beach,667,Background
2018-02-26,25.9733,-81.7275,Lee Avenue; docks NE of (Big Marco Pass),0,Background
2018-02-26,25.9124,-81.7171,Caxambas Park,0,Background
2018-02-26,25.9334,-81.6496,Goodland Bridge,0,Background
2018-02-26,25.9804,-81.7029,951 Boat Ramp (Big Marco Pass),0,Background
2018-02-24,26.592746,-82.126339,Pine Island Commercial Marina Boat Ramp (Pine Island Sound),0,Background
2018-02-20,26.51203,-82.189636,Captiva Drive; E of (Pine Island Sound),7667,Very low
2018-02-18,27.039164,-82.274084,Ideal Place; canal W of (Myakka River),0,Background
2018-02-18,26.64038,-82.0548,Southwest 38th Place; canal SW of (Matlacha Pass),0,Background
2018-01-11,25.9117,-81.8,Marco Island; 4.4 mi W of,1667,Very low
2018-03-07,27.20581,-82.50501,Bird Keys; S of (Little Sarasota Bay),1000,Very low
2018-03-07,27.20371,-82.50126,Spanish Point; W of (Little Sarasota Bay),1000,Very low
2018-03-07,27.19021,-82.49503,Blackburn Point Road; N of (Little Sarasota Bay),47000,Low
2018-03-07,27.17215,-82.49066,Dryman Bay,69000,Low
2018-03-07,27.15797,-82.48304,Northern Blackburn Bay,202000,Medium
2018-03-07,27.14596,-82.47679,Mid-Blackburn Bay,527000,Medium
2018-03-07,27.13646,-82.47014,Blackburn Bay; S of (ICW),486000,Medium
2018-03-07,27.12844,-82.46978,Albee Road Bridge; N of (Blackburn Bay),454000,Medium
2018-03-07,27.12844,-82.46978,Albee Road Bridge; N of (Blackburn Bay),469000,Medium
2018-03-07,27.1206,-82.462,Lyons Bay,462000,Medium
2018-03-07,27.118,-82.4545,Dona Bay,141000,Medium
2018-03-07,27.1162,-82.4658,Turner Key; W of (Lyons Bay; ICW),210000,Medium
2018-03-07,27.1056,-82.4468,Venice Marina Park; NW of (ICW),156000,Medium
2018-03-07,27.0786,-82.4303,Venice Municiple Airport; E of (ICW),2000,Very low
2018-03-07,27.0318,-82.42447,Alligator Creek; S of (ICW),0,Background
2018-03-07,27.00891,-82.40874,Manasota Beach Bridge; S of (ICW),0,Background
2018-03-07,26.98895,-82.39544,Forked Creek; SW of (Lemon Bay),0,Background
2018-03-07,26.97873,-82.39014,Leachs Key; N of (Lemon Bay),0,Background
2018-03-07,26.94689,-82.36759,Indian Mound Park; SW of (Lemon Bay),1000,Very low
2018-03-07,26.97873,-82.39014,Leachs Key; N of (Lemon Bay),0,Background
2018-03-13,26.816167,-82.2805,Gasparilla Pass,537852,Medium
2018-03-13,26.7117,-82.2583,Boca Grande Pass,165300,Medium
2018-03-13,26.74065,-82.2145,Cayo Pelau; 2 mi S of (Charlotte Harbor),3667,Very low
2018-03-13,26.786021,-82.223062,Cayo Pelau; N of (Gasparilla Sound),667,Background
2018-03-13,26.782417,-82.209383,Bull Key; NW of (Bull Bay),3889,Very low
2018-03-13,26.798,-82.231,Sandfly Key; NE of (Gasparilla Sound),7333,Very low
2018-03-13,26.92467,-82.36189,Englewood Beach,2437890,High (closure)
2018-03-13,26.80562,-82.27415,Boca Grande Pier (Gasparilla Sound),110606,Medium
2018-03-12,26.6678,-82.0946,Ben Coleman Keys (Matlacha Pass),225036,Medium
2018-03-12,26.5627,-82.0704,Deer Stop Keys; SW of (Matlacha Pass),0,Background
2018-01-02,27.6133,-82.7391,Mullet Key; Gulf Pier,1000,Very low
2018-01-02,27.6055,-82.6508,Skyway Fishing Pier; South (Lower Tampa Bay),0,Background
2018-01-02,27.58512,-82.61482,Fletcher Point (Lower Tampa Bay),0,Background
2018-01-02,27.4959,-82.6522,Palma Sola Bay Bridge,0,Background
2018-01-02,27.44602,-82.68798,Longboat Pass Boat Ramp (Sarasota Bay),0,Background
2018-01-02,27.5385,-82.7402,Anna Maria Island Rod & Reel Pier (Lower Tampa Bay),0,Background
2018-05-31,25.84311,-81.667583,Cape Romano; E of (Gullivan Bay),0,Background
2018-05-31,25.869384,-81.697471,Cape Romano; W of,0,Background
2018-04-11,27.4362,-82.69012,North Shore Road Pier,0,Background
2018-04-11,27.4003,-82.6515,Atlas Street; W of,0,Background
2018-04-11,27.3225,-82.5803,St. Armands Key; N of (Pansy Bayou),0,Background
2018-04-11,27.3324,-82.5462,Marina Jack (Sarasota Bay),0,Background
2018-04-08,26.407833,-81.967744,Big Carlos Pass; 5.1 mi W of,126000,Medium
2018-04-08,26.418517,-81.958983,Big Carlos Pass; 4.7 mi W of,244667,Medium
2018-04-11,27.3316,-82.5779,Bay Dock (Sarasota Bay),0,Background
2018-04-11,27.33375,-82.57938,New Pass Dock (Sarasota Bay),0,Background
2018-04-12,27.3316,-82.5779,Bay Dock (Sarasota Bay),0,Background
2018-04-12,27.33375,-82.57938,New Pass Dock (Sarasota Bay),0,Background
2018-04-12,25.91165,-81.72805,South Marco Beach,13333,Low
2018-04-12,26.13163,-81.8063,Naples Pier,1333,Very low
2018-04-12,26.2073,-81.8169,Seagate,2333,Very low
2018-04-12,26.25375,-81.82377,Vanderbilt Beach,3333,Very low
2018-04-12,26.30481,-81.8362,Barefoot Beach State Preserve,7667,Very low
2018-04-12,26.48355,-82.012,Sanibel Causeway; SE end of,6333,Very low
2018-04-12,26.4848,-82.0019,Punta Rassa Road; SE of,3000,Very low
2018-04-11,26.785,-82.238,Sandfly Key; E of (Gasparilla Sound),7000,Very low
2018-04-11,26.826,-82.267,Pier Road; SE of (Gasparilla Sound),7667,Very low
2018-04-02,26.5187,-82.1894,Gore Lane; SE of (Pine Island Sound),333,Background
2018-04-04,26.510888,-82.18941,Tween Waters Island Resort Boat Ramp (Pine Island Sound),0,Background
2018-04-05,26.4816,-82.1801,Mangrove Lane; N of (Pine Island Sound),333,Background
2018-04-09,26.694911,-81.829833,Clubhouse Road Boat Ramp (Caloosahatchee River),0,Background
2018-04-09,26.70471,-82.159264,Jug Creek Boat Ramp,0,Background
2018-04-11,26.92467,-82.36189,Englewood Beach,333,Background
2018-04-11,26.80562,-82.27415,Boca Grande Pier (Gasparilla Sound),3667,Very low
2018-04-13,27.3316,-82.5779,Bay Dock (Sarasota Bay),0,Background
2018-04-13,27.33375,-82.57938,New Pass Dock (Sarasota Bay),0,Background
2018-04-16,27.3316,-82.5779,Bay Dock (Sarasota Bay),0,Background
2018-04-16,27.33375,-82.57938,New Pass Dock (Sarasota Bay),0,Background
2018-04-16,27.37317,-82.63202,Longboat Key Beach,0,Background
2018-04-16,27.32682,-82.56244,Ringling Causeway,0,Background
2018-04-16,27.31561,-82.58171,North Lido Beach,0,Background
2018-04-16,27.311,-82.57718,Lido Beach Casino,0,Background
2018-04-16,27.29818,-82.56739,South Lido Park,0,Background
2018-04-16,27.26518,-82.5531,Siesta Beach,0,Background
2018-04-16,27.21843,-82.51711,Turtle Beach,0,Background
2018-01-24,27.3316,-82.5779,Bay Dock (Sarasota Bay),0,Background
2018-01-24,27.33375,-82.57938,New Pass Dock (Sarasota Bay),0,Background
2018-01-25,27.3316,-82.5779,Bay Dock (Sarasota Bay),0,Background
2018-01-25,27.33375,-82.57938,New Pass Dock (Sarasota Bay),0,Background
2018-01-24,26.5264,-82.1945,Alison Hagerup Beach Park,30667,Low
2018-01-24,26.4217,-82.0801,Tarpon Bay Road Beach,0,Background
2018-01-24,26.45157,-82.01543,Lighthouse Beach,1333,Very low
2018-01-24,26.45398,-81.95776,Lynn Hall Park,0,Background
2018-01-24,26.3901,-81.8795,Lovers Key State Park,0,Background
2018-01-24,26.33105,-81.84574,Bonita Beach Park,0,Background
2018-01-23,27.4362,-82.69012,North Shore Road Pier,0,Background
2018-01-23,27.4003,-82.6515,Atlas Street; W of,0,Background
2018-01-23,27.3225,-82.5803,St. Armands Key; N of (Pansy Bayou),0,Background
2018-01-23,27.3324,-82.5462,Marina Jack (Sarasota Bay),0,Background
2018-01-26,27.3316,-82.5779,Bay Dock (Sarasota Bay),0,Background
2018-01-26,27.33375,-82.57938,New Pass Dock (Sarasota Bay),0,Background
2018-01-25,26.30481,-81.8362,Barefoot Beach State Preserve,0,Background
2018-01-25,26.25375,-81.82377,Vanderbilt Beach,0,Background
2018-01-25,26.2073,-81.8169,Seagate,0,Background
2018-01-25,26.13163,-81.8063,Naples Pier,0,Background
2018-01-25,25.91165,-81.72805,South Marco Beach,0,Background
2018-01-24,26.764683,-82.153667,Gallagher Keys; 1.2 mi E of (Charlotte Harbor),14667,Low
2018-01-24,26.659867,-82.461633,Cayo Costa; 13 mi W of,1333,Very low
2018-01-24,26.679967,-82.406217,Cayo Costa; 8.9 mi W of,2000,Very low
2018-01-24,26.667017,-82.457733,Cayo Costa; 12 mi W of,333,Background
2018-01-26,26.92467,-82.36189,Englewood Beach,0,Background
2018-01-23,26.80562,-82.27415,Boca Grande Pier (Gasparilla Sound),0,Background
2018-01-29,27.37317,-82.63202,Longboat Key Beach,0,Background
2018-01-29,27.32682,-82.56244,Ringling Causeway,0,Background
2018-01-29,27.31561,-82.58171,North Lido Beach,0,Background
2018-01-29,27.311,-82.57718,Lido Beach Casino,0,Background
2018-01-29,27.29818,-82.56739,South Lido Park,0,Background
2018-01-29,27.26518,-82.5531,Siesta Beach,0,Background
2018-01-29,27.21843,-82.51711,Turtle Beach,500,Background
2018-01-29,27.12332,-82.47122,Nokomis Beach,0,Background
2018-01-29,27.11382,-82.46883,North Jetty,0,Background
2018-01-29,27.10034,-82.46089,Venice Beach,0,Background
2018-01-29,27.07827,-82.45286,Service Club Park,0,Background
2018-01-29,27.0735,-82.4515,Venice Fishing Pier; N of,0,Background
2018-01-29,27.06631,-82.448,Brohard Beach,0,Background
2018-01-29,27.05703,-82.4436,Caspersen Beach,0,Background
2018-01-29,27.01031,-82.41312,Manasota Beach,0,Background
2018-01-29,26.96324,-82.38565,Blind Pass Beach,0,Background
2018-01-16,26.516375,-81.995752,Fair Haven Road; canal N of (Iona Cove),0,Background
2018-01-17,26.962486,-82.232686,Gallagher Boulevard; N of (Myakka River),0,Background
2018-01-23,26.654355,-81.855058,Oasis Way; N of (Caloosahatchee River),0,Background
2018-04-29,26.1628,-81.8111,Banyan Boulevard; W of,840560,Medium
2018-04-29,26.6573,-81.8829,North Shore Park (Caloosahatchee River),0,Background
2018-04-29,26.64413,-82.05578,Sirenia Vista Canoe & Kayak Launch,0,Background
2018-04-30,26.667883,-82.4542,Cayo Costa; 12 mi W of,0,Background
2018-04-30,26.701067,-82.346567,Boca Grande Pass; 5.5 mi W of,0,Background
2018-04-30,26.644083,-82.542533,Cayo Costa; 18 mi W of,0,Background
2018-05-01,27.3316,-82.5779,Bay Dock (Sarasota Bay),0,Background
2018-05-01,27.33375,-82.57938,New Pass Dock (Sarasota Bay),0,Background
2018-05-01,26.8385,-82.2795,Garfield Court; SW of (Placida Harbor),0,Background
2018-05-01,26.9307,-82.3498,Tom Adams Bridge; S of (Lemon Bay),0,Background
2018-05-01,26.898667,-82.339333,Stump Pass (Lemon Bay),0,Background
2018-05-01,26.96324,-82.3747,Blind Pass Beach; E of (Lemon Bay),0,Background
2018-05-01,26.816167,-82.2805,Gasparilla Pass,0,Background
2018-05-01,26.7117,-82.2583,Boca Grande Pass,0,Background
2018-05-01,26.74065,-82.2145,Cayo Pelau; 2 mi S of (Charlotte Harbor),0,Background
2018-05-01,26.786021,-82.223062,Cayo Pelau; N of (Gasparilla Sound),0,Background
2018-05-01,26.782417,-82.209383,Bull Key; NW of (Bull Bay),4889,Very low
2018-05-01,26.798,-82.231,Sandfly Key; NE of (Gasparilla Sound),0,Background
2018-05-01,26.8164,-82.2526,Catfish Creek; mouth of (Gasparilla Sound),0,Background
2018-05-02,26.5264,-82.1945,Alison Hagerup Beach Park,0,Background
2018-05-02,26.4217,-82.0801,Tarpon Bay Road Beach,1667,Very low
2018-05-02,26.45157,-82.01543,Lighthouse Beach,20667,Low
2018-05-02,26.45398,-81.95776,Lynn Hall Park,59333,Low
2018-05-02,26.3901,-81.8795,Lovers Key State Park,301667,Medium
2018-05-02,26.33105,-81.84574,Bonita Beach Park,1667,Very low
2018-05-02,26.92467,-82.36189,Englewood Beach,0,Background
2018-05-02,26.80562,-82.27415,Boca Grande Pier (Gasparilla Sound),0,Background
2018-04-30,26.8264,-82.267,Pier Road; E of (Gasparilla Sound),0,Background
2018-04-30,26.7885,-82.2382,Sandfly Key; E of (Gasparilla Sound),0,Background
2018-05-03,27.3316,-82.5779,Bay Dock (Sarasota Bay),0,Background
2018-05-03,27.33375,-82.57938,New Pass Dock (Sarasota Bay),0,Background
2018-05-03,26.30481,-81.8362,Barefoot Beach State Preserve,59667,Low
2018-05-03,26.25375,-81.82377,Vanderbilt Beach,0,Background
2018-05-03,26.2073,-81.8169,Seagate,0,Background
2018-05-03,26.13163,-81.8063,Naples Pier,0,Background
2018-05-03,25.91165,-81.72805,South Marco Beach,333,Background
2018-04-29,26.52745,-82.009083,Big Shell Island; N of (Caloosahatchee River),667,Background
2018-04-30,26.471267,-82.075367,Tarpon Bay; N of (San Carlos Bay),2333,Very low
2018-05-02,26.502483,-82.047317,Merwin Key; W of (San Carlos Bay),3333,Very low
2018-05-03,26.48355,-82.012,Sanibel Causeway; SE end of,11333,Low
2018-05-03,26.4848,-82.0019,Punta Rassa Road; SE of,2667,Very low
2018-02-26,26.6211,-82.2212,Pejuan Cove (Pine Island Sound),333,Background
2018-02-27,26.816167,-82.2805,Gasparilla Pass,30667,Low
2018-02-27,26.7117,-82.2583,Boca Grande Pass,434920,Medium
2018-02-27,26.74065,-82.2145,Cayo Pelau; 2 mi S of (Charlotte Harbor),122896,Medium
2018-02-27,26.786021,-82.223062,Cayo Pelau; N of (Gasparilla Sound),0,Background
2018-02-27,26.782417,-82.209383,Bull Key; NW of (Bull Bay),0,Background
2018-02-27,26.798,-82.231,Sandfly Key; NE of (Gasparilla Sound),0,Background
2018-02-27,26.8164,-82.2526,Catfish Creek; mouth of (Gasparilla Sound),1333,Very low
2018-02-28,26.8385,-82.2795,Garfield Court; SW of (Placida Harbor),1333,Very low
2018-02-28,26.9307,-82.3498,Tom Adams Bridge; S of (Lemon Bay),333,Background
2018-02-28,26.898667,-82.339333,Stump Pass (Lemon Bay),53000,Low
2018-02-28,26.816167,-82.2805,Gasparilla Pass,66333,Low
2018-02-28,26.96324,-82.3747,Blind Pass Beach; E of (Lemon Bay),0,Background
2018-02-28,26.5264,-82.1945,Alison Hagerup Beach Park,47667,Low
2018-02-28,26.4217,-82.0801,Tarpon Bay Road Beach,1000,Very low
2018-02-28,26.45157,-82.01543,Lighthouse Beach,116667,Medium
2018-02-28,26.45398,-81.95776,Lynn Hall Park,44333,Low
2018-02-28,26.3901,-81.8795,Lovers Key State Park,64000,Low
2018-02-28,26.33105,-81.84574,Bonita Beach Park,22667,Low
2018-03-12,26.625,-82.0742,Porpoise Point Island; SW of (Matlacha Pass),333,Background
2018-03-11,25.9117,-81.8,Marco Island; 4.4 mi W of,354312,Medium
2018-03-14,25.844,-81.678,Cape Romano; S of (Gullivan Bay),0,Background
2018-03-14,25.8815,-81.632167,Coon Key; S of (Gullivan Bay),69333,Low
2018-04-16,27.12332,-82.47122,Nokomis Beach,0,Background
2018-04-16,27.11382,-82.46883,North Jetty,0,Background
2018-04-16,27.10034,-82.46089,Venice Beach,0,Background
2018-04-16,27.0735,-82.4515,Venice Fishing Pier; N of,0,Background
2018-04-16,27.06631,-82.448,Brohard Beach,0,Background
2018-04-16,27.05703,-82.4436,Caspersen Beach,0,Background
2018-04-16,27.01031,-82.41312,Manasota Beach,0,Background
2018-04-16,26.96324,-82.38565,Blind Pass Beach,0,Background
2018-04-16,27.6133,-82.7391,Mullet Key; Gulf Pier,0,Background
2018-04-16,27.6055,-82.6508,Skyway Fishing Pier; South (Lower Tampa Bay),0,Background
2018-04-16,27.58512,-82.61482,Fletcher Point (Lower Tampa Bay),0,Background
2018-04-16,27.4959,-82.6522,Palma Sola Bay Bridge,0,Background
2018-04-16,27.44602,-82.68798,Longboat Pass Boat Ramp (Sarasota Bay),333,Background
2018-04-16,27.5385,-82.7402,Anna Maria Island Rod & Reel Pier (Lower Tampa Bay),0,Background
2018-04-16,26.30481,-81.8362,Barefoot Beach State Preserve,7000,Very low
2018-04-16,26.25375,-81.82377,Vanderbilt Beach,333,Background
2018-04-16,26.2073,-81.8169,Seagate,333,Background
2018-04-16,26.13163,-81.8063,Naples Pier,0,Background
2018-04-16,25.91165,-81.72805,South Marco Beach,1333,Very low
2018-04-15,26.6573,-81.8829,North Shore Park (Caloosahatchee River),0,Background
2018-04-15,26.64413,-82.05578,Sirenia Vista Canoe & Kayak Launch,0,Background
2018-04-17,27.3316,-82.5779,Bay Dock (Sarasota Bay),0,Background
2018-04-17,27.33375,-82.57938,New Pass Dock (Sarasota Bay),0,Background
2018-04-14,26.455917,-82.035033,Bay Shore Drive; NE of (San Carlos Bay),489333,Medium
2018-04-17,26.538,-82.1257,Regla Island; W of (Pine Island Sound),0,Background
2018-04-17,26.5767,-82.1347,Cork Island; W of (Pine Island Sound),0,Background
2018-04-17,26.5902,-82.1561,Hemp Key; S of (Pine Island Sound),0,Background
2018-04-17,26.560417,-82.170817,Redfish Pass; 1.8 mi E of (Pine Island Sound),333,Background
2018-04-17,26.532117,-82.15667,Buck Key; 1.9 mi NE of (Pine Island Sound),0,Background
2018-04-17,26.59925,-82.18463,Captiva Rocks; SW of (Pine Island Sound),0,Background
2018-04-17,27.4362,-82.69012,North Shore Road Pier,0,Background
2018-04-17,27.4003,-82.6515,Atlas Street; W of,0,Background
2018-04-17,27.3225,-82.5803,St. Armands Key; N of (Pansy Bayou),0,Background
2018-04-17,27.3324,-82.5462,Marina Jack (Sarasota Bay),0,Background
2018-04-18,27.3316,-82.5779,Bay Dock (Sarasota Bay),0,Background
2018-04-18,27.33375,-82.57938,New Pass Dock (Sarasota Bay),0,Background
2018-04-18,26.911667,-82.158833,Hog Island; S of (Charlotte Harbor),25000,Low
2018-04-18,26.9441,-82.1947,GDC Cove; mouth of (Myakka River),0,Background
2018-04-18,26.5264,-82.1945,Alison Hagerup Beach Park,333,Background
2018-04-18,26.4217,-82.0801,Tarpon Bay Road Beach,1000,Very low
2018-04-18,26.45157,-82.01543,Lighthouse Beach,41667,Low
2018-04-18,26.45398,-81.95776,Lynn Hall Park,285389,Medium
2018-05-30,26.92467,-82.36189,Englewood Beach,333,Background
2018-05-30,26.80562,-82.27415,Boca Grande Pier (Gasparilla Sound),0,Background
2018-06-04,27.6133,-82.7391,Mullet Key; Gulf Pier,0,Background
2018-06-04,27.6055,-82.6508,Skyway Fishing Pier; South (Lower Tampa Bay),0,Background
2018-06-04,27.58512,-82.61482,Fletcher Point (Lower Tampa Bay),0,Background
2018-06-04,27.4959,-82.6522,Palma Sola Bay Bridge,667,Background
2018-06-04,27.44602,-82.68798,Longboat Pass Boat Ramp (Sarasota Bay),12667,Low
2018-06-04,27.5385,-82.7402,Anna Maria Island Rod & Reel Pier (Lower Tampa Bay),30667,Low
2018-06-04,26.816167,-82.2805,Gasparilla Pass,646017,Medium
2018-06-04,26.7117,-82.2583,Boca Grande Pass,84000,Low
2018-06-04,26.74065,-82.2145,Cayo Pelau; 2 mi S of (Charlotte Harbor),204000,Medium
2018-06-04,26.786021,-82.223062,Cayo Pelau; N of (Gasparilla Sound),0,Background
2018-06-04,26.782417,-82.209383,Bull Key; NW of (Bull Bay),1333,Very low
2018-06-04,26.798,-82.231,Sandfly Key; NE of (Gasparilla Sound),12333,Low
2018-06-04,26.8164,-82.2526,Catfish Creek; mouth of (Gasparilla Sound),643422,Medium
2018-06-04,26.538,-82.1257,Regla Island; W of (Pine Island Sound),0,Background
2018-06-04,26.5767,-82.1347,Cork Island; W of (Pine Island Sound),333,Background
2018-06-04,26.5902,-82.1561,Hemp Key; S of (Pine Island Sound),667,Background
2018-06-04,26.560417,-82.170817,Redfish Pass; 1.8 mi E of (Pine Island Sound),333,Background
2018-06-04,26.532117,-82.15667,Buck Key; 1.9 mi NE of (Pine Island Sound),0,Background
2018-06-04,26.59925,-82.18463,Captiva Rocks; SW of (Pine Island Sound),0,Background
2018-06-04,26.30481,-81.8362,Barefoot Beach State Preserve,0,Background
2018-06-04,26.25375,-81.82377,Vanderbilt Beach,0,Background
2018-06-04,26.2073,-81.8169,Seagate,0,Background
2018-06-04,26.13163,-81.8063,Naples Pier,0,Background
2018-06-04,25.91165,-81.72805,South Marco Beach,0,Background
2018-06-04,25.9733,-81.7275,Lee Avenue; docks NE of (Big Marco Pass),0,Background
2018-06-04,25.9124,-81.7171,Caxambas Park,0,Background
2018-06-04,25.9334,-81.6496,Goodland Bridge,0,Background
2018-06-04,25.9804,-81.7029,951 Boat Ramp (Big Marco Pass),333,Background
2018-06-03,26.27536,-81.829485,Delnor Wiggens Pass State Park; W of,0,Background
2018-06-04,27.37317,-82.63202,Longboat Key Beach,9000,Very low
2018-06-04,27.32682,-82.56244,Ringling Causeway,43000,Low
2018-06-04,27.31561,-82.58171,North Lido Beach,58000,Low
2018-06-04,27.311,-82.57718,Lido Beach Casino,103000,Medium
2018-06-04,27.29818,-82.56739,South Lido Park,112000,Medium
2018-06-04,27.26518,-82.5531,Siesta Beach,66000,Low
2018-06-04,27.21843,-82.51711,Turtle Beach,39000,Low
2018-06-04,27.12332,-82.47122,Nokomis Beach,202000,Medium
2018-06-04,27.11382,-82.46883,North Jetty,236000,Medium
2018-06-04,27.10034,-82.46089,Venice Beach,310000,Medium
2018-06-04,27.07827,-82.45286,Service Club Park,146000,Medium
2018-06-04,27.0735,-82.4515,Venice Fishing Pier; N of,182000,Medium
2018-06-04,27.06631,-82.448,Brohard Beach,270000,Medium
2018-06-04,27.05703,-82.4436,Caspersen Beach,341000,Medium
2018-06-04,27.01031,-82.41312,Manasota Beach,65000,Low
2018-06-04,26.96324,-82.38565,Blind Pass Beach,6000,Very low
2018-06-02,26.397833,-81.967467,Big Carlos Pass; 5.0 mi W of,0,Background
2018-06-02,26.438767,-81.965233,Lynn Hall Beach Park; 1.1 mi SW of,0,Background
2018-01-29,27.6133,-82.7391,Mullet Key; Gulf Pier,0,Background
2018-01-29,27.6055,-82.6508,Skyway Fishing Pier; South (Lower Tampa Bay),0,Background
2018-01-29,27.58512,-82.61482,Fletcher Point (Lower Tampa Bay),0,Background
2018-01-29,27.4959,-82.6522,Palma Sola Bay Bridge,0,Background
2018-01-29,27.44602,-82.68798,Longboat Pass Boat Ramp (Sarasota Bay),0,Background
2018-01-29,27.5385,-82.7402,Anna Maria Island Rod & Reel Pier (Lower Tampa Bay),0,Background
2018-01-29,26.30481,-81.8362,Barefoot Beach State Preserve,0,Background
2018-01-29,26.25375,-81.82377,Vanderbilt Beach,0,Background
2018-01-29,26.2073,-81.8169,Seagate,0,Background
2018-01-29,26.13163,-81.8063,Naples Pier,0,Background
2018-01-29,25.91165,-81.72805,South Marco Beach,0,Background
2018-01-29,25.9733,-81.7275,Lee Avenue; docks NE of (Big Marco Pass),0,Background
2018-01-29,25.9124,-81.7171,Caxambas Park,0,Background
2018-01-29,25.9334,-81.6496,Goodland Bridge,0,Background
2018-01-29,25.9804,-81.7029,951 Boat Ramp (Big Marco Pass),0,Background
2018-01-29,27.3316,-82.5779,Bay Dock (Sarasota Bay),0,Background
2018-01-29,27.33375,-82.57938,New Pass Dock (Sarasota Bay),0,Background
2018-01-30,27.3316,-82.5779,Bay Dock (Sarasota Bay),0,Background
2018-01-30,27.33375,-82.57938,New Pass Dock (Sarasota Bay),0,Background
2018-01-30,26.5767,-82.1347,Cork Island; W of (Pine Island Sound),0,Background
2018-01-30,26.5902,-82.1561,Hemp Key; S of (Pine Island Sound),0,Background
2018-01-30,26.560417,-82.170817,Redfish Pass; 1.8 mi E of (Pine Island Sound),0,Background
2018-01-30,26.59925,-82.18463,Captiva Rocks; SW of (Pine Island Sound),0,Background
2018-01-30,27.4362,-82.69012,North Shore Road Pier,0,Background
2018-01-30,27.4003,-82.6515,Atlas Street; W of,0,Background
2018-01-30,27.3225,-82.5803,St. Armands Key; N of (Pansy Bayou),0,Background
2018-01-30,27.3324,-82.5462,Marina Jack (Sarasota Bay),0,Background
2018-01-31,27.3316,-82.5779,Bay Dock (Sarasota Bay),0,Background
2018-01-31,27.33375,-82.57938,New Pass Dock (Sarasota Bay),0,Background
2018-03-14,25.891667,-81.608833,Shell Key; S of (Gullivan Bay),196308,Medium
2018-03-14,26.5264,-82.1945,Alison Hagerup Beach Park,62000,Low
2018-03-14,26.4217,-82.0801,Tarpon Bay Road Beach,18000,Low
2018-03-14,26.45157,-82.01543,Lighthouse Beach,19667,Low
2018-03-14,26.45398,-81.95776,Lynn Hall Park,10000,Low
2018-03-14,26.3901,-81.8795,Lovers Key State Park,274333,Medium
2018-03-14,26.33105,-81.84574,Bonita Beach Park,20000,Low
2018-03-11,26.3435,-81.8019,Brendan Way; S of (Imperial River),0,Background
2018-03-10,26.505649,-82.090101,Trawler Lane; canal W of (Pine Island Sound),12667,Low
2018-03-06,26.5927,-82.1264,Trawler Lane; canal W of (Pine Island Sound),16333,Low
2018-03-15,27.33717,-82.58067,Quick Point (New Pass),0,Background
2018-03-15,27.443167,-82.688,Longboat Pass (Sarasota Bay),0,Background
2018-03-15,27.438,-82.6435,Coon Key; S of (Sarasota Bay),0,Background
2018-03-15,25.91165,-81.72805,South Marco Beach,358033,Medium
2018-03-15,26.13163,-81.8063,Naples Pier,339727,Medium
2018-03-15,26.2073,-81.8169,Seagate,92333,Low
2018-03-15,26.25375,-81.82377,Vanderbilt Beach,219767,Medium
2018-03-15,26.30481,-81.8362,Barefoot Beach State Preserve,25000,Low
2018-03-14,26.798,-82.231,Sandfly Key; NE of (Gasparilla Sound),446244,Medium
2018-03-14,26.80562,-82.27415,Boca Grande Pier (Gasparilla Sound),441056,Medium
2018-03-14,26.807548,-82.275805,Gulf Shores Drive; NE of (Gasparilla Sound),656394,Medium
2018-03-19,27.6133,-82.7391,Mullet Key; Gulf Pier,0,Background
2018-03-19,27.6055,-82.6508,Skyway Fishing Pier; South (Lower Tampa Bay),0,Background
2018-03-19,27.58512,-82.61482,Fletcher Point (Lower Tampa Bay),0,Background
2018-03-19,27.4959,-82.6522,Palma Sola Bay Bridge,0,Background
2018-03-19,27.44602,-82.68798,Longboat Pass Boat Ramp (Sarasota Bay),0,Background
2018-03-19,27.5385,-82.7402,Anna Maria Island Rod & Reel Pier (Lower Tampa Bay),0,Background
2018-03-19,26.538,-82.1257,Regla Island; W of (Pine Island Sound),8667,Very low
2018-03-19,26.53618,-82.14646,Regla Island; 1.4 mi W of (Pine Island Sound),3111,Very low
2018-03-19,26.5767,-82.1347,Cork Island; W of (Pine Island Sound),45667,Low
2018-03-19,26.5902,-82.1561,Hemp Key; S of (Pine Island Sound),61667,Low
2018-05-03,25.969645,-81.742246,Big Marco Pass,0,Background
2018-05-03,25.989531,-81.748445,Hurricane Pass,0,Background
2018-04-13,27.2,-82.5682,Baitfish Cruise 2018 Sample 02,333,Background
2018-04-13,27.200267,-82.606,Baitfish Cruise 2018 Sample 03,0,Background
2018-04-13,27.200133,-82.719833,Baitfish Cruise 2018 Sample 04,0,Background
2018-04-13,27.199933,-82.787817,Baitfish Cruise 2018 Sample 05,0,Background
2018-04-14,27.383417,-82.6525,Baitfish Cruise 2018 Sample 06,667,Background
2018-04-14,27.38335,-82.707917,Baitfish Cruise 2018 Sample 07,0,Background
2018-04-14,27.38335,-82.782817,Baitfish Cruise 2018 Sample 08,0,Background
2018-04-14,27.3834,-82.8874,Baitfish Cruise 2018 Sample 09,0,Background
2018-04-15,27.350067,-82.6283,Baitfish Cruise 2018 Sample 14,0,Background
2018-04-22,26.471481,-82.165192,Clam Bayou,333,Background
2018-04-30,26.33875,-81.804949,Imperial River Boat Ramp,1333,Very low
2018-04-30,26.434868,-81.833466,Estego Court Boat Ramp (Estero River),3333,Very low
2018-05-03,26.393407,-81.866076,Lovers Key Boat Ramp (Estero Bay),890633,Medium
2018-05-03,26.0239,-81.7342,Shell Island Road; E of (Henderson Creek),0,Background
2018-05-07,27.37317,-82.63202,Longboat Key Beach,0,Background
2018-05-07,27.32682,-82.56244,Ringling Causeway,0,Background
2018-05-07,27.31561,-82.58171,North Lido Beach,0,Background
2018-05-07,27.311,-82.57718,Lido Beach Casino,0,Background
2018-05-07,27.29818,-82.56739,South Lido Park,0,Background
2018-05-07,27.26518,-82.5531,Siesta Beach,0,Background
2018-05-07,27.21843,-82.51711,Turtle Beach,0,Background
2018-05-07,27.12332,-82.47122,Nokomis Beach,0,Background
2018-05-07,27.11382,-82.46883,North Jetty,0,Background
2018-05-07,27.10034,-82.46089,Venice Beach,0,Background
2018-05-07,27.0735,-82.4515,Venice Fishing Pier; N of,0,Background
2018-05-07,27.06631,-82.448,Brohard Beach,0,Background
2018-05-07,27.05703,-82.4436,Caspersen Beach,0,Background
2018-05-07,27.01031,-82.41312,Manasota Beach,0,Background
2018-05-07,26.96324,-82.38565,Blind Pass Beach,0,Background
2018-05-04,27.3316,-82.5779,Bay Dock (Sarasota Bay),0,Background
2018-05-04,27.33375,-82.57938,New Pass Dock (Sarasota Bay),0,Background
2018-05-07,27.3316,-82.5779,Bay Dock (Sarasota Bay),0,Background
2018-05-07,27.33375,-82.57938,New Pass Dock (Sarasota Bay),0,Background
2018-05-07,27.6133,-82.7391,Mullet Key; Gulf Pier,0,Background
2018-05-07,27.6055,-82.6508,Skyway Fishing Pier; South (Lower Tampa Bay),0,Background
2018-05-07,27.58512,-82.61482,Fletcher Point (Lower Tampa Bay),0,Background
2018-05-07,27.4959,-82.6522,Palma Sola Bay Bridge,0,Background
2018-05-07,27.44602,-82.68798,Longboat Pass Boat Ramp (Sarasota Bay),0,Background
2018-05-07,27.5385,-82.7402,Anna Maria Island Rod & Reel Pier (Lower Tampa Bay),0,Background
2018-05-07,26.5857,-82.0645,McCardle Island; SW of (Matlacha Pass),0,Background
2018-05-07,26.500278,-82.0475,Merwin Key; W of (San Carlos Bay),0,Background
2018-05-07,26.7003,-82.1208,Jug Creek Point; E of (Matlacha Pass),0,Background
2018-05-07,26.538,-82.1257,Regla Island; W of (Pine Island Sound),0,Background
2018-05-07,26.53618,-82.14646,Regla Island; 1.4 mi W of (Pine Island Sound),1333,Very low
2018-05-07,26.5767,-82.1347,Cork Island; W of (Pine Island Sound),1000,Very low
2018-05-07,26.5902,-82.1561,Hemp Key; S of (Pine Island Sound),0,Background
2018-05-07,26.560417,-82.170817,Redfish Pass; 1.8 mi E of (Pine Island Sound),0,Background
2018-05-07,26.532117,-82.15667,Buck Key; 1.9 mi NE of (Pine Island Sound),1667,Very low
2018-05-07,26.59925,-82.18463,Captiva Rocks; SW of (Pine Island Sound),0,Background
2018-05-07,25.9733,-81.7275,Lee Avenue; docks NE of (Big Marco Pass),0,Background
2018-05-07,25.9124,-81.7171,Caxambas Park,0,Background
2018-05-07,25.9334,-81.6496,Goodland Bridge,0,Background
2018-05-07,25.9804,-81.7029,951 Boat Ramp (Big Marco Pass),0,Background
2018-05-07,26.30481,-81.8362,Barefoot Beach State Preserve,667,Background
2018-02-26,27.37317,-82.63202,Longboat Key Beach,0,Background
2018-02-26,27.32682,-82.56244,Ringling Causeway,0,Background
2018-02-26,27.31561,-82.58171,North Lido Beach,0,Background
2018-02-26,27.311,-82.57718,Lido Beach Casino,0,Background
2018-02-26,27.29818,-82.56739,South Lido Park,0,Background
2018-02-26,27.26518,-82.5531,Siesta Beach,0,Background
2018-02-26,27.21843,-82.51711,Turtle Beach,0,Background
2018-02-26,27.12332,-82.47122,Nokomis Beach,3000,Very low
2018-02-26,27.11382,-82.46883,North Jetty,1000,Very low
2018-02-26,27.10034,-82.46089,Venice Beach,7500,Very low
2018-02-26,27.07827,-82.45286,Service Club Park,15000,Low
2018-02-26,27.0735,-82.4515,Venice Fishing Pier; N of,44000,Low
2018-02-26,27.06631,-82.448,Brohard Beach,20000,Low
2018-02-26,27.05703,-82.4436,Caspersen Beach,12000,Low
2018-02-26,27.01031,-82.41312,Manasota Beach,61000,Low
2018-02-26,26.96324,-82.38565,Blind Pass Beach,205000,Medium
2018-02-28,27.3316,-82.5779,Bay Dock (Sarasota Bay),0,Background
2018-02-28,27.33375,-82.57938,New Pass Dock (Sarasota Bay),1000,Very low
2018-03-01,27.3316,-82.5779,Bay Dock (Sarasota Bay),0,Background
2018-03-01,27.33375,-82.57938,New Pass Dock (Sarasota Bay),24500,Low
2018-03-01,26.30481,-81.8362,Barefoot Beach State Preserve,21667,Low
2018-03-01,26.25375,-81.82377,Vanderbilt Beach,2000,Very low
2018-03-01,26.2073,-81.8169,Seagate,333,Background
2018-03-01,26.13163,-81.8063,Naples Pier,0,Background
2018-03-01,25.91165,-81.72805,South Marco Beach,0,Background
2018-02-28,26.92467,-82.36189,Englewood Beach,3667,Very low
2018-02-28,26.80562,-82.27415,Boca Grande Pier (Gasparilla Sound),344736,Medium
2018-03-02,27.3316,-82.5779,Bay Dock (Sarasota Bay),18000,Low
2018-03-02,27.33375,-82.57938,New Pass Dock (Sarasota Bay),11000,Low
2018-03-05,27.3316,-82.5779,Bay Dock (Sarasota Bay),14500,Low
2018-03-05,27.33375,-82.57938,New Pass Dock (Sarasota Bay),5000,Very low
2018-03-05,27.6133,-82.7391,Mullet Key; Gulf Pier,0,Background
2018-03-05,27.6055,-82.6508,Skyway Fishing Pier; South (Lower Tampa Bay),0,Background
2018-03-05,27.58512,-82.61482,Fletcher Point (Lower Tampa Bay),0,Background
2018-03-05,27.4959,-82.6522,Palma Sola Bay Bridge,0,Background
2018-03-05,27.44602,-82.68798,Longboat Pass Boat Ramp (Sarasota Bay),333,Background
2018-03-05,27.5385,-82.7402,Anna Maria Island Rod & Reel Pier (Lower Tampa Bay),0,Background
2018-03-05,27.37317,-82.63202,Longboat Key Beach,0,Background
2018-03-05,27.32682,-82.56244,Ringling Causeway,2000,Very low
2018-03-05,27.31561,-82.58171,North Lido Beach,0,Background
2018-03-05,27.311,-82.57718,Lido Beach Casino,0,Background
2018-03-05,27.29818,-82.56739,South Lido Park,2000,Very low
2018-03-05,27.26518,-82.5531,Siesta Beach,30000,Low
2018-03-05,27.21843,-82.51711,Turtle Beach,7000,Very low
2018-03-05,27.12332,-82.47122,Nokomis Beach,24000,Low
2018-03-05,27.11382,-82.46883,North Jetty,20000,Low
2018-03-05,27.10034,-82.46089,Venice Beach,65000,Low
2018-04-18,26.3901,-81.8795,Lovers Key State Park,486780,Medium
2018-04-18,26.33105,-81.84574,Bonita Beach Park,111667,Medium
2018-04-19,27.3316,-82.5779,Bay Dock (Sarasota Bay),0,Background
2018-04-19,27.33375,-82.57938,New Pass Dock (Sarasota Bay),0,Background
2018-04-11,26.751131,-82.257206,4th Street E; N of (Boca Grande Bayou),2000,Very low
2018-04-13,26.481619,-82.174253,Henderson Road; W of (Dinken Bayou),0,Background
2018-04-13,26.546631,-82.196845,Marina Villas Dock (Chadwick Bayou),0,Background
2018-04-16,27.511772,-82.573925,Regatta Pointe Marina Boat Ramp (Manatee River),0,Background
2018-04-19,26.816167,-82.2805,Gasparilla Pass,0,Background
2018-04-19,26.7117,-82.2583,Boca Grande Pass,7000,Very low
2018-04-19,26.74065,-82.2145,Cayo Pelau; 2 mi S of (Charlotte Harbor),2333,Very low
2018-04-19,26.786021,-82.223062,Cayo Pelau; N of (Gasparilla Sound),333,Background
2018-04-19,26.782417,-82.209383,Bull Key; NW of (Bull Bay),0,Background
2018-04-19,26.798,-82.231,Sandfly Key; NE of (Gasparilla Sound),19667,Low
2018-04-19,26.8164,-82.2526,Catfish Creek; mouth of (Gasparilla Sound),667,Background
2018-04-19,25.91165,-81.72805,South Marco Beach,23667,Low
2018-04-19,26.13163,-81.8063,Naples Pier,43667,Low
2018-04-19,26.2073,-81.8169,Seagate,792720,Medium
2018-04-19,26.25375,-81.82377,Vanderbilt Beach,0,Background
2018-04-19,26.30481,-81.8362,Barefoot Beach State Preserve,1081883,High (closure)
2018-04-18,26.92467,-82.36189,Englewood Beach,0,Background
2018-04-18,26.80562,-82.27415,Boca Grande Pier (Gasparilla Sound),0,Background
2018-04-19,26.083867,-81.815433,Gordon Pass; 1.1 mi W of,343140,Medium
2018-04-19,26.101267,-81.827067,Gordon Pass; 1.7 mi W of,375060,Medium
2018-04-18,26.69825,-82.297517,Boca Grande Pass; 2.5 mi W of,131100,Medium
2018-04-18,26.681583,-82.4091,Boca Grande Pass; 9.3 mi W of,0,Background
2018-04-19,26.030303,-81.732345,Henderson Creek; mouth of,25667,Low
2018-04-19,25.987387,-81.748139,Sea Oat Island; W of,8000,Very low
2018-04-14,26.76758,-82.263214,Gasparilla Island; E of (Gasparilla Bay),0,Background
2018-04-17,26.51089,-82.1894,Tween Waters Inn Island Resort Boat Ramp (Pine Island Sound),22667,Low
2018-04-19,27.599533,-82.9282,Egmont Key; 10 mi W of,0,Background
2018-04-19,27.692,-82.67485,Dick Misener Bridge; E of (Lower Tampa Bay),0,Background
2018-04-23,27.6133,-82.7391,Mullet Key; Gulf Pier,0,Background
2018-04-23,27.6055,-82.6508,Skyway Fishing Pier; South (Lower Tampa Bay),0,Background
2018-04-23,27.58512,-82.61482,Fletcher Point (Lower Tampa Bay),0,Background
2018-06-25,26.488,-82.1815,Buck Key; S of (Blind Pass),0,Background
2018-06-25,26.4887,-82.1073,York Island; W of (Pine Island Sound),0,Background
2018-06-25,26.538,-82.1257,Regla Island; W of (Pine Island Sound),0,Background
2018-06-25,26.53618,-82.14646,Regla Island; 1.4 mi W of (Pine Island Sound),0,Background
2018-06-25,26.5767,-82.1347,Cork Island; W of (Pine Island Sound),333,Background
2018-06-25,26.5902,-82.1561,Hemp Key; S of (Pine Island Sound),4111,Very low
2018-06-25,26.705,-82.1837,Little Bokeelia Island; N of (Charlotte Harbor),1000,Very low
2018-06-25,26.5857,-82.0645,McCardle Island; SW of (Matlacha Pass),0,Background
2018-06-25,26.500278,-82.0475,Merwin Key; W of (San Carlos Bay),0,Background
2018-06-25,26.7003,-82.1208,Jug Creek Point; E of (Matlacha Pass),0,Background
2018-06-25,26.30481,-81.8362,Barefoot Beach State Preserve,0,Background
2018-06-25,26.25375,-81.82377,Vanderbilt Beach,0,Background
2018-06-25,26.2073,-81.8169,Seagate,0,Background
2018-06-25,26.13163,-81.8063,Naples Pier,0,Background
2018-06-25,25.91165,-81.72805,South Marco Beach,667,Background
2018-06-24,26.6573,-81.8829,North Shore Park (Caloosahatchee River),0,Background
2018-06-24,26.64413,-82.05578,Sirenia Vista Canoe & Kayak Launch,0,Background
2018-06-23,26.404167,-81.962467,Ft. Myers Beach; 3.2 mi S of,0,Background
2018-06-23,26.430667,-81.968083,Ft. Myers Beach; 1.7 mi SW of,333,Background
2018-06-26,26.8385,-82.2795,Garfield Court; SW of (Placida Harbor),402906,Medium
2018-06-26,26.9307,-82.3498,Tom Adams Bridge; S of (Lemon Bay),5657534,High (closure)
2018-06-26,26.898667,-82.339333,Stump Pass (Lemon Bay),2272733,High (closure)
2018-06-26,26.96324,-82.3747,Blind Pass Beach; E of (Lemon Bay),2000,Very low
2018-06-26,26.816167,-82.2805,Gasparilla Pass,1895250,High (closure)
2018-06-26,26.7117,-82.2583,Boca Grande Pass,381444,Medium
2018-06-26,26.74065,-82.2145,Cayo Pelau; 2 mi S of (Charlotte Harbor),1525533,High (closure)
2018-06-26,26.786021,-82.223062,Cayo Pelau; N of (Gasparilla Sound),23000,Low
2018-06-26,26.782417,-82.209383,Bull Key; NW of (Bull Bay),0,Background
2018-06-26,26.798,-82.231,Sandfly Key; NE of (Gasparilla Sound),18333,Low
2018-06-26,26.8164,-82.2526,Catfish Creek; mouth of (Gasparilla Sound),557806,Medium
2018-06-26,26.43494,-81.91138,Estero Island (Estero Bay),0,Background
2018-06-26,26.38591,-81.84631,Long Key (Estero Bay),0,Background
2018-06-26,26.35497,-81.84452,Bonita Beach (Estero Bay),333,Background
2018-06-26,26.816417,-82.274944,Bird Key; SE of (Gasparilla Sound),848383,Medium
2018-06-26,26.760389,-82.245444,Three Sisters Island; SE of (Charlotte Harbor),16667,Low
2018-06-04,26.4577,-81.9532,Matanzas Pass (Estero Bay),0,Background
2018-06-04,26.4294,-81.858,Estero River; mouth of (Estero Bay),0,Background
2018-06-04,26.3936,-81.8655,Carl Johnson Park Boat Ramp (Estero Bay),0,Background
2018-06-04,26.3584,-81.8375,Pelican Bay Nature Park Pier (Estero Bay),0,Background
2018-06-04,26.4287,-81.8832,Coon Key; N of (Estero Bay),0,Background
2018-06-04,26.4462,-81.9272,Mound House Dock (Estero Bay),0,Background
2018-06-04,26.43861,-81.84,Estero River; upstream,0,Background
2018-06-04,26.9092,-82.0953,Punta Gorda Boat Ramp (Charlotte Harbor),0,Background
2018-06-04,26.7614,-82.0611,Burnt Store Marina (Charlotte Harbor),0,Background
2018-06-05,27.51477,-82.68395,Mead Point (Lower Tampa Bay),333,Background
2018-06-05,27.529833,-82.704,School Key; NE of (Lower Tampa Bay),16333,Low
2018-06-05,27.59275,-82.629067,South Skyway Causeway; NE end of (Lower Tampa Bay),0,Background
2018-06-05,27.587433,-82.61895,South Skyway Rest Area; NW of (Lower Tampa Bay),0,Background
2018-06-05,27.632617,-82.5782,Little Redfish Creek; 1.1 mi NW of (Lower Tampa Bay),0,Background
2018-06-05,27.595514,-82.5912,Joe Island; N of (Lower Tampa Bay),0,Background
2018-06-05,26.5264,-82.1945,Alison Hagerup Beach Park,0,Background
2018-06-05,26.4217,-82.0801,Tarpon Bay Road Beach,0,Background
2018-06-05,26.45157,-82.01543,Lighthouse Beach,0,Background
2018-06-05,26.45398,-81.95776,Lynn Hall Park,0,Background
2018-06-05,26.3901,-81.8795,Lovers Key State Park,0,Background
2018-06-05,26.33105,-81.84574,Bonita Beach Park,0,Background
2018-05-29,26.532883,-81.951,Redfish Point; S of (Caloosahatchee River),0,Background
2018-06-02,26.512933,-82.04985,Givney Key; E of (Matlacha Pass),0,Background
2018-06-04,26.5999,-81.922633,Southeast 23rd Avenue; SW of (Caloosahatchee River),0,Background
2018-06-04,26.517617,-82.050167,Givney Key; NE of (Matlacha Pass),0,Background
2018-05-25,25.9804,-81.7029,951 Boat Ramp (Big Marco Pass),0,Background
2018-05-27,25.9334,-81.6496,Goodland Bridge,0,Background
2018-06-03,26.8328,-82.269662,Placida Park Boat Ramp,1667,Very low
2018-06-06,25.844,-81.678,Cape Romano; S of (Gullivan Bay),0,Background
2018-06-06,25.8815,-81.632167,Coon Key; S of (Gullivan Bay),0,Background
2018-06-06,25.891667,-81.608833,Shell Key; S of (Gullivan Bay),0,Background
2018-06-06,26.92467,-82.36189,Englewood Beach,84667,Low
2018-06-06,26.80562,-82.27415,Boca Grande Pier (Gasparilla Sound),28333,Low
2018-06-06,26.43494,-81.91138,Estero Island (Estero Bay),0,Background
2018-06-06,26.38591,-81.84631,Long Key (Estero Bay),0,Background
2018-06-06,26.35497,-81.84452,Bonita Beach (Estero Bay),0,Background
2018-01-31,26.816167,-82.2805,Gasparilla Pass,333,Background
2018-01-31,26.74065,-82.2145,Cayo Pelau; 2 mi S of (Charlotte Harbor),0,Background
2018-01-31,26.782417,-82.209383,Bull Key; NW of (Bull Bay),333,Background
2018-01-31,26.798,-82.231,Sandfly Key; NE of (Gasparilla Sound),0,Background
2018-01-31,26.8164,-82.2526,Catfish Creek; mouth of (Gasparilla Sound),0,Background
2018-01-31,26.5264,-82.1945,Alison Hagerup Beach Park,0,Background
2018-01-31,26.4217,-82.0801,Tarpon Bay Road Beach,0,Background
2018-01-31,26.45157,-82.01543,Lighthouse Beach,0,Background
2018-01-31,26.45398,-81.95776,Lynn Hall Park,0,Background
2018-01-31,26.3901,-81.8795,Lovers Key State Park,0,Background
2018-01-31,26.33105,-81.84574,Bonita Beach Park,333,Background
2018-01-30,26.92467,-82.36189,Englewood Beach,0,Background
2018-01-30,26.80562,-82.27415,Boca Grande Pier (Gasparilla Sound),0,Background
2018-02-01,26.911667,-82.158833,Hog Island; S of (Charlotte Harbor),333,Background
2018-07-12,26.80306,-82.33792,Gasparilla Pass; 3.3 mi W of,6333,Very low
2018-07-18,26.5627,-82.0704,Deer Stop Keys; SW of (Matlacha Pass),0,Background
2018-07-18,26.625,-82.0742,Porpoise Point Island; SW of (Matlacha Pass),0,Background
2018-07-17,26.92467,-82.36189,Englewood Beach,184000,Medium
2018-07-17,26.80562,-82.27415,Boca Grande Pier (Gasparilla Sound),8569450,High (closure)
2018-07-18,26.4836,-82.012,Sanibel Causeway; SE end of (San Carlos Bay),333,Background
2018-07-18,26.4848,-82.0019,Punta Rassa Road; S of (San Carlos Bay),0,Background
2018-07-11,27.34424,-82.58265,Quick Point; N of (Sarasota Bay),0,Background
2018-07-11,27.34924,-82.56986,City Island; N of (Sarasota Bay),4000,Very low
2018-07-11,27.334,-82.58137,New Pass (Sarasota Bay),0,Background
2018-07-11,27.32052,-82.56628,Coon Key; E of (Sarasota Bay),0,Background
2018-07-11,27.32052,-82.56628,Coon Key; E of (Sarasota Bay),1000,Very low
2018-07-11,27.30575,-82.54863,Bay Island; N of (Sarasota Bay),0,Background
2018-07-11,27.36571,-82.56273,Indian Beach; W of (Sarasota Bay),0,Background
2018-07-11,27.35321,-82.55562,Centennial Park; NW of (Sarasota Bay),0,Background
2018-07-11,27.33725,-82.55643,Causeway Park; NW of (Sarasota Bay),0,Background
2018-07-11,27.32226,-82.54559,Island Park; S of (Sarasota Bay),1000,Very low
2018-07-11,27.31022,-82.54121,Bay Island Park; NE of (Sarasota Bay),1000,Very low
2018-07-11,27.3892,-82.634,Whale Key; SW of (Sarasota Bay),0,Background
2018-07-11,27.3724,-82.6021,Bishops Point; SE of (Sarasota Bay),0,Background
2018-07-11,27.38777,-82.59458,Mid-Sarasota Bay,0,Background
2018-07-11,27.37907,-82.5729,Stephens Point; NW of (Sarasota Bay),0,Background
2018-07-11,27.3544,-82.5976,Longboat Key; E of (Sarasota Bay),0,Background
2018-07-11,27.29164,-82.54427,Edwards Island; S of (Roberts Bay; Sarasota),0,Background
2018-07-11,27.27946,-82.54573,Philippe Creek; N of (Roberts Bay; Sarasota),0,Background
2018-07-11,27.27038,-82.54272,Philippe Creek; Canal W of,1000,Very low
2018-07-11,27.27038,-82.54272,Philippe Creek; Canal W of,2000,Very low
2018-07-11,27.2547,-82.53196,Stickney Point Bridge; N of (Roberts Bay; Sarasota),0,Background
2018-07-11,27.25261,-82.52955,Stickney Point Bridge; N of (Roberts Bay; Sarasota),0,Background
2018-07-11,27.24116,-82.51845,Coral Cove; S of (Little Sarasota Bay),0,Background
2018-07-11,27.2255,-82.51247,Blind Pass; NE of (Little Sarasota Bay),0,Background
2018-07-11,27.22112,-82.50561,Bird Keys; N of (Little Sarasota Bay),0,Background
2018-07-11,27.20046,-82.50259,Spanish Point; S of (Little Sarasota Bay),0,Background
2018-07-11,27.1812,-82.49282,Blackburn Point Road; N of (Little Sarasota Bay),0,Background
2018-07-11,27.17459,-82.49121,Dryman Bay,2000,Very low
2018-07-11,27.16011,-82.48224,Northern Blackburn Bay,0,Background
2018-07-11,27.14879,-82.47383,Mid-Blackburn Bay,1000,Very low
2018-07-11,27.14008,-82.47017,Southern Blackburn Bay,0,Background
2018-07-11,27.12788,-82.46935,Albee Road Bridge; N of (Blackburn Bay),0,Background
2018-07-11,27.12788,-82.46935,Albee Road Bridge; N of (Blackburn Bay),0,Background
2018-07-11,27.12,-82.4634,Lyons Bay,0,Background
2018-07-11,27.1232,-82.4502,Dona Bay,0,Background
2018-07-11,27.1079,-82.4584,Bird Island; S of (Roberts Bay; Venice),0,Background
2018-07-11,27.1103,-82.4563,Roberts Bay; Nokomis,0,Background
2018-07-11,27.0748,-82.4301,Venice Municiple Airport; E of (ICW),0,Background
2018-07-11,27.03506,-82.42608,Alligator Creek; S of (ICW),0,Background
2018-07-11,27.01602,-82.41381,Manasota Beach Bridge; NW of (ICW),0,Background
2018-07-11,27.00063,-82.403,Forked Creek; NW of (Lemon Bay),0,Background
2018-07-11,26.97569,-82.3873,Leachs Key; NE of (Lemon Bay),0,Background
2018-07-11,26.95236,-82.37059,Indian Mound Park; SW of (Lemon Bay),47000,Low
2018-05-07,26.25375,-81.82377,Vanderbilt Beach,0,Background
2018-05-07,26.2073,-81.8169,Seagate,0,Background
2018-05-07,26.13163,-81.8063,Naples Pier,0,Background
2018-05-07,25.91165,-81.72805,South Marco Beach,0,Background
2018-05-06,26.69535,-82.2991,Gasparilla Island State Park; 2.8 mi SW of,0,Background
2018-05-06,26.708267,-82.417267,Gasparilla Island State Park; 9.7 mi W of,0,Background
2018-05-06,26.397833,-81.967467,Ft. Myers Beach Pier; 3.8 mi S of,391000,Medium
2018-05-06,26.418317,-81.960167,Ft. Myers Beach Pier; 2.3 mi S of,734483,Medium
2018-05-08,27.3316,-82.5779,Bay Dock (Sarasota Bay),0,Background
2018-05-08,27.33375,-82.57938,New Pass Dock (Sarasota Bay),0,Background
2018-05-07,26.9092,-82.0953,Punta Gorda Boat Ramp (Charlotte Harbor),1333,Very low
2018-05-07,26.7614,-82.0611,Burnt Store Marina (Charlotte Harbor),0,Background
2018-05-07,26.4577,-81.9532,Matanzas Pass (Estero Bay),15000,Low
2018-05-07,26.4294,-81.858,Estero River; mouth of (Estero Bay),3000,Very low
2018-05-07,26.3936,-81.8655,Carl Johnson Park Boat Ramp (Estero Bay),8667,Very low
2018-05-07,26.3584,-81.8375,Pelican Bay Nature Park Pier (Estero Bay),42333,Low
2018-05-07,26.4287,-81.8832,Coon Key; N of (Estero Bay),66333,Low
2018-05-07,26.4462,-81.9272,Mound House Dock (Estero Bay),39667,Low
2018-05-07,26.43861,-81.84,Estero River; upstream,26333,Low
2018-05-08,26.8385,-82.2795,Garfield Court; SW of (Placida Harbor),0,Background
2018-05-08,26.9307,-82.3498,Tom Adams Bridge; S of (Lemon Bay),0,Background
2018-05-08,26.898667,-82.339333,Stump Pass (Lemon Bay),0,Background
2018-05-08,26.96324,-82.3747,Blind Pass Beach; E of (Lemon Bay),0,Background
2018-05-08,26.816167,-82.2805,Gasparilla Pass,0,Background
2018-05-08,26.7117,-82.2583,Boca Grande Pass,0,Background
2018-05-08,26.74065,-82.2145,Cayo Pelau; 2 mi S of (Charlotte Harbor),0,Background
2018-05-08,26.786021,-82.223062,Cayo Pelau; N of (Gasparilla Sound),0,Background
2018-05-08,26.782417,-82.209383,Bull Key; NW of (Bull Bay),3333,Very low
2018-05-08,26.798,-82.231,Sandfly Key; NE of (Gasparilla Sound),0,Background
2018-05-08,26.8164,-82.2526,Catfish Creek; mouth of (Gasparilla Sound),0,Background
2018-05-07,26.65015,-82.512817,Boca Grande Pass; 16 mi W of,0,Background
2018-05-07,26.677117,-82.43325,Boca Grande Pass; 11 mi W of,333,Background
2018-05-07,26.697167,-82.355717,Boca Grande Pass; 6.2 mi W of,0,Background
2018-05-07,26.642367,-82.54255,Boca Grande Pass; 18 mi W of,0,Background
2018-05-08,26.930897,-82.059436,W Retta Esplande; NW of (Charlotte Harbor),2333,Very low
2018-05-08,26.91186,-82.08591,La Mancha Court; canal S of,3667,Very low
2018-05-09,26.911667,-82.158833,Hog Island; S of (Charlotte Harbor),4444,Very low
2018-05-09,26.9441,-82.1947,GDC Cove; mouth of (Myakka River),0,Background
2018-05-09,26.5264,-82.1945,Alison Hagerup Beach Park,0,Background
2018-05-09,26.4217,-82.0801,Tarpon Bay Road Beach,667,Background
2018-05-09,26.45157,-82.01543,Lighthouse Beach,0,Background
2018-05-09,26.45398,-81.95776,Lynn Hall Park,0,Background
2018-05-09,26.3901,-81.8795,Lovers Key State Park,6667,Very low
2018-05-09,26.33105,-81.84574,Bonita Beach Park,0,Background
2018-05-09,26.92467,-82.36189,Englewood Beach,0,Background
2018-03-19,26.560417,-82.170817,Redfish Pass; 1.8 mi E of (Pine Island Sound),17333,Low
2018-03-19,26.532117,-82.15667,Buck Key; 1.9 mi NE of (Pine Island Sound),16333,Low
2018-03-19,26.59925,-82.18463,Captiva Rocks; SW of (Pine Island Sound),2000,Very low
2018-03-19,26.30481,-81.8362,Barefoot Beach State Preserve,16667,Low
2018-03-19,26.25375,-81.82377,Vanderbilt Beach,7000,Very low
2018-03-19,26.2073,-81.8169,Seagate,24333,Low
2018-03-19,26.13163,-81.8063,Naples Pier,11667,Low
2018-03-19,25.91165,-81.72805,South Marco Beach,28000,Low
2018-03-19,26.641667,-82.5225,Cayo Costa State Park; 16 mi W of,20667,Low
2018-03-19,26.701667,-82.429167,Gasparilla Island State Park; 10 mi W of,54667,Low
2018-03-19,26.644167,-82.544167,Cayo Costa State Park; 18 mi W of,7667,Very low
2018-03-19,26.719167,-82.325,Gasparilla Island State Park; 3.9 mi W of,276000,Medium
2018-03-16,25.881379,-81.676274,Helen Key (Gullivan Bay),196140,Medium
2018-03-16,25.84035,-81.665635,Cape Romano Island; 1 mi SE of (Gullivan Bay),166563,Medium
2018-03-19,27.37317,-82.63202,Longboat Key Beach,0,Background
2018-03-19,27.32682,-82.56244,Ringling Causeway,0,Background
2018-03-19,27.31561,-82.58171,North Lido Beach,0,Background
2018-03-19,27.311,-82.57718,Lido Beach Casino,0,Background
2018-03-19,27.29818,-82.56739,South Lido Park,0,Background
2018-03-19,27.26518,-82.5531,Siesta Beach,0,Background
2018-03-19,27.21843,-82.51711,Turtle Beach,0,Background
2018-03-19,27.12332,-82.47122,Nokomis Beach,0,Background
2018-03-19,27.11382,-82.46883,North Jetty,0,Background
2018-03-19,27.10034,-82.46089,Venice Beach,0,Background
2018-03-19,27.0735,-82.4515,Venice Fishing Pier; N of,0,Background
2018-03-19,27.06631,-82.448,Brohard Beach,0,Background
2018-03-19,27.05703,-82.4436,Caspersen Beach,0,Background
2018-03-19,27.01031,-82.41312,Manasota Beach,0,Background
2018-03-19,26.96324,-82.38565,Blind Pass Beach,0,Background
2018-03-21,26.5264,-82.1945,Alison Hagerup Beach Park,1667,Very low
2018-03-21,26.4217,-82.0801,Tarpon Bay Road Beach,24333,Low
2018-03-21,26.45157,-82.01543,Lighthouse Beach,28667,Low
2018-03-21,26.45398,-81.95776,Lynn Hall Park,21667,Low
2018-04-23,27.4959,-82.6522,Palma Sola Bay Bridge,0,Background
2018-04-23,27.44602,-82.68798,Longboat Pass Boat Ramp (Sarasota Bay),0,Background
2018-04-23,27.5385,-82.7402,Anna Maria Island Rod & Reel Pier (Lower Tampa Bay),0,Background
2018-04-23,26.7117,-82.2583,Boca Grande Pass,7667,Very low
2018-04-23,26.6798,-82.2196,Mondongo Island; W of (Pine Island Sound),8333,Very low
2018-04-23,26.6092,-82.221,Captiva Pass,14333,Low
2018-04-23,26.59925,-82.18463,Captiva Rocks; SW of (Pine Island Sound),0,Background
2018-04-23,26.5535,-82.1963,Redfish Pass (Pine Island Sound),2333,Very low
2018-04-23,26.560417,-82.170817,Redfish Pass; 1.8 mi E of (Pine Island Sound),0,Background
2018-04-23,26.532117,-82.15667,Buck Key; 1.9 mi NE of (Pine Island Sound),103333,Medium
2018-04-23,26.488,-82.1815,Buck Key; S of (Blind Pass),60147,Low
2018-04-23,26.4887,-82.1073,York Island; W of (Pine Island Sound),97000,Low
2018-04-23,26.538,-82.1257,Regla Island; W of (Pine Island Sound),2667,Very low
2018-04-23,26.5767,-82.1347,Cork Island; W of (Pine Island Sound),0,Background
2018-04-23,26.5902,-82.1561,Hemp Key; S of (Pine Island Sound),333,Background
2018-04-23,26.705,-82.1837,Little Bokeelia Island; N of (Charlotte Harbor),1000,Very low
2018-04-23,25.9733,-81.7275,Lee Avenue; docks NE of (Big Marco Pass),18000,Low
2018-04-23,25.9124,-81.7171,Caxambas Park,6333,Very low
2018-04-23,25.9334,-81.6496,Goodland Bridge,0,Background
2018-04-23,25.9804,-81.7029,951 Boat Ramp (Big Marco Pass),12667,Low
2018-04-23,26.30481,-81.8362,Barefoot Beach State Preserve,217933,Medium
2018-04-23,26.25375,-81.82377,Vanderbilt Beach,484120,Medium
2018-04-23,26.2073,-81.8169,Seagate,49667,Low
2018-04-23,26.13163,-81.8063,Naples Pier,95333,Low
2018-04-23,25.91165,-81.72805,South Marco Beach,0,Background
2018-04-23,26.646967,-82.525483,Boca Grande Pass; 17 mi W of,0,Background
2018-04-23,26.70065,-82.34975,Boca Grande Pass; 5.8 mi W of,122333,Medium
2018-04-23,26.660067,-82.469517,Boca Grande Pass; 14 mi W of,0,Background
2018-04-24,26.5857,-82.0645,McCardle Island; SW of (Matlacha Pass),667,Background
2018-04-24,26.500278,-82.0475,Merwin Key; W of (San Carlos Bay),347928,Medium
2018-04-24,26.7003,-82.1208,Jug Creek Point; E of (Matlacha Pass),0,Background
2018-04-24,26.48156,-82.179265,Coconut Drive; W of (Pine Island Sound),0,Background
2018-04-24,26.393308,-81.866383,Carl Johnson Park Boat Ramp (Estero Bay),1193444,High (closure)
2018-04-25,26.816167,-82.2805,Gasparilla Pass,0,Background
2018-04-25,26.7117,-82.2583,Boca Grande Pass,7333,Very low
2018-04-25,26.74065,-82.2145,Cayo Pelau; 2 mi S of (Charlotte Harbor),333,Background
2018-04-25,26.786021,-82.223062,Cayo Pelau; N of (Gasparilla Sound),0,Background
2018-04-25,26.782417,-82.209383,Bull Key; NW of (Bull Bay),0,Background
2018-04-25,26.798,-82.231,Sandfly Key; NE of (Gasparilla Sound),0,Background
2018-04-25,26.8164,-82.2526,Catfish Creek; mouth of (Gasparilla Sound),0,Background
2018-04-25,26.5264,-82.1945,Alison Hagerup Beach Park,333,Background
2018-04-25,26.4217,-82.0801,Tarpon Bay Road Beach,4333,Very low
2018-04-25,26.45157,-82.01543,Lighthouse Beach,107000,Medium
2018-04-25,26.45398,-81.95776,Lynn Hall Park,584753,Medium
2018-04-25,26.3901,-81.8795,Lovers Key State Park,1452480,High (closure)
2018-04-25,26.33105,-81.84574,Bonita Beach Park,3144120,High (closure)
2018-03-05,27.0735,-82.4515,Venice Fishing Pier; N of,55000,Low
2018-03-05,27.06631,-82.448,Brohard Beach,93000,Low
2018-03-05,27.05703,-82.4436,Caspersen Beach,121000,Medium
2018-03-05,27.01031,-82.41312,Manasota Beach,235000,Medium
2018-08-15,26.816167,-82.2805,Gasparilla Pass,1963994,High (closure)
2018-08-15,26.7117,-82.2583,Boca Grande Pass,3000,Very low
2018-08-15,26.74065,-82.2145,Cayo Pelau; 2 mi S of (Charlotte Harbor),2333,Very low
2018-08-15,26.786021,-82.223062,Cayo Pelau; N of (Gasparilla Sound),0,Background
2018-08-15,26.782417,-82.209383,Bull Key; NW of (Bull Bay),333,Background
2018-08-15,26.798,-82.231,Sandfly Key; NE of (Gasparilla Sound),0,Background
2018-08-15,26.8164,-82.2526,Catfish Creek; mouth of (Gasparilla Sound),43000,Low
2018-08-15,26.5264,-82.1945,Alison Hagerup Beach Park,972917,Medium
2018-08-15,26.4217,-82.0801,Tarpon Bay Road Beach,10661280,High (closure)
2018-08-15,26.45157,-82.01543,Lighthouse Beach,4484760,High (closure)
2018-08-15,26.45398,-81.95776,Lynn Hall Park,149403,Medium
2018-08-15,26.3901,-81.8795,Lovers Key State Park,6849366,High (closure)
2018-08-15,26.33105,-81.84574,Bonita Beach Park,226860,Medium
2018-08-13,26.961548,-82.364932,Englewood Road; S of (Lemon Bay),111667,Medium
2018-08-13,26.922224,-82.334229,Brittany Circle; NW of (Lemon Bay),204667,Medium
2018-08-15,27.68869,-82.5885,Coquina Key; 3.3 mi SE of (Middle Tampa Bay),0,Background
2018-08-15,27.68869,-82.5885,Coquina Key; 3.3 mi SE of (Middle Tampa Bay),0,Background
2018-08-15,27.63279,-82.62892,South Skyway Rest Area;  3.4 mi N of (Lower Tampa Bay),1000,Very low
2018-08-15,27.63279,-82.62892,South Skyway Rest Area;  3.4 mi N of (Lower Tampa Bay),4000,Very low
2018-08-15,27.59373,-82.66376,South Skyway Fishing Pier;  1.5 mi W of (Lower Tampa Bay),1000,Very low
2018-08-15,27.59373,-82.66376,South Skyway Fishing Pier;  1.5 mi W of (Lower Tampa Bay),667,Background
2018-08-15,27.64101,-82.79796,Egmont Key; 3.3 mi NW of,15666,Low
2018-08-15,27.64101,-82.79796,Egmont Key; 3.3 mi NW of,8667,Very low
2018-08-15,27.54981,-82.79967,Passage Key; 3.4 mi W of,6333,Very low
2018-08-15,27.54981,-82.79967,Passage Key; 3.4 mi W of,14000,Low
2018-08-14,27.18745,-82.727033,Big Sarasota Pass; 12 mi SW of,234225,Medium
2018-08-14,27.554617,-82.777717,Passage Key; 2 mi W of,1000,Very low
2018-08-14,27.2079,-82.776367,Big Sarasota Pass; 14 mi SW of,3333,Very low
2018-08-15,27.248767,-82.877983,Siesta Key; 19 mi W of,333,Background
2018-08-15,27.375433,-82.7729,Longboat Key; 8.5 mi W of,114840,Medium
2018-08-15,27.477067,-82.926933,Anna Maria Island; 14 mi W of,0,Background
2018-08-15,27.518583,-82.891667,Passage Key Inlet; 8.9 mi W of,0,Background
2018-08-15,27.3316,-82.5779,Bay Dock (Sarasota Bay),48200000,High (closure)
2018-08-15,27.33375,-82.57938,New Pass Dock (Sarasota Bay),8720000,High (closure)
2018-08-16,27.3316,-82.5779,Bay Dock (Sarasota Bay),21520000,High (closure)
2018-08-16,27.33375,-82.57938,New Pass Dock (Sarasota Bay),31000000,High (closure)
2018-07-19,26.905182,-82.328562,Maryland Avenue; SW of (Lemon Bay),26833787,High (closure)
2018-07-20,26.933432,-82.367157,Englewood Beach,17616144,High (closure)
2018-08-15,26.817306,-82.274306,Bird Key; E of (Gasparilla Pass),718333,Medium
2018-08-15,26.897722,-82.340333,Stump Pass,415000,Medium
2018-08-14,26.869961,-82.309673,Aquamarina Palm Harbour (Lemon Bay),426000,Medium
2018-08-14,26.885853,-82.355694,Stump Pass; 1.1 mi SW of,1364580,High (closure)
2018-08-15,25.871944,-81.693544,Blind Pass,0,Background
2018-08-15,25.863268,-81.669487,Cape Romano Island (Gullivan Bay),0,Background
2018-08-16,26.78126,-82.30361,Gasparilla Pass; 2.3 mi SW of,67000,Low
2018-08-16,26.78126,-82.30361,Gasparilla Pass; 2.3 mi SW of,113498,Medium
2018-08-16,26.78126,-82.30361,Gasparilla Pass; 2.3 mi SW of,0,Background
2018-08-16,26.74277,-82.41968,Boca Grande; 9.6 mi W of,142333,Medium
2018-08-16,26.74277,-82.41968,Boca Grande; 9.6 mi W of,256394,Medium
2018-08-16,26.74277,-82.41968,Boca Grande; 9.6 mi W of,4000,Very low
2018-08-16,26.67209,-82.55954,Cayo Costa; 19 mi W of,0,Background
2018-08-16,26.67209,-82.55954,Cayo Costa; 19 mi W of,1000,Very low
2018-08-16,26.67209,-82.55954,Cayo Costa; 19 mi W of,0,Background
2018-06-24,25.9117,-81.8,Marco Island; 4.4 mi W of,1242739,High (closure)
2018-06-12,26.758475,-82.258792,Jean Lafitte Drive; SE of (Boca Grande Bayou),217056,Medium
2018-06-19,26.50495,-82.082898,Cherry Estates Parkway; NE of (Monroe Canal),0,Background
2018-06-17,25.912484,-81.717091,Caxambas Park Boat Ramp (Caxambas Pass),126000,Medium
2018-06-27,27.51477,-82.68395,Mead Point (Lower Tampa Bay),0,Background
2018-06-27,27.529833,-82.704,School Key; NE of (Lower Tampa Bay),0,Background
2018-06-27,27.59275,-82.629067,South Skyway Causeway; NE end of (Lower Tampa Bay),0,Background
2018-06-27,27.587433,-82.61895,South Skyway Rest Area; NW of (Lower Tampa Bay),0,Background
2018-06-27,27.632617,-82.5782,Little Redfish Creek; 1.1 mi NW of (Lower Tampa Bay),0,Background
2018-06-27,27.595514,-82.5912,Joe Island; N of (Lower Tampa Bay),0,Background
2018-06-27,26.5264,-82.1945,Alison Hagerup Beach Park,3667,Very low
2018-06-27,26.4217,-82.0801,Tarpon Bay Road Beach,333,Background
2018-06-27,26.45157,-82.01543,Lighthouse Beach,0,Background
2018-06-27,26.45398,-81.95776,Lynn Hall Park,0,Background
2018-06-27,26.3901,-81.8795,Lovers Key State Park,0,Background
2018-06-27,26.33105,-81.84574,Bonita Beach Park,0,Background
2018-06-27,26.4836,-82.012,Sanibel Causeway: SE end of (San Carlos Bay),333,Background
2018-06-27,26.4848,-82.0019,Punta Rassa Road; S of (San Carlos Bay),333,Background
2018-06-01,27.3316,-82.5779,Bay Dock (Sarasota Bay),5000,Very low
2018-06-01,27.33375,-82.57938,New Pass Dock (Sarasota Bay),1000,Very low
2018-06-04,27.3316,-82.5779,Bay Dock (Sarasota Bay),87000,Low
2018-06-04,27.33375,-82.57938,New Pass Dock (Sarasota Bay),28000,Low
2018-06-05,27.3316,-82.5779,Bay Dock (Sarasota Bay),33000,Low
2018-06-05,27.33375,-82.57938,New Pass Dock (Sarasota Bay),28000,Low
2018-06-06,27.3316,-82.5779,Bay Dock (Sarasota Bay),18000,Low
2018-06-06,27.33375,-82.57938,New Pass Dock (Sarasota Bay),47000,Low
2018-06-07,27.3316,-82.5779,Bay Dock (Sarasota Bay),166000,Medium
2018-06-07,27.33375,-82.57938,New Pass Dock (Sarasota Bay),68000,Low
2018-06-07,27.33717,-82.58067,Quick Point (New Pass),22667,Low
2018-06-07,27.443167,-82.688,Longboat Pass (Sarasota Bay),23333,Low
2018-06-07,27.438,-82.6435,Coon Key; S of (Sarasota Bay),0,Background
2018-06-07,26.4835,-82.012,Sanibel Causeway; SE end of (San Carlos Bay),0,Background
2018-06-07,26.4848,-82.0019,Punta Rassa Road; SE of (San Carlos Bay),0,Background
2018-06-07,25.988486,-81.748338,Sea Oat Island; N of,0,Background
2018-06-07,26.090353,-81.805893,Gordon Pass; SW of,0,Background
2018-06-07,26.91183,-82.08607,Don Quixote Drive; canal N of,0,Background
2018-06-07,26.93044,-82.0599,Pittman Park (Peace River),0,Background
2018-06-04,26.591733,-82.502883,North Captiva Island; 17 mi W of,0,Background
2018-06-04,26.617833,-82.502717,Captiva Pass; 17 mi W of,0,Background
2018-06-04,26.674033,-82.343483,Cayo Costa; 5.1 mi W of,1000,Very low
2018-06-11,27.6133,-82.7391,Mullet Key; Gulf Pier,1000,Very low
2018-06-11,27.6055,-82.6508,Skyway Fishing Pier; South (Lower Tampa Bay),0,Background
2018-06-11,27.58512,-82.61482,Fletcher Point (Lower Tampa Bay),0,Background
2018-06-11,27.4959,-82.6522,Palma Sola Bay Bridge,3667,Very low
2018-06-11,27.44602,-82.68798,Longboat Pass Boat Ramp (Sarasota Bay),14667,Low
2018-06-11,27.5385,-82.7402,Anna Maria Island Rod & Reel Pier (Lower Tampa Bay),1333,Very low
2018-05-09,26.80562,-82.27415,Boca Grande Pier (Gasparilla Sound),0,Background
2018-05-10,27.50656,-82.66866,9th Avenue NW; pond W of,0,Background
2018-05-10,27.5066,-82.66883,9th Avenue NW; pond W of,0,Background
2018-05-10,26.30481,-81.8362,Barefoot Beach State Preserve,16667,Low
2018-05-10,26.25375,-81.82377,Vanderbilt Beach,0,Background
2018-05-10,26.2073,-81.8169,Seagate,0,Background
2018-05-10,26.13163,-81.8063,Naples Pier,333,Background
2018-05-10,25.91165,-81.72805,South Marco Beach,0,Background
2018-05-13,26.4525,-81.9567,Fort Myers Beach Pier,0,Background
2018-05-13,26.30481,-81.8362,Barefoot Beach State Preserve,0,Background
2018-05-13,26.4897,-82.0125,Harbour Point Drive; W of (San Carlos Bay),0,Background
2018-05-11,25.844755,-81.678135,Cape Romano; S of,0,Background
2018-05-11,25.885521,-81.643304,Coon Key; SW of,0,Background
2018-05-07,26.512167,-82.054983,Givney Key; S of (Matlacha Pass),1667,Very low
2018-05-11,27.535133,-82.728467,Anna Maria City Pier; E of (Lower Tampa Bay),333,Background
2018-05-11,27.53815,-82.733033,Anna Maria City Pier; NW of (Lower Tampa Bay),333,Background
2018-05-14,27.6133,-82.7391,Mullet Key; Gulf Pier,0,Background
2018-05-14,27.6055,-82.6508,Skyway Fishing Pier; South (Lower Tampa Bay),0,Background
2018-05-14,27.58512,-82.61482,Fletcher Point (Lower Tampa Bay),0,Background
2018-05-14,27.4959,-82.6522,Palma Sola Bay Bridge,0,Background
2018-05-14,27.44602,-82.68798,Longboat Pass Boat Ramp (Sarasota Bay),0,Background
2018-05-14,27.5385,-82.7402,Anna Maria Island Rod & Reel Pier (Lower Tampa Bay),0,Background
2018-05-14,27.37317,-82.63202,Longboat Key Beach,0,Background
2018-05-14,27.32682,-82.56244,Ringling Causeway,0,Background
2018-05-14,27.31561,-82.58171,North Lido Beach,0,Background
2018-05-14,27.311,-82.57718,Lido Beach Casino,0,Background
2018-05-14,27.29818,-82.56739,South Lido Park,0,Background
2018-05-14,27.26518,-82.5531,Siesta Beach,0,Background
2018-05-14,27.21843,-82.51711,Turtle Beach,0,Background
2018-05-14,27.12332,-82.47122,Nokomis Beach,0,Background
2018-05-14,27.11382,-82.46883,North Jetty,0,Background
2018-05-14,27.10034,-82.46089,Venice Beach,0,Background
2018-05-14,27.0735,-82.4515,Venice Fishing Pier; N of,0,Background
2018-05-14,27.06631,-82.448,Brohard Beach,0,Background
2018-05-14,26.5857,-82.0645,McCardle Island; SW of (Matlacha Pass),0,Background
2018-05-14,27.05703,-82.4436,Caspersen Beach,0,Background
2018-05-14,26.500278,-82.0475,Merwin Key; W of (San Carlos Bay),0,Background
2018-05-14,26.7003,-82.1208,Jug Creek Point; E of (Matlacha Pass),0,Background
2018-05-14,27.01031,-82.41312,Manasota Beach,0,Background
2018-05-14,26.96324,-82.38565,Blind Pass Beach,0,Background
2018-05-14,26.7117,-82.2583,Boca Grande Pass,0,Background
2018-05-14,26.6798,-82.2196,Mondongo Island; W of (Pine Island Sound),0,Background
2018-05-14,26.6092,-82.221,Captiva Pass,0,Background
2018-05-14,26.59925,-82.18463,Captiva Rocks; SW of (Pine Island Sound),333,Background
2018-05-14,26.5535,-82.1963,Redfish Pass (Pine Island Sound),333,Background
2018-05-14,26.560417,-82.170817,Redfish Pass; 1.8 mi E of (Pine Island Sound),0,Background
2018-05-14,26.532117,-82.15667,Buck Key; 1.9 mi NE of (Pine Island Sound),0,Background
2018-05-14,26.488,-82.1815,Buck Key; S of (Blind Pass),0,Background
2018-05-14,26.4887,-82.1073,York Island; W of (Pine Island Sound),0,Background
2018-05-14,26.538,-82.1257,Regla Island; W of (Pine Island Sound),0,Background
2018-05-14,26.5767,-82.1347,Cork Island; W of (Pine Island Sound),0,Background
2018-05-14,26.5902,-82.1561,Hemp Key; S of (Pine Island Sound),0,Background
2018-05-14,26.705,-82.1837,Little Bokeelia Island; N of (Charlotte Harbor),0,Background
2018-07-11,26.95236,-82.37059,Indian Mound Park; SW of (Lemon Bay),42000,Low
2018-07-19,25.91165,-81.72805,South Marco Beach,1333,Very low
2018-07-19,26.30481,-81.8362,Barefoot Beach State Preserve,57333,Low
2018-07-19,26.25375,-81.82377,Vanderbilt Beach,333,Background
2018-07-19,26.2073,-81.8169,Seagate,0,Background
2018-07-19,26.13163,-81.8063,Naples Pier,1667,Very low
2018-07-18,27.31499,-82.58256,John Ringling Boulevard; SW of,0,Background
2018-07-20,27.3316,-82.5779,Bay Dock (Sarasota Bay),1000,Very low
2018-07-20,27.33375,-82.57938,New Pass Dock (Sarasota Bay),0,Background
2018-07-20,26.873554,-82.314488,Bay Point Drive; SW of (Lemon Bay),1667,Very low
2018-07-20,26.83271,-82.26962,Placida Park Boat Ramp (Placida Harbor),130333,Medium
2018-07-19,27.039867,-82.431548,Saturn Road; W of,4500720,High (closure)
2018-07-19,27.035835,-82.428738,Manasota Key Road; NW of,21544068,High (closure)
2018-07-23,27.3316,-82.5779,Bay Dock (Sarasota Bay),0,Background
2018-07-23,27.33375,-82.57938,New Pass Dock (Sarasota Bay),0,Background
2018-07-23,27.6133,-82.7391,Mullet Key; Gulf Pier,0,Background
2018-07-23,27.6055,-82.6508,Skyway Fishing Pier; South (Lower Tampa Bay),0,Background
2018-07-23,27.58512,-82.61482,Fletcher Point (Lower Tampa Bay),0,Background
2018-07-23,27.4959,-82.6522,Palma Sola Bay Bridge,0,Background
2018-07-23,27.44602,-82.68798,Longboat Pass Boat Ramp (Sarasota Bay),0,Background
2018-07-23,27.5385,-82.7402,Anna Maria Island Rod & Reel Pier (Lower Tampa Bay),0,Background
2018-07-22,26.6573,-81.8829,North Shore Park (Caloosahatchee River),0,Background
2018-07-22,26.64413,-82.05578,Sirenia Vista Canoe & Kayak Launch,0,Background
2018-07-22,26.398667,-81.967733,Big Carlos Pass; 5.1 m W of,784700,Medium
2018-07-22,26.428967,-81.9635,Primo Drive; 1.6 mi SW of,66000,Low
2018-07-22,26.91182,-82.08596,Don Quixote Drive; canal N of (Peace River),0,Background
2018-07-22,26.92549,-82.08728,Vivante Boulevard; N of (Charlotte Harbor),0,Background
2018-07-22,27.60669,-82.57042,Harbor Key; S of (Bishop Harbor),0,Background
2018-07-22,27.60361,-82.56189,Kitchen Key; SE of (Bishop Harbor),0,Background
2018-07-24,27.37317,-82.63202,Longboat Key Beach,0,Background
2018-07-24,27.32682,-82.56244,Ringling Causeway,0,Background
2018-07-24,27.31561,-82.58171,North Lido Beach,0,Background
2018-07-24,27.311,-82.57718,Lido Beach Casino,1000,Very low
2018-03-21,26.3901,-81.8795,Lovers Key State Park,147645,Medium
2018-03-21,26.33105,-81.84574,Bonita Beach Park,259444,Medium
2018-03-20,26.92467,-82.36189,Englewood Beach,0,Background
2018-03-20,26.80562,-82.27415,Boca Grande Pier (Gasparilla Sound),88000,Low
2018-03-21,27.4362,-82.69012,North Shore Road Pier,0,Background
2018-03-21,27.4003,-82.6515,Atlas Street; W of,0,Background
2018-03-21,27.3225,-82.5803,St. Armands Key; N of (Pansy Bayou),0,Background
2018-03-21,27.3324,-82.5462,Marina Jack (Sarasota Bay),0,Background
2018-03-19,27.55661,-82.78781,Egmont Key; 2.3 mi SW of,0,Background
2018-03-19,27.55661,-82.78781,Egmont Key; 2.3 mi SW of,0,Background
2018-03-19,27.4504,-82.76839,Coquina Beach; 4.6 mi W of,0,Background
2018-03-19,27.4504,-82.76839,Coquina Beach; 4.6 mi W of,0,Background
2018-03-19,27.36557,-82.69319,Longboat Key; 4.1 mi W of,0,Background
2018-03-19,27.36557,-82.69319,Longboat Key; 4.1 mi W of,0,Background
2018-03-19,27.30897,-82.61293,Lido Beach; 2.3 mi W of,0,Background
2018-03-19,27.30897,-82.61293,Lido Beach; 2.3 mi W of,0,Background
2018-03-19,27.30897,-82.61293,Lido Beach; 2.3 mi W of,0,Background
2018-03-19,27.20647,-82.57573,Turtle Beach; 4 mi W of,0,Background
2018-03-19,27.20647,-82.57573,Turtle Beach; 4 mi W of,0,Background
2018-03-19,27.11184,-82.51702,Venice Inlet; 3 mi W of,0,Background
2018-03-19,27.11184,-82.51702,Venice Inlet; 3 mi W of,0,Background
2018-03-19,27.01283,-82.46982,Manasota Beach; 3.4 mi W of,0,Background
2018-03-19,27.01283,-82.46982,Manasota Beach; 3.4 mi W of,0,Background
2018-03-19,26.91813,-82.41211,Punta Gorda Beach; 3.3 mi W of,0,Background
2018-03-19,26.91813,-82.41211,Punta Gorda Beach; 3.3 mi W of,0,Background
2018-03-19,26.82491,-82.3501,Little Gasparilla Island; 3.8 mi W of,0,Background
2018-03-19,26.70117,-82.28919,Boca Grande Pass; 2 mi W of,570000,Medium
2018-03-19,26.70117,-82.28919,Boca Grande Pass; 2 mi W of,46000,Low
2018-03-19,26.61003,-82.29105,Captiva Pass; 4.2 mi W of,2450000,High (closure)
2018-03-19,26.61003,-82.29105,Captiva Pass; 4.2 mi W of,0,Background
2018-03-19,26.50312,-82.27413,Captiva Island; 5.2 mi W of,177000,Medium
2018-03-14,26.48157,-82.180219,Castaways Marina Boat Ramp,97594,Low
2018-03-19,26.50312,-82.27413,Captiva Island; 5.2 mi W of,15000,Low
2018-03-19,26.41634,-82.2026,Bowmans Beach; 4 mi SW of,123000,Medium
2018-03-19,26.41634,-82.2026,Bowmans Beach; 4 mi SW of,27000,Low
2018-03-19,26.339,-82.119,Tarpon Bay Road Beach; 6.2 mi SW of,29000,Low
2018-03-19,26.339,-82.119,Tarpon Bay Road Beach; 6.2 mi SW of,16000,Low
2018-03-19,26.3141,-82.00202,Barefoot Beach; 10 mi W of,49000,Low
2018-03-19,26.484676,-82.01054,Punta Rassa Boat Ramp (San Carlos Bay),0,Background
2018-03-19,26.3141,-82.00202,Barefoot Beach; 10 mi W of,2000,Very low
2018-03-19,26.3878,-81.97891,Sanibel Beach; 4.9 mi SE of,57000,Low
2018-03-19,26.3878,-81.97891,Sanibel Beach; 4.9 mi SE of,4000,Very low
2018-03-19,26.3878,-81.97891,Sanibel Beach; 4.9 mi SE of,60000,Low
2018-03-19,27.35832,-82.92915,Longboat Key; 19 mi W of,0,Background
2018-03-19,27.35832,-82.92915,Longboat Key; 19 mi W of,0,Background
2018-03-19,27.1364,-82.76011,Casey Key; 18 mi W of,0,Background
2018-03-19,27.1364,-82.76011,Casey Key; 18 mi W of,0,Background
2018-03-19,26.79666,-82.57846,Gasparilla Pass; 18 mi W of,0,Background
2018-03-19,26.79666,-82.57846,Gasparilla Pass; 18 mi W of,0,Background
2018-03-19,26.28597,-82.34245,Wiggins Pass; 32 mi W of,0,Background
2018-03-19,26.28597,-82.34245,Wiggins Pass; 32 mi W of,0,Background
2018-03-16,26.510856,-82.189409,Tween Waters Inn Island Resort Boat Ramp (Pine Island Sound),61667,Low
2018-03-19,26.82491,-82.3501,Little Gasparilla Island; 3.8 mi W of,65000,Low
2018-03-22,26.13163,-81.8063,Naples Pier,617478,Medium
2018-03-06,26.500917,-82.16085,Buck Key; E of (Pine Island Sound),351807,Medium
2018-04-23,27.37317,-82.63202,Longboat Key Beach,0,Background
2018-04-23,27.32682,-82.56244,Ringling Causeway,0,Background
2018-04-25,27.4362,-82.69012,North Shore Road Pier,0,Background
2018-04-23,27.31561,-82.58171,North Lido Beach,0,Background
2018-04-23,27.311,-82.57718,Lido Beach Casino,0,Background
2018-04-25,27.4003,-82.6515,Atlas Street; W of,0,Background
2018-04-23,27.29818,-82.56739,South Lido Park,0,Background
2018-04-25,27.3225,-82.5803,St. Armands Key; N of (Pansy Bayou),0,Background
2018-04-23,27.26518,-82.5531,Siesta Beach,0,Background
2018-04-25,27.3324,-82.5462,Marina Jack (Sarasota Bay),0,Background
2018-04-23,27.21843,-82.51711,Turtle Beach,0,Background
2018-04-23,27.12332,-82.47122,Nokomis Beach,0,Background
2018-04-23,27.11382,-82.46883,North Jetty,0,Background
2018-04-23,27.10034,-82.46089,Venice Beach,0,Background
2018-04-23,27.0735,-82.4515,Venice Fishing Pier; N of,0,Background
2018-04-23,27.06631,-82.448,Brohard Beach,0,Background
2018-04-23,27.05703,-82.4436,Caspersen Beach,0,Background
2018-04-23,27.01031,-82.41312,Manasota Beach,0,Background
2018-04-23,26.96324,-82.38565,Blind Pass Beach,0,Background
2018-04-24,27.55661,-82.78781,Egmont Key; 2.3 mi SW of,0,Background
2018-04-24,27.55661,-82.78781,Egmont Key; 2.3 mi SW of,0,Background
2018-04-24,27.4504,-82.76839,Coquina Beach; 4.6 mi W of,0,Background
2018-04-24,27.4504,-82.76839,Coquina Beach; 4.6 mi W of,500,Background
2018-04-24,27.36557,-82.69319,Longboat Key; 4.1 mi W of,0,Background
2018-04-24,27.36557,-82.69319,Longboat Key; 4.1 mi W of,0,Background
2018-04-24,27.30897,-82.61293,Lido Beach; 2.3 mi W of,0,Background
2018-04-24,27.30897,-82.61293,Lido Beach; 2.3 mi W of,0,Background
2018-04-24,27.30897,-82.61293,Lido Beach; 2.3 mi W of,0,Background
2018-04-24,27.20647,-82.57573,Turtle Beach; 4 mi W of,0,Background
2018-04-24,27.20647,-82.57573,Turtle Beach; 4 mi W of,0,Background
2018-04-24,27.35832,-82.92915,Longboat Key; 19 mi W of,0,Background
2018-04-24,27.35832,-82.92915,Longboat Key; 19 mi W of,0,Background
2018-04-24,27.1364,-82.76011,Casey Key; 18 mi W of,0,Background
2018-04-24,27.1364,-82.76011,Casey Key; 18 mi W of,0,Background
2018-04-24,27.11184,-82.51702,Venice Inlet; 3 mi W of,0,Background
2018-04-24,27.11184,-82.51702,Venice Inlet; 3 mi W of,0,Background
2018-04-24,27.01283,-82.46982,Manasota Beach; 3.4 mi W of,0,Background
2018-04-24,27.01283,-82.46982,Manasota Beach; 3.4 mi W of,0,Background
2018-04-24,26.91813,-82.41211,Punta Gorda Beach; 3.3 mi W of,1000,Very low
2018-04-24,26.91813,-82.41211,Punta Gorda Beach; 3.3 mi W of,0,Background
2018-04-24,26.82491,-82.3501,Little Gasparilla Island; 3.8 mi W of,41000,Low
2018-04-24,26.82491,-82.3501,Little Gasparilla Island; 3.8 mi W of,6000,Very low
2018-04-24,26.70117,-82.28919,Boca Grande Pass; 2 mi W of,1500,Very low
2018-04-24,26.70117,-82.28919,Boca Grande Pass; 2 mi W of,500,Background
2018-04-24,26.61003,-82.29105,Captiva Pass; 4.2 mi W of,3000,Very low
2018-04-24,26.61003,-82.29105,Captiva Pass; 4.2 mi W of,500,Background
2018-04-24,26.50312,-82.27413,Captiva Island; 5.2 mi W of,3500,Very low
2018-04-24,26.50312,-82.27413,Captiva Island; 5.2 mi W of,4500,Very low
2018-04-24,26.41634,-82.2026,Bowmans Beach; 4 mi SW of,45500,Low
2018-04-24,26.41634,-82.2026,Bowmans Beach; 4 mi SW of,2500,Very low
2018-04-24,26.339,-82.119,Tarpon Bay Road Beach; 6.2 mi SW of,1000,Very low
2018-04-24,26.339,-82.119,Tarpon Bay Road Beach; 6.2 mi SW of,0,Background
2018-04-24,26.3141,-82.00202,Barefoot Beach; 10 mi W of,0,Background
2018-04-24,26.3141,-82.00202,Barefoot Beach; 10 mi W of,0,Background
2018-04-24,26.3878,-81.97891,Sanibel Beach; 4.9 mi SE of,172000,Medium
2018-04-24,26.3878,-81.97891,Sanibel Beach; 4.9 mi SE of,52000,Low
2018-04-24,26.3878,-81.97891,Sanibel Beach; 4.9 mi SE of,157500,Medium
2018-04-24,26.79666,-82.57846,Gasparilla Pass; 18 mi W of,500,Background
2018-04-24,26.79666,-82.57846,Gasparilla Pass; 18 mi W of,0,Background
2018-04-24,26.28597,-82.34245,Wiggins Pass; 32 mi W of,0,Background
2018-04-24,26.28597,-82.34245,Wiggins Pass; 32 mi W of,0,Background
2018-09-11,26.5627,-82.0704,Deer Stop Keys; SW of (Matlacha Pass),0,Background
2018-09-11,26.625,-82.0742,Porpoise Point Island; SW of (Matlacha Pass),0,Background
2018-09-05,27.3455,-82.59462,Quick Point; NW of (Sarasota Bay),1108000,High (closure)
2018-08-16,26.59536,-82.69769,Captiva Pass; 30 mi W of,0,Background
2018-08-16,26.59536,-82.69769,Captiva Pass; 30 mi W of,333,Background
2018-08-16,26.59536,-82.69769,Captiva Pass; 30 mi W of,0,Background
2018-08-16,26.55455,-82.25549,Redfish Pass; 3.6 mi W of,22000,Low
2018-08-16,26.55455,-82.25549,Redfish Pass; 3.6 mi W of,4333,Very low
2018-08-16,26.55505,-82.1949,Redfish Pass; E of (Pine Island Sound),1333,Very low
2018-08-16,26.58758,-82.19125,Foster Bay; NE of (Pine Island Sound),32333,Low
2018-08-16,26.61732,-82.20512,Captiva Pass; E of (Pine Island Sound),36667,Low
2018-08-16,26.66564,-82.219989,Whoopee Island; NW of (Pine Island Sound),73667,Low
2018-08-16,26.71435,-82.24748,Boca Grande Pass (Charlotte Harbor),16333,Low
2018-08-16,26.7705,-82.24395,Devilfish Key; W of (Gasparilla Sound),3333,Very low
2018-08-16,26.30481,-81.8362,Barefoot Beach State Preserve,0,Background
2018-08-16,26.25375,-81.82377,Vanderbilt Beach,1056020,High (closure)
2018-08-16,26.2073,-81.8169,Seagate,16431439,High (closure)
2018-08-16,26.13163,-81.8063,Naples Pier,866544,Medium
2018-08-16,25.91165,-81.72805,South Marco Beach,175428,Medium
2018-08-16,26.3674,-82.2912,Blind Pass; 10 mi SW of,1735078,High (closure)
2018-08-15,26.92467,-82.36189,Englewood Beach,2105280,High (closure)
2018-08-15,26.80562,-82.27415,Boca Grande Pier (Gasparilla Sound),1820700,High (closure)
2018-08-13,26.843333,-82.54,Stump Pass; 13 mi SW of,1271480,High (closure)
2018-08-13,26.8714,-82.415067,Stump Pass; 4.8 mi SW of,25650534,High (closure)
2018-08-17,27.3316,-82.5779,Bay Dock (Sarasota Bay),2000000,High (closure)
2018-08-17,27.33375,-82.57938,New Pass Dock (Sarasota Bay),8480000,High (closure)
2018-08-17,26.5117,-82.206,Captiva Island; W of,207333,Medium
2018-08-17,26.5117,-82.206,Captiva Island; W of,61333,Low
2018-08-17,26.4866,-82.2282,Blind Pass; 2.8 mi W of,2114700,High (closure)
2018-08-17,26.4866,-82.2282,Blind Pass; 2.8 mi W of,103667,Medium
2018-08-17,26.3968,-82.2407,Bowmans Beach; 6.9 mi SW of,4747833,High (closure)
2018-08-17,26.3968,-82.2407,Bowmans Beach; 6.9 mi SW of,86000,Low
2018-08-17,26.4269,-82.1345,Sanibel Rocks; S of,2936640,High (closure)
2018-08-17,26.4269,-82.1345,Sanibel Rocks; S of,120333,Medium
2018-08-17,26.92467,-82.36189,Englewood Beach,1113017,High (closure)
2018-08-17,27.05703,-82.4436,Caspersen Beach,7150289,High (closure)
2018-08-17,27.1134,-82.467699,North Jetty Park (Venice Inlet),1128583,High (closure)
2018-08-20,27.486683,-82.6424,Portosueno Park (Palma Sola Bay),0,Background
2018-08-20,27.687683,-82.738533,Pass-a-Grille Beach,8667,Very low
2018-08-20,27.6133,-82.7391,Mullet Key; Gulf Pier,120004,Medium
2018-08-20,27.6055,-82.6508,Skyway Fishing Pier; South (Lower Tampa Bay),7667,Very low
2018-08-20,27.58512,-82.61482,Fletcher Point (Lower Tampa Bay),0,Background
2018-08-20,27.4959,-82.6522,Palma Sola Bay Bridge,3200760,High (closure)
2018-08-20,27.44602,-82.68798,Longboat Pass Boat Ramp (Sarasota Bay),5410440,High (closure)
2018-08-20,27.5385,-82.7402,Anna Maria Island Rod & Reel Pier (Lower Tampa Bay),1460340,High (closure)
2018-08-20,27.37317,-82.63202,Longboat Key Beach,22720000,High (closure)
2018-08-20,27.32682,-82.56244,Ringling Causeway,6720000,High (closure)
2018-08-20,27.31561,-82.58171,North Lido Beach,15520000,High (closure)
2018-08-20,27.311,-82.57718,Lido Beach Casino,25280000,High (closure)
2018-08-20,27.29818,-82.56739,South Lido Park,9120000,High (closure)
2018-08-20,27.26518,-82.5531,Siesta Beach,0,Background
2018-08-20,27.21843,-82.51711,Turtle Beach,2844000,High (closure)
2018-08-20,27.12332,-82.47122,Nokomis Beach,22000000,High (closure)
2018-08-20,27.11382,-82.46883,North Jetty,16720000,High (closure)
2018-08-20,27.10034,-82.46089,Venice Beach,31120000,High (closure)
2018-08-20,27.07827,-82.45286,Service Club Park,368000,Medium
2018-08-20,27.0735,-82.4515,Venice Fishing Pier; N of,8000,Very low
2018-08-20,27.06631,-82.448,Brohard Beach,0,Background
2018-08-20,27.05703,-82.4436,Caspersen Beach,4000,Very low
2018-06-11,26.538,-82.1257,Regla Island; W of (Pine Island Sound),0,Background
2018-06-11,26.53618,-82.14646,Regla Island; 1.4 mi W of (Pine Island Sound),0,Background
2018-06-11,26.5767,-82.1347,Cork Island; W of (Pine Island Sound),0,Background
2018-06-11,26.5902,-82.1561,Hemp Key; S of (Pine Island Sound),2667,Very low
2018-06-11,26.560417,-82.170817,Redfish Pass; 1.8 mi E of (Pine Island Sound),82413,Low
2018-06-11,26.532117,-82.15667,Buck Key; 1.9 mi NE of (Pine Island Sound),0,Background
2018-06-11,26.59925,-82.18463,Captiva Rocks; SW of (Pine Island Sound),284088,Medium
2018-06-11,26.5857,-82.0645,McCardle Island; SW of (Matlacha Pass),667,Background
2018-06-11,26.500278,-82.0475,Merwin Key; W of (San Carlos Bay),0,Background
2018-06-11,26.7003,-82.1208,Jug Creek Point; E of (Matlacha Pass),0,Background
2018-06-11,26.816167,-82.2805,Gasparilla Pass,814656,Medium
2018-06-11,26.7117,-82.2583,Boca Grande Pass,124533,Medium
2018-06-11,26.74065,-82.2145,Cayo Pelau; 2 mi S of (Charlotte Harbor),1667,Very low
2018-06-11,26.786021,-82.223062,Cayo Pelau; N of (Gasparilla Sound),53000,Low
2018-06-11,26.782417,-82.209383,Bull Key; NW of (Bull Bay),2333,Very low
2018-06-11,26.798,-82.231,Sandfly Key; NE of (Gasparilla Sound),15667,Low
2018-06-11,26.8164,-82.2526,Catfish Creek; mouth of (Gasparilla Sound),30667,Low
2018-06-11,26.30481,-81.8362,Barefoot Beach State Preserve,0,Background
2018-06-11,26.25375,-81.82377,Vanderbilt Beach,0,Background
2018-06-11,26.2073,-81.8169,Seagate,0,Background
2018-06-11,26.13163,-81.8063,Naples Pier,0,Background
2018-06-11,25.91165,-81.72805,South Marco Beach,2667,Very low
2018-06-10,26.397333,-81.9742,Big Carlos Pass; 5.5 mi W of,0,Background
2018-06-10,26.442283,-81.97395,Lynn Hall Beach; 1.2 mi SW of,0,Background
2018-06-11,26.09759,-81.811367,Cutlass Lane; W of,0,Background
2018-06-11,26.131223,-81.816913,Naples Pier; W of,22667,Low
2018-06-12,27.51477,-82.68395,Mead Point (Lower Tampa Bay),333,Background
2018-06-12,27.529833,-82.704,School Key; NE of (Lower Tampa Bay),1667,Very low
2018-06-12,27.59275,-82.629067,South Skyway Causeway; NE end of (Lower Tampa Bay),0,Background
2018-06-12,27.587433,-82.61895,South Skyway Rest Area; NW of (Lower Tampa Bay),0,Background
2018-06-12,27.632617,-82.5782,Little Redfish Creek; 1.1 mi NW of (Lower Tampa Bay),0,Background
2018-06-12,27.595514,-82.5912,Joe Island; N of (Lower Tampa Bay),0,Background
2018-06-12,27.5395,-82.6285,Emerson Point Preserve Dock; NE of (Terra Ceia Bay),0,Background
2018-06-11,26.6678,-82.0946,Ben Coleman Keys (Matlacha Pass),0,Background
2018-06-11,26.5627,-82.0704,Deer Stop Keys; SW of (Matlacha Pass),0,Background
2018-06-11,26.625,-82.0742,Porpoise Point Island; SW of (Matlacha Pass),0,Background
2018-06-11,26.704067,-82.523667,Boca Grande Pass; 16 mi W of,0,Background
2018-06-11,26.705617,-82.598217,Boca Grande Pass; 21 mi W of,0,Background
2018-06-11,26.719417,-82.319967,Boca Grande Pass; 3.8 mi W of,54333,Low
2018-06-11,26.705567,-82.433533,Boca Grande Pass; 11 mi W of,0,Background
2018-06-10,26.6573,-81.8829,North Shore Park (Caloosahatchee River),0,Background
2018-06-10,26.64413,-82.05578,Sirenia Vista Canoe & Kayak Launch,0,Background
2018-06-28,25.91165,-81.72805,South Marco Beach,5667,Very low
2018-06-28,26.13163,-81.8063,Naples Pier,0,Background
2018-06-28,26.2073,-81.8169,Seagate,0,Background
2018-06-28,26.25375,-81.82377,Vanderbilt Beach,0,Background
2018-06-28,26.30481,-81.8362,Barefoot Beach State Preserve,0,Background
2018-06-28,26.92467,-82.36189,Englewood Beach,27746720,High (closure)
2018-06-27,26.80562,-82.27415,Boca Grande Pier (Gasparilla Sound),0,Background
2018-06-28,26.33148,-81.846456,Bonita Beach Park,0,Background
2018-06-28,26.603433,-82.5067,Captiva Pass; 18 mi W of,2000,Very low
2018-06-28,26.623517,-82.4396,Captiva Pass; 14 mi W of,0,Background
2018-06-28,26.660067,-82.37795,Captiva Pass; 10 mi W of,119667,Medium
2018-06-28,26.688367,-82.32245,Boca Grande Pass; 4.3 mi W of,675640,Medium
2018-06-24,26.496467,-82.0298,Big Island; SE of (San Carlos Bay),0,Background
2018-06-25,26.51625,-82.049583,Givney Key; E of (Matlacha Pass),0,Background
2018-06-28,26.5416,-82.13975,Regla Island; 1.1 mi W of (Pine Island Sound),0,Background
2018-06-28,26.455817,-82.014,Sanibel Fishing Pier; NE of (San Carlos Bay),0,Background
2018-07-02,27.37317,-82.63202,Longboat Key Beach,0,Background
2018-07-02,27.32682,-82.56244,Ringling Causeway,8000,Very low
2018-07-02,27.31561,-82.58171,North Lido Beach,1000,Very low
2018-07-02,27.311,-82.57718,Lido Beach Casino,0,Background
2018-07-02,27.29818,-82.56739,South Lido Park,1000,Very low
2018-07-02,27.26518,-82.5531,Siesta Beach,0,Background
2018-07-02,27.21843,-82.51711,Turtle Beach,5000,Very low
2018-07-02,27.12332,-82.47122,Nokomis Beach,30000,Low
2018-07-02,27.11382,-82.46883,North Jetty,32000,Low
2018-07-02,27.10034,-82.46089,Venice Beach,737000,Medium
2018-07-02,27.07827,-82.45286,Service Club Park,14800000,High (closure)
2018-07-02,27.0735,-82.4515,Venice Fishing Pier; N of,6400000,High (closure)
2018-07-02,27.06631,-82.448,Brohard Beach,14300000,High (closure)
2018-07-02,27.05703,-82.4436,Caspersen Beach,23400000,High (closure)
2018-07-02,27.01031,-82.41312,Manasota Beach,23900000,High (closure)
2018-07-02,26.96324,-82.38565,Blind Pass Beach,5400000,High (closure)
2018-06-28,27.11184,-82.51702,Venice Inlet; 3 mi W of,267000,Medium
2018-06-28,27.11184,-82.51702,Venice Inlet; 3 mi W of,379000,Medium
2018-06-28,27.01283,-82.46982,Manasota Beach; 3.4 mi W of,352000,Medium
2018-06-28,27.01283,-82.46982,Manasota Beach; 3.4 mi W of,244000,Medium
2018-06-28,26.91813,-82.41211,Punta Gorda Beach; 3.3 mi W of,64000,Low
2018-06-28,26.91813,-82.41211,Punta Gorda Beach; 3.3 mi W of,277000,Medium
2018-06-28,26.82491,-82.3501,Little Gasparilla Island; 3.8 mi W of,216000,Medium
2018-06-28,26.82491,-82.3501,Little Gasparilla Island; 3.8 mi W of,100000,Medium
2018-06-28,26.70117,-82.28919,Boca Grande Pass; 2 mi W of,1380000,High (closure)
2018-06-28,26.70117,-82.28919,Boca Grande Pass; 2 mi W of,410000,Medium
2018-06-28,26.66334,-82.2856,2.4 mi WSW of Costa Cayo,1085000,High (closure)
2018-06-28,26.63501,-82.28841,3.7 mi WSW of Nokomis Key,613000,Medium
2018-06-28,26.61003,-82.29105,Captiva Pass; 4.2 mi W of,1809000,High (closure)
2018-06-28,26.61003,-82.29105,Captiva Pass; 4.2 mi W of,327000,Medium
2018-06-28,26.57338,-82.285,4 mi WSW of North Captiva Island,796000,Medium
2018-06-28,26.53886,-82.27969,5.7 mi West of Captiva Island,683000,Medium
2018-06-28,26.50312,-82.27413,Captiva Island; 5.2 mi W of,261000,Medium
2018-06-28,26.50312,-82.27413,Captiva Island; 5.2 mi W of,175000,Medium
2018-06-28,26.41634,-82.2026,Bowmans Beach; 4 mi SW of,84000,Low
2018-06-28,26.41634,-82.2026,Bowmans Beach; 4 mi SW of,114000,Medium
2018-06-28,26.339,-82.119,Tarpon Bay Road Beach; 6.2 mi SW of,18000,Low
2018-06-28,26.339,-82.119,Tarpon Bay Road Beach; 6.2 mi SW of,52000,Low
2018-06-28,26.3141,-82.00202,Barefoot Beach; 10 mi W of,0,Background
2018-06-28,26.3141,-82.00202,Barefoot Beach; 10 mi W of,4000,Very low
2018-06-28,26.3878,-81.97891,Sanibel Beach; 4.9 mi SE of,1000,Very low
2018-06-28,26.3878,-81.97891,Sanibel Beach; 4.9 mi SE of,2000,Very low
2018-06-28,26.79666,-82.57846,Gasparilla Pass; 18 mi W of,0,Background
2018-06-28,26.79666,-82.57846,Gasparilla Pass; 18 mi W of,0,Background
2018-06-28,26.28597,-82.34245,Wiggins Pass; 32 mi W of,52000,Low
2018-06-28,26.28597,-82.34245,Wiggins Pass; 32 mi W of,2000,Very low
2018-06-28,26.3878,-81.97891,Sanibel Beach; 4.9 mi SE of,0,Background
2018-07-02,27.6133,-82.7391,Mullet Key; Gulf Pier,0,Background
2018-07-02,27.6055,-82.6508,Skyway Fishing Pier; South (Lower Tampa Bay),0,Background
2018-05-09,26.751151,-82.257204,4th Street E; N of (Boca Grande Bayou),0,Background
2018-05-07,26.832676,-82.269646,Placida Park Boat Ramp (Placida Harbor),0,Background
2018-05-13,26.6573,-81.8829,North Shore Park (Caloosahatchee River),0,Background
2018-05-13,26.64413,-82.05578,Sirenia Vista Canoe & Kayak Launch,0,Background
2018-05-09,27.3316,-82.5779,Bay Dock (Sarasota Bay),0,Background
2018-05-09,27.33375,-82.57938,New Pass Dock (Sarasota Bay),0,Background
2018-05-10,27.3316,-82.5779,Bay Dock (Sarasota Bay),0,Background
2018-05-10,27.33375,-82.57938,New Pass Dock (Sarasota Bay),0,Background
2018-05-11,27.3316,-82.5779,Bay Dock (Sarasota Bay),0,Background
2018-05-11,27.33375,-82.57938,New Pass Dock (Sarasota Bay),0,Background
2018-05-14,27.3316,-82.5779,Bay Dock (Sarasota Bay),0,Background
2018-05-14,27.33375,-82.57938,New Pass Dock (Sarasota Bay),0,Background
2018-05-15,27.3316,-82.5779,Bay Dock (Sarasota Bay),0,Background
2018-05-15,27.33375,-82.57938,New Pass Dock (Sarasota Bay),0,Background
2018-05-15,26.816167,-82.2805,Gasparilla Pass,0,Background
2018-05-15,26.7117,-82.2583,Boca Grande Pass,0,Background
2018-05-15,26.74065,-82.2145,Cayo Pelau; 2 mi S of (Charlotte Harbor),0,Background
2018-05-15,26.786021,-82.223062,Cayo Pelau; N of (Gasparilla Sound),0,Background
2018-05-15,26.782417,-82.209383,Bull Key; NW of (Bull Bay),1667,Very low
2018-05-15,26.798,-82.231,Sandfly Key; NE of (Gasparilla Sound),0,Background
2018-05-15,26.8164,-82.2526,Catfish Creek; mouth of (Gasparilla Sound),0,Background
2018-05-15,26.911667,-82.158833,Hog Island; S of (Charlotte Harbor),1667,Very low
2018-05-15,26.30481,-81.8362,Barefoot Beach State Preserve,2667,Very low
2018-05-15,26.25375,-81.82377,Vanderbilt Beach,0,Background
2018-05-15,26.2073,-81.8169,Seagate,0,Background
2018-05-15,26.13163,-81.8063,Naples Pier,0,Background
2018-05-15,25.91165,-81.72805,South Marco Beach,0,Background
2018-07-24,27.29818,-82.56739,South Lido Park,0,Background
2018-07-24,27.26518,-82.5531,Siesta Beach,0,Background
2018-07-24,27.21843,-82.51711,Turtle Beach,0,Background
2018-07-24,27.12332,-82.47122,Nokomis Beach,47000,Low
2018-07-24,27.11382,-82.46883,North Jetty,14000,Low
2018-07-24,27.10034,-82.46089,Venice Beach,49000,Low
2018-07-24,27.07827,-82.45286,Service Club Park,132000,Medium
2018-07-24,27.0735,-82.4515,Venice Fishing Pier; N of,168000,Medium
2018-07-24,27.06631,-82.448,Brohard Beach,196000,Medium
2018-07-24,27.05703,-82.4436,Caspersen Beach,177000,Medium
2018-07-24,27.01031,-82.41312,Manasota Beach,1520000,High (closure)
2018-07-24,26.96324,-82.38565,Blind Pass Beach,2590000,High (closure)
2018-07-19,26.465892,-82.055058,San Carlos Bay Drive; canal S of,0,Background
2018-07-24,26.7117,-82.2583,Boca Grande Pass,832320,Medium
2018-07-24,26.6798,-82.2196,Mondongo Island; W of (Pine Island Sound),1000,Very low
2018-07-24,26.6092,-82.221,Captiva Pass,1673140,High (closure)
2018-07-24,26.59925,-82.18463,Captiva Rocks; SW of (Pine Island Sound),110667,Medium
2018-07-24,26.5535,-82.1963,Redfish Pass (Pine Island Sound),431000,Medium
2018-07-24,26.560417,-82.170817,Redfish Pass; 1.8 mi E of (Pine Island Sound),2505120,High (closure)
2018-07-24,26.532117,-82.15667,Buck Key; 1.9 mi NE of (Pine Island Sound),504336,Medium
2018-07-24,26.488,-82.1815,Buck Key; S of (Blind Pass),667,Background
2018-07-24,26.4887,-82.1073,York Island; W of (Pine Island Sound),0,Background
2018-07-24,26.538,-82.1257,Regla Island; W of (Pine Island Sound),0,Background
2018-07-24,26.5767,-82.1347,Cork Island; W of (Pine Island Sound),0,Background
2018-07-24,26.5902,-82.1561,Hemp Key; S of (Pine Island Sound),62000,Low
2018-07-24,26.705,-82.1837,Little Bokeelia Island; N of (Charlotte Harbor),333,Background
2018-07-24,26.5857,-82.0645,McCardle Island; SW of (Matlacha Pass),0,Background
2018-07-24,26.500278,-82.0475,Merwin Key; W of (San Carlos Bay),11667,Low
2018-07-25,27.3316,-82.5779,Bay Dock (Sarasota Bay),0,Background
2018-07-25,27.33375,-82.57938,New Pass Dock (Sarasota Bay),0,Background
2018-07-25,25.844,-81.678,Cape Romano; S of (Gullivan Bay),3333,Very low
2018-07-25,25.8815,-81.632167,Coon Key; S of (Gullivan Bay),0,Background
2018-07-25,26.30481,-81.8362,Barefoot Beach State Preserve,723850,Medium
2018-07-25,26.25375,-81.82377,Vanderbilt Beach,1734320,High (closure)
2018-07-25,26.2073,-81.8169,Seagate,2066820,High (closure)
2018-07-25,26.13163,-81.8063,Naples Pier,187333,Medium
2018-07-25,25.91165,-81.72805,South Marco Beach,61333,Low
2018-07-25,26.5264,-82.1945,Alison Hagerup Beach Park,595683,Medium
2018-07-25,26.4217,-82.0801,Tarpon Bay Road Beach,1197150,High (closure)
2018-07-25,26.45157,-82.01543,Lighthouse Beach,928340,Medium
2018-07-25,26.45398,-81.95776,Lynn Hall Park,1296750,High (closure)
2018-07-25,26.3901,-81.8795,Lovers Key State Park,350250,Medium
2018-07-25,26.33105,-81.84574,Bonita Beach Park,210150,Medium
2018-07-25,26.92467,-82.36189,Englewood Beach,5549517,High (closure)
2018-07-25,26.80562,-82.27415,Boca Grande Pier (Gasparilla Sound),3424667,High (closure)
2018-07-25,27.123808,-82.471361,Albee Road West; W of,20667,Low
2018-07-25,27.099074,-82.460569,West Venice Avenue; W of,40333,Low
2018-07-26,27.3316,-82.5779,Bay Dock (Sarasota Bay),0,Background
2018-07-26,27.33375,-82.57938,New Pass Dock (Sarasota Bay),0,Background
2018-09-05,27.34412,-82.57124,City Island; N of (Sarasota Bay),102000,Medium
2018-09-05,27.33926,-82.58047,Quick Point; NE of (Sarasota Bay),38000,Low
2018-09-05,27.31507,-82.56589,Otter Key; E of (Sarasota Bay),856000,Medium
2018-09-05,27.31507,-82.56589,Otter Key; E of (Sarasota Bay),196000,Medium
2018-09-05,27.30965,-82.55321,Bay Island; N of (Sarasota Bay),192000,Medium
2018-09-05,27.36698,-82.5698,Indian Beach; W of (Sarasota Bay),0,Background
2018-09-05,27.34891,-82.55895,Centennial Park; W of (Sarasota Bay),20000,Low
2018-09-05,27.33112,-82.55516,Causeway Park; SW of (Sarasota Bay),0,Background
2018-09-12,25.844,-81.678,Cape Romano; S of (Gullivan Bay),0,Background
2018-09-12,25.8815,-81.632167,Coon Key; S of (Gullivan Bay),0,Background
2018-09-12,25.891667,-81.608833,Shell Key; S of (Gullivan Bay),0,Background
2018-09-05,27.32486,-82.54659,Island Park; S of (Sarasota Bay),10000,Low
2018-09-05,27.30436,-82.54324,Bay Island Park; NE of (Sarasota Bay),32000,Low
2018-09-05,27.369,-82.6136,Bishops Point; S of (Sarasota Bay),48000,Low
2018-09-05,27.3878,-82.6013,Bishops Point; NE of (Sarasota Bay),0,Background
2018-09-05,27.38414,-82.5886,Mid-Sarasota Bay,30000,Low
2018-09-05,27.37632,-82.57216,Stephens Point; W of (Sarasota Bay),0,Background
2018-09-05,27.3634,-82.5876,Longboat Key; E of (Sarasota Bay),0,Background
2018-09-05,27.2903,-82.54766,Edwards Island; S of (Roberts Bay; Sarasota),0,Background
2018-09-05,27.2812,-82.54241,Philippe Creek; N of (Roberts Bay; Sarasota),0,Background
2018-09-05,27.26706,-82.53928,Philippe Creek; S of (Roberts Bay; Sarasota),0,Background
2018-09-05,27.2575,-82.533,Stickney Point Bridge; N of (Roberts Bay; Sarasota),0,Background
2018-09-05,27.25081,-82.52574,Stickney Point Bridge; SE of (Little Sarasota Bay),0,Background
2018-09-05,27.25081,-82.52574,Stickney Point Bridge; SE of (Little Sarasota Bay),0,Background
2018-09-05,27.23837,-82.51715,Coral Cove; S of (Little Sarasota Bay),0,Background
2018-09-05,27.23177,-82.51597,Blind Pass; N of (Little Sarasota Bay),0,Background
2018-09-05,27.21801,-82.51121,Bird Keys; N of (Little Sarasota Bay),0,Background
2018-09-05,27.20052,-82.49762,Spanish Point; S of (Little Sarasota Bay),0,Background
2018-09-05,27.18391,-82.49674,Blackburn Point Road; N of (Little Sarasota Bay),0,Background
2018-09-05,27.1696,-82.49064,Dryman Bay,2000,Very low
2018-09-05,27.16197,-82.48452,Northern Blackburn Bay (ICW),12000,Low
2018-09-05,27.14932,-82.47496,Mid-Blackburn Bay,202000,Medium
2018-09-05,27.14075,-82.47156,Southern Blackburn Bay,162000,Medium
2018-09-05,27.13033,-82.47017,Albee Road Bridge; N of (Blackburn Bay),498000,Medium
2018-09-05,27.13033,-82.47017,Albee Road Bridge; N of (Blackburn Bay),466000,Medium
2018-09-05,27.1209,-82.4641,Lyons Bay,82000,Low
2018-09-05,27.1261,-82.446,Dona Bay,0,Background
2018-09-05,27.114,-82.465,Turner Key; S of (Venice Inlet),162000,Medium
2018-09-05,27.1092,-82.4538,Roberts Bay; Venice,48000,Low
2018-09-05,27.0609,-82.444,Red Lake,0,Background
2018-09-05,27.04942,-82.43688,Shamrock Park; W of (ICW),0,Background
2018-09-05,27.02309,-82.41807,Manasota Beach Bridge; NW of (ICW),0,Background
2018-09-05,27.02309,-82.41807,Manasota Beach Bridge; NW of (ICW),0,Background
2018-09-05,26.99601,-82.4001,Forked Creek; NW of (Lemon Bay),0,Background
2018-09-05,26.97605,-82.38374,Leachs Key; NE of (Lemon Bay),0,Background
2018-09-05,26.96319,-82.37824,Indian Mound Park; NW of (Lemon Bay),0,Background
2018-09-12,26.5264,-82.1945,Alison Hagerup Beach Park,3000,Very low
2018-09-12,26.4217,-82.0801,Tarpon Bay Road Beach,336417,Medium
2018-09-12,26.45157,-82.01543,Lighthouse Beach,2365380,High (closure)
2018-09-12,26.45398,-81.95776,Lynn Hall Park,70050,Low
2018-09-12,26.3901,-81.8795,Lovers Key State Park,6667,Very low
2018-09-12,26.33105,-81.84574,Bonita Beach Park,0,Background
2018-09-12,25.948267,-81.816317,Tigertail Beach; 4.2 mi W of,1000,Very low
2018-09-12,25.830167,-81.717733,Morgan Beach; 2.6 mi SW of,0,Background
2018-09-13,27.3316,-82.5779,Bay Dock (Sarasota Bay),588000,Medium
2018-09-13,27.33375,-82.57938,New Pass Dock (Sarasota Bay),8080000,High (closure)
2018-09-08,25.993333,-81.763,Hurricane Pass; NW of,0,Background
2018-09-08,25.839333,-81.826667,Morgan Island; 9.4 mi W of,0,Background
2018-08-20,27.01031,-82.41312,Manasota Beach,12320000,High (closure)
2018-08-20,26.96324,-82.38565,Blind Pass Beach,25680000,High (closure)
2018-08-20,27.3316,-82.5779,Bay Dock (Sarasota Bay),5040000,High (closure)
2018-08-20,27.33375,-82.57938,New Pass Dock (Sarasota Bay),10240000,High (closure)
2018-08-20,27.51477,-82.68395,Mead Point (Lower Tampa Bay),7333,Very low
2018-08-20,27.529833,-82.704,School Key; NE of (Lower Tampa Bay),247000,Medium
2018-08-20,27.59275,-82.629067,South Skyway Causeway; NE end of (Lower Tampa Bay),0,Background
2018-08-20,27.587433,-82.61895,South Skyway Rest Area; NW of (Lower Tampa Bay),0,Background
2018-08-20,27.632617,-82.5782,Little Redfish Creek; 1.1 mi NW of (Lower Tampa Bay),0,Background
2018-08-20,27.595514,-82.5912,Joe Island; N of (Lower Tampa Bay),0,Background
2018-08-20,27.591656,-82.586951,Two Brothers Islands; SW of (Lower Tampa Bay),0,Background
2018-08-20,26.7117,-82.2583,Boca Grande Pass,8333,Very low
2018-08-20,26.6798,-82.2196,Mondongo Island; W of (Pine Island Sound),166271,Medium
2018-08-20,26.6092,-82.221,Captiva Pass,7190413,High (closure)
2018-08-20,26.59925,-82.18463,Captiva Rocks; SW of (Pine Island Sound),245667,Medium
2018-08-20,26.5535,-82.1963,Redfish Pass (Pine Island Sound),690122,Medium
2018-08-20,26.560417,-82.170817,Redfish Pass; 1.8 mi E of (Pine Island Sound),544236,Medium
2018-08-20,26.532117,-82.15667,Buck Key; 1.9 mi NE of (Pine Island Sound),647976,Medium
2018-08-20,26.488,-82.1815,Buck Key; S of (Blind Pass),1061667,High (closure)
2018-08-20,26.4887,-82.1073,York Island; W of (Pine Island Sound),1407667,High (closure)
2018-08-20,26.538,-82.1257,Regla Island; W of (Pine Island Sound),71667,Low
2018-08-20,26.53618,-82.14646,Regla Island; 1.4 mi W of (Pine Island Sound),614460,Medium
2018-08-20,26.5767,-82.1347,Cork Island; W of (Pine Island Sound),491583,Medium
2018-08-20,26.5902,-82.1561,Hemp Key; S of (Pine Island Sound),634239,Medium
2018-08-20,26.705,-82.1837,Little Bokeelia Island; N of (Charlotte Harbor),1333,Very low
2018-08-20,26.30481,-81.8362,Barefoot Beach State Preserve,1911210,High (closure)
2018-08-20,26.25375,-81.82377,Vanderbilt Beach,1000,Very low
2018-08-20,26.2073,-81.8169,Seagate,3333,Very low
2018-08-20,26.13163,-81.8063,Naples Pier,77333,Low
2018-08-20,25.91165,-81.72805,South Marco Beach,539980,Medium
2018-08-19,26.398017,-81.9674,Big Carlos Pass; 4.9 mi W of,511020,Medium
2018-08-19,26.431367,-81.9616,Fishing Pier Fort Myers Beach; 1.4 mi S of,26000,Low
2018-08-19,26.6573,-81.8829,North Shore Park (Caloosahatchee River),0,Background
2018-08-19,26.64413,-82.05578,Sirenia Vista Canoe & Kayak Launch,0,Background
2018-08-18,26.678517,-82.526783,Murdock Point; 16 mi W of,41333,Low
2018-08-18,26.688333,-82.499167,Murdock Point; 15 mi W of,423000,Medium
2018-08-19,26.705556,-82.278611,Boca Grande Pass; 1.3 mi W of,3667,Very low
2018-08-19,26.698611,-82.296389,Boca Grande Pass; 2.5 mi W of,8333,Very low
2018-08-21,27.3316,-82.5779,Bay Dock (Sarasota Bay),1176000,High (closure)
2018-08-21,27.33375,-82.57938,New Pass Dock (Sarasota Bay),448000,Medium
2018-08-20,26.78152,-82.08323,Crowe Key; 1.4 mi SW of (Charlotte Harbor),0,Background
2018-08-20,26.9118,-82.0859,Don Quixote Drive; canal N of (Peace River),0,Background
2018-08-17,27.263477,-82.551789,Jamaica Royale; W of,15324855,High (closure)
2018-08-21,27.6985,-82.73825,Pass-a-Grille Beach,57333,Low
2018-03-26,27.6133,-82.7391,Mullet Key; Gulf Pier,0,Background
2018-03-26,27.6055,-82.6508,Skyway Fishing Pier; South (Lower Tampa Bay),0,Background
2018-03-26,27.58512,-82.61482,Fletcher Point (Lower Tampa Bay),0,Background
2018-03-26,27.4959,-82.6522,Palma Sola Bay Bridge,0,Background
2018-03-26,27.44602,-82.68798,Longboat Pass Boat Ramp (Sarasota Bay),0,Background
2018-03-26,27.5385,-82.7402,Anna Maria Island Rod & Reel Pier (Lower Tampa Bay),0,Background
2018-03-26,27.37317,-82.63202,Longboat Key Beach,0,Background
2018-03-26,27.32682,-82.56244,Ringling Causeway,0,Background
2018-03-26,27.31561,-82.58171,North Lido Beach,0,Background
2018-03-26,27.311,-82.57718,Lido Beach Casino,0,Background
2018-03-26,27.29818,-82.56739,South Lido Park,0,Background
2018-03-26,27.26518,-82.5531,Siesta Beach,0,Background
2018-03-26,27.21843,-82.51711,Turtle Beach,0,Background
2018-03-26,27.12332,-82.47122,Nokomis Beach,0,Background
2018-03-26,26.538,-82.1257,Regla Island; W of (Pine Island Sound),0,Background
2018-03-26,27.11382,-82.46883,North Jetty,0,Background
2018-03-26,27.10034,-82.46089,Venice Beach,0,Background
2018-03-26,26.53618,-82.14646,Regla Island; 1.4 mi W of (Pine Island Sound),12000,Low
2018-03-26,27.0735,-82.4515,Venice Fishing Pier; N of,0,Background
2018-03-26,26.5767,-82.1347,Cork Island; W of (Pine Island Sound),372061,Medium
2018-03-26,27.06631,-82.448,Brohard Beach,0,Background
2018-03-26,26.5902,-82.1561,Hemp Key; S of (Pine Island Sound),125788,Medium
2018-03-26,27.05703,-82.4436,Caspersen Beach,0,Background
2018-03-26,26.560417,-82.170817,Redfish Pass; 1.8 mi E of (Pine Island Sound),93000,Low
2018-03-26,27.01031,-82.41312,Manasota Beach,0,Background
2018-03-26,26.532117,-82.15667,Buck Key; 1.9 mi NE of (Pine Island Sound),7667,Very low
2018-03-26,26.96324,-82.38565,Blind Pass Beach,0,Background
2018-03-26,26.59925,-82.18463,Captiva Rocks; SW of (Pine Island Sound),53000,Low
2018-03-26,25.9733,-81.7275,Lee Avenue; docks NE of (Big Marco Pass),46333,Low
2018-03-26,25.9124,-81.7171,Caxambas Park,1094978,High (closure)
2018-03-26,25.9334,-81.6496,Goodland Bridge,24667,Low
2018-03-26,26.30481,-81.8362,Barefoot Beach State Preserve,0,Background
2018-03-26,26.25375,-81.82377,Vanderbilt Beach,0,Background
2018-03-26,26.2073,-81.8169,Seagate,0,Background
2018-03-26,26.13163,-81.8063,Naples Pier,0,Background
2018-03-26,25.91165,-81.72805,South Marco Beach,218652,Medium
2018-03-26,26.666667,-82.416667,Cayo Costa; 9.8 mi W of,0,Background
2018-03-26,26.68,-82.316667,Cayo Costa; 3.3 mi W of,8000,Very low
2018-03-26,26.666667,-82.383333,Cayo Costa; 7.7 mi W of,0,Background
2018-03-12,27.3316,-82.5779,Bay Dock (Sarasota Bay),0,Background
2018-03-12,27.33375,-82.57938,New Pass Dock (Sarasota Bay),0,Background
2018-03-13,27.3316,-82.5779,Bay Dock (Sarasota Bay),1000,Very low
2018-03-13,27.33375,-82.57938,New Pass Dock (Sarasota Bay),0,Background
2018-03-15,27.3316,-82.5779,Bay Dock (Sarasota Bay),0,Background
2018-03-15,27.33375,-82.57938,New Pass Dock (Sarasota Bay),0,Background
2018-03-16,27.3316,-82.5779,Bay Dock (Sarasota Bay),0,Background
2018-03-16,27.33375,-82.57938,New Pass Dock (Sarasota Bay),0,Background
2018-06-11,27.37317,-82.63202,Longboat Key Beach,6000,Very low
2018-06-11,27.32682,-82.56244,Ringling Causeway,22000,Low
2018-06-11,27.31561,-82.58171,North Lido Beach,575000,Medium
2018-06-11,27.311,-82.57718,Lido Beach Casino,596000,Medium
2018-06-11,27.29818,-82.56739,South Lido Park,77000,Low
2018-06-11,27.26518,-82.5531,Siesta Beach,385000,Medium
2018-06-11,27.21843,-82.51711,Turtle Beach,8000,Very low
2018-06-11,27.12332,-82.47122,Nokomis Beach,63000,Low
2018-06-11,27.11382,-82.46883,North Jetty,53000,Low
2018-06-11,27.10034,-82.46089,Venice Beach,133000,Medium
2018-06-11,27.07827,-82.45286,Service Club Park,180000,Medium
2018-06-11,27.0735,-82.4515,Venice Fishing Pier; N of,41000,Low
2018-06-11,27.06631,-82.448,Brohard Beach,47000,Low
2018-06-11,27.05703,-82.4436,Caspersen Beach,18000,Low
2018-06-11,27.01031,-82.41312,Manasota Beach,2413000,High (closure)
2018-06-11,26.96324,-82.38565,Blind Pass Beach,2913000,High (closure)
2018-06-13,26.8385,-82.2795,Garfield Court; SW of (Placida Harbor),92333,Low
2018-06-13,26.9307,-82.3498,Tom Adams Bridge; S of (Lemon Bay),371000,Medium
2018-06-13,26.898667,-82.339333,Stump Pass (Lemon Bay),280896,Medium
2018-06-13,26.816167,-82.2805,Gasparilla Pass,264936,Medium
2018-06-13,26.96324,-82.3747,Blind Pass Beach; E of (Lemon Bay),18667,Low
2018-06-13,26.5264,-82.1945,Alison Hagerup Beach Park,0,Background
2018-06-13,26.4217,-82.0801,Tarpon Bay Road Beach,0,Background
2018-06-13,26.45157,-82.01543,Lighthouse Beach,0,Background
2018-06-13,26.45398,-81.95776,Lynn Hall Park,0,Background
2018-06-13,26.3901,-81.8795,Lovers Key State Park,0,Background
2018-06-13,26.33105,-81.84574,Bonita Beach Park,0,Background
2018-06-08,27.3316,-82.5779,Bay Dock (Sarasota Bay),16000,Low
2018-06-08,27.33375,-82.57938,New Pass Dock (Sarasota Bay),213000,Medium
2018-06-11,27.3316,-82.5779,Bay Dock (Sarasota Bay),160000,Medium
2018-06-11,27.33375,-82.57938,New Pass Dock (Sarasota Bay),273000,Medium
2018-06-12,27.3316,-82.5779,Bay Dock (Sarasota Bay),381000,Medium
2018-06-12,27.33375,-82.57938,New Pass Dock (Sarasota Bay),177000,Medium
2018-06-13,27.3316,-82.5779,Bay Dock (Sarasota Bay),183000,Medium
2018-06-13,27.33375,-82.57938,New Pass Dock (Sarasota Bay),156000,Medium
2018-06-14,27.3316,-82.5779,Bay Dock (Sarasota Bay),79000,Low
2018-06-14,27.33375,-82.57938,New Pass Dock (Sarasota Bay),178000,Medium
2018-06-04,26.530683,-81.955833,Harbour Isle Drive; N of (Caloosahatchee River),0,Background
2018-06-08,26.531733,-81.95245,Court of Palms; NW of (Caloosahatchee River),0,Background
2018-07-02,27.58512,-82.61482,Fletcher Point (Lower Tampa Bay),0,Background
2018-07-02,27.4959,-82.6522,Palma Sola Bay Bridge,0,Background
2018-07-02,27.44602,-82.68798,Longboat Pass Boat Ramp (Sarasota Bay),0,Background
2018-07-02,27.5385,-82.7402,Anna Maria Island Rod & Reel Pier (Lower Tampa Bay),0,Background
2018-07-02,27.447844,-82.688725,Longboat Pass Boat Ramp (Sarasota Bay),0,Background
2018-07-02,26.7117,-82.2583,Boca Grande Pass,607250,Medium
2018-07-02,26.6798,-82.2196,Mondongo Island; W of (Pine Island Sound),33000,Low
2018-07-02,26.6092,-82.221,Captiva Pass,539980,Medium
2018-07-02,26.59925,-82.18463,Captiva Rocks; SW of (Pine Island Sound),710220,Medium
2018-07-02,26.5535,-82.1963,Redfish Pass (Pine Island Sound),917700,Medium
2018-07-02,26.560417,-82.170817,Redfish Pass; 1.8 mi E of (Pine Island Sound),2667,Very low
2018-07-02,26.532117,-82.15667,Buck Key; 1.9 mi NE of (Pine Island Sound),0,Background
2018-07-02,26.488,-82.1815,Buck Key; S of (Blind Pass),2000,Very low
2018-07-02,26.4887,-82.1073,York Island; W of (Pine Island Sound),0,Background
2018-07-02,26.538,-82.1257,Regla Island; W of (Pine Island Sound),0,Background
2018-07-02,26.5767,-82.1347,Cork Island; W of (Pine Island Sound),333,Background
2018-07-02,26.5902,-82.1561,Hemp Key; S of (Pine Island Sound),14667,Low
2018-07-02,26.705,-82.1837,Little Bokeelia Island; N of (Charlotte Harbor),19667,Low
2018-07-02,26.5857,-82.0645,McCardle Island; SW of (Matlacha Pass),0,Background
2018-07-02,26.500278,-82.0475,Merwin Key; W of (San Carlos Bay),0,Background
2018-07-02,26.7003,-82.1208,Jug Creek Point; E of (Matlacha Pass),0,Background
2018-06-26,27.3316,-82.5779,Bay Dock (Sarasota Bay),42000,Low
2018-06-26,27.33375,-82.57938,New Pass Dock (Sarasota Bay),4000,Very low
2018-06-27,27.3316,-82.5779,Bay Dock (Sarasota Bay),52000,Low
2018-06-27,27.33375,-82.57938,New Pass Dock (Sarasota Bay),11000,Low
2018-06-28,27.3316,-82.5779,Bay Dock (Sarasota Bay),3000,Very low
2018-06-28,27.33375,-82.57938,New Pass Dock (Sarasota Bay),2000,Very low
2018-06-29,27.3316,-82.5779,Bay Dock (Sarasota Bay),3000,Very low
2018-06-29,27.33375,-82.57938,New Pass Dock (Sarasota Bay),0,Background
2018-07-02,26.5264,-82.1945,Alison Hagerup Beach Park,1974924,High (closure)
2018-07-02,26.4217,-82.0801,Tarpon Bay Road Beach,0,Background
2018-07-02,26.45157,-82.01543,Lighthouse Beach,0,Background
2018-07-02,26.45398,-81.95776,Lynn Hall Park,0,Background
2018-07-02,26.3901,-81.8795,Lovers Key State Park,1333,Very low
2018-07-02,26.33105,-81.84574,Bonita Beach Park,0,Background
2018-07-02,25.9733,-81.7275,Lee Avenue; docks NE of (Big Marco Pass),204333,Medium
2018-07-02,25.9124,-81.7171,Caxambas Park,431822,Medium
2018-07-02,25.9334,-81.6496,Goodland Bridge,0,Background
2018-07-02,25.9804,-81.7029,951 Boat Ramp (Big Marco Pass),2667,Very low
2018-07-02,26.30481,-81.8362,Barefoot Beach State Preserve,0,Background
2018-07-02,26.25375,-81.82377,Vanderbilt Beach,333,Background
2018-07-02,26.2073,-81.8169,Seagate,0,Background
2018-07-02,26.13163,-81.8063,Naples Pier,0,Background
2018-07-02,25.91165,-81.72805,South Marco Beach,380380,Medium
2018-06-30,27.27605,-82.571767,Avenida Messina; W of,0,Background
2018-06-30,27.301217,-82.589883,South Lido County Park; 1.1 mi W of,333,Background
2018-06-18,27.33375,-82.57938,New Pass Dock (Sarasota Bay),228442,Medium
2018-06-25,27.33375,-82.57938,New Pass Dock (Sarasota Bay),6333,Very low
2018-06-27,27.33375,-82.57938,New Pass Dock (Sarasota Bay),4333,Very low
2018-07-02,27.33375,-82.57938,New Pass Dock (Sarasota Bay),333,Background
2018-07-03,26.92467,-82.36189,Englewood Beach,14333,Low
2018-07-03,26.80562,-82.27415,Boca Grande Pier (Gasparilla Sound),284540,Medium
2018-06-30,27.05703,-82.4436,Caspersen Beach,175125,Medium
2018-06-30,27.10034,-82.46089,Venice Beach,1385433,High (closure)
2018-06-30,27.12332,-82.47122,Nokomis Beach,531861,Medium
2018-07-03,26.91192,-82.0859,La Mancha Court; canal S of (Charlotte Harbor),0,Background
2018-05-15,26.6678,-82.0946,Ben Coleman Keys (Matlacha Pass),0,Background
2018-05-15,26.5627,-82.0704,Deer Stop Keys; SW of (Matlacha Pass),0,Background
2018-05-15,26.625,-82.0742,Porpoise Point Island; SW of (Matlacha Pass),0,Background
2018-05-16,27.3316,-82.5779,Bay Dock (Sarasota Bay),0,Background
2018-05-16,27.33375,-82.57938,New Pass Dock (Sarasota Bay),0,Background
2018-05-02,27.34539,-82.57901,Quick Point; NE of (Sarasota Bay),0,Background
2018-05-02,27.33905,-82.57277,City Island; N of (Sarasota Bay),0,Background
2018-05-02,27.33421,-82.57938,New Pass (Sarasota Bay),0,Background
2018-05-02,27.32673,-82.56785,Coon Key; N of (Sarasota Bay),0,Background
2018-05-02,27.32673,-82.56785,Coon Key; N of (Sarasota Bay),0,Background
2018-05-02,27.31689,-82.55359,Bird Key; E of (Sarasota Bay),0,Background
2018-05-02,27.36058,-82.57022,Indian Beach; SW of (Sarasota Bay),0,Background
2018-05-02,27.3444,-82.5629,Centennial Park; W of (Sarasota Bay),0,Background
2018-05-02,27.34022,-82.55848,Causeway Park; NW of (Sarasota Bay),0,Background
2018-05-02,27.32823,-82.54878,Island Park; SW of (Sarasota Bay),0,Background
2018-05-02,27.3049,-82.54369,Bay Island Park; NE of (Sarasota Bay),0,Background
2018-05-02,27.3879,-82.6355,Whale Key; SW of (Sarasota Bay),0,Background
2018-05-02,27.3879,-82.6355,Whale Key; SW of (Sarasota Bay),0,Background
2018-05-02,27.37,-82.5994,Bishops Point; SE of (Sarasota Bay),0,Background
2018-05-02,27.37688,-82.58288,Mid-Sarasota Bay,0,Background
2018-05-02,27.37287,-82.57583,Stephens Point; SW of (Sarasota Bay),0,Background
2018-05-02,27.3583,-82.5943,Longboat Key; E of (Sarasota Bay),0,Background
2018-05-02,27.29256,-82.54665,Edwards Island; S of (Roberts Bay; Sarasota),0,Background
2018-05-02,27.28469,-82.54453,Philippe Creek; N of (Roberts Bay; Sarasota),0,Background
2018-05-02,27.26714,-82.54102,Philippe Creek; S of (Roberts Bay; Sarasota),0,Background
2018-05-02,27.25299,-82.53107,Stickney Point Bridge; S of (Roberts Bay; Sarasota),0,Background
2018-05-02,27.24572,-82.52386,Coral Cove; NW of (Little Sarasota Bay),0,Background
2018-05-02,27.23664,-82.51948,Coral Cove; S of (Little Sarasota Bay),0,Background
2018-05-02,27.22378,-82.50552,Blind Pass; NE of (Little Sarasota Bay),0,Background
2018-05-02,27.21719,-82.50704,Bird Keys; N of (Little Sarasota Bay),0,Background
2018-05-02,27.20444,-82.50305,Spanish Point; W of (Little Sarasota Bay),0,Background
2018-05-02,27.18782,-82.4962,Blackburn Point Road; N of (Little Sarasota Bay),0,Background
2018-05-02,27.17147,-82.49221,Dryman Bay,0,Background
2018-05-02,27.15784,-82.48231,Northern Blackburn Bay,0,Background
2018-05-02,27.14884,-82.4757,Mid-Blackburn Bay (ICW),0,Background
2018-05-02,27.14072,-82.47087,Southern Blackburn Bay,0,Background
2018-05-02,27.13212,-82.47122,Albee Road Bridge; N of (Blackburn Bay),0,Background
2018-05-02,27.13212,-82.47122,Albee Road Bridge; N of (Blackburn Bay),0,Background
2018-05-02,27.1191,-82.464,Lyons Bay,0,Background
2018-05-02,27.1252,-82.4499,Dona Bay,0,Background
2018-05-02,27.1073,-82.4591,Bird Island; S of (Roberts Bay; Venice),0,Background
2018-05-02,27.1095,-82.4518,Roberts Bay; Venice,0,Background
2018-05-02,27.0942,-82.4373,Venice Avenue Bridge; SE of (ICW),0,Background
2018-05-02,27.04614,-82.43427,Shamrock Park; S of (ICW),0,Background
2018-05-02,27.01162,-82.4106,Manasota Beach Bridge; S of (ICW),0,Background
2018-05-02,26.99607,-82.40131,Forked Creek; NW of (Lemon Bay),0,Background
2018-05-02,26.97692,-82.3848,Leachs Key; NE of (Lemon Bay),0,Background
2018-05-02,26.9522,-82.36458,Indian Mound Park; S of (Lemon Bay),0,Background
2018-05-02,26.9522,-82.36458,Indian Mound Park; S of (Lemon Bay),0,Background
2018-05-16,27.6461,-82.7264,Fort Desoto Boat Ramp; W of (Bunces Pass),0,Background
2018-05-16,27.641401,-82.696809,Conception Key (Lower Tampa Bay),0,Background
2018-05-16,27.6504,-82.7443,Bunces Pass; mouth of,0,Background
2018-05-16,27.651968,-82.683922,North Skyway Rest Area; NW of (Lower Tampa Bay),0,Background
2018-05-16,26.5264,-82.1945,Alison Hagerup Beach Park,1000,Very low
2018-05-16,26.4217,-82.0801,Tarpon Bay Road Beach,109333,Medium
2018-05-16,26.45157,-82.01543,Lighthouse Beach,64667,Low
2018-05-16,26.45398,-81.95776,Lynn Hall Park,8667,Very low
2018-05-16,26.3901,-81.8795,Lovers Key State Park,333,Background
2018-05-16,26.33105,-81.84574,Bonita Beach Park,1000,Very low
2018-07-27,27.3316,-82.5779,Bay Dock (Sarasota Bay),0,Background
2018-07-27,27.33375,-82.57938,New Pass Dock (Sarasota Bay),0,Background
2018-07-26,27.0574,-82.4438,Caspersen Beach,564667,Medium
2018-07-26,27.0725,-82.4511,Venice Fishing Pier; SE of,535333,Medium
2018-07-26,26.092331,-81.800331,Bay Road; S of (Gordon Pass),259000,Medium
2018-07-26,25.988992,-81.748243,Sea Oat Island (Hurricane Pass),43333,Low
2018-07-26,26.9438,-82.3522,West Bay Heights Road; S of (Lemon Bay),8581602,High (closure)
2018-07-27,26.9438,-82.3521,West Bay Heights Road; S of (Lemon Bay),2688589,High (closure)
2018-07-27,26.988278,-82.401529,Blind Pass Beach,1207640,High (closure)
2018-07-27,26.995554,-82.405202,Manasota Beach,7357560,High (closure)
2018-07-27,26.8743,-82.31275,Cape Haze Marina,38803126,High (closure)
2018-07-27,26.874817,-82.314133,Cape Haze Marina; W of,0,Background
2018-07-27,26.9299,-82.313483,Lear Road; canal S of,0,Background
2018-07-27,26.929917,-82.31425,Oberon Road; canal N of,0,Background
2018-07-30,27.37317,-82.63202,Longboat Key Beach,0,Background
2018-07-30,27.32682,-82.56244,Ringling Causeway,0,Background
2018-07-30,27.31561,-82.58171,North Lido Beach,0,Background
2018-07-30,27.311,-82.57718,Lido Beach Casino,0,Background
2018-07-30,27.29818,-82.56739,South Lido Park,2000,Very low
2018-07-30,27.26518,-82.5531,Siesta Beach,296000,Medium
2018-07-30,27.21843,-82.51711,Turtle Beach,5280000,High (closure)
2018-07-30,27.12332,-82.47122,Nokomis Beach,13360000,High (closure)
2018-07-30,27.11382,-82.46883,North Jetty,6560000,High (closure)
2018-07-30,27.10034,-82.46089,Venice Beach,19440000,High (closure)
2018-07-30,27.07827,-82.45286,Service Club Park,21840000,High (closure)
2018-07-30,27.0735,-82.4515,Venice Fishing Pier; N of,25840000,High (closure)
2018-07-30,27.06631,-82.448,Brohard Beach,21440000,High (closure)
2018-07-30,27.05703,-82.4436,Caspersen Beach,31920000,High (closure)
2018-07-30,27.01031,-82.41312,Manasota Beach,13000,Low
2018-07-30,26.96324,-82.38565,Blind Pass Beach,88000,Low
2018-07-30,27.3316,-82.5779,Bay Dock (Sarasota Bay),1500,Very low
2018-07-30,27.33375,-82.57938,New Pass Dock (Sarasota Bay),0,Background
2018-07-30,27.6133,-82.7391,Mullet Key; Gulf Pier,0,Background
2018-07-30,27.6055,-82.6508,Skyway Fishing Pier; South (Lower Tampa Bay),0,Background
2018-07-30,27.58512,-82.61482,Fletcher Point (Lower Tampa Bay),0,Background
2018-07-30,27.4959,-82.6522,Palma Sola Bay Bridge,0,Background
2018-07-30,27.44602,-82.68798,Longboat Pass Boat Ramp (Sarasota Bay),333,Background
2018-07-30,27.5385,-82.7402,Anna Maria Island Rod & Reel Pier (Lower Tampa Bay),333,Background
2018-07-30,25.9733,-81.7275,Lee Avenue; docks NE of (Big Marco Pass),1667,Very low
2018-07-30,25.9124,-81.7171,Caxambas Park,76000,Low
2018-07-30,25.9334,-81.6496,Goodland Bridge,0,Background
2018-07-30,25.9804,-81.7029,951 Boat Ramp (Big Marco Pass),2333,Very low
2018-09-12,26.43494,-81.91138,Estero Island (Estero Bay),0,Background
2018-09-12,26.38591,-81.84631,Long Key (Estero Bay),1667,Very low
2018-09-12,26.35497,-81.84452,Bonita Beach (Estero Bay),0,Background
2018-09-13,26.30481,-81.8362,Barefoot Beach State Preserve,0,Background
2018-09-13,26.25375,-81.82377,Vanderbilt Beach,0,Background
2018-09-13,26.13163,-81.8063,Naples Pier,0,Background
2018-09-13,25.91165,-81.72805,South Marco Beach,0,Background
2018-09-13,26.2073,-81.8169,Seagate,0,Background
2018-09-12,26.281583,-81.832083,Delnor-Wiggins Pass State Park; W of,0,Background
2018-09-12,26.281583,-81.832083,Delnor-Wiggins Pass State Park; W of,0,Background
2018-09-14,27.651783,-82.717567,South Cunningham Key Park; W of (Lower Tampa Bay),183400,Medium
2018-09-14,27.641633,-82.6969,Conception Key (Lower Tampa Bay),287483,Medium
2018-09-14,26.092805,-81.804027,Gordon Pass; W of,0,Background
2018-09-14,25.986564,-81.748322,Keewaydin Island; S of,0,Background
2018-09-13,26.38447,-82.36548,Estero Island; 28 mi W of,7902677,High (closure)
2018-09-13,26.256533,-82.322267,Vanderbilt Beach; 31 mi W of,476340,Medium
2018-09-13,26.310033,-82.8079,Sanibel Island; 45 mi W of,0,Background
2018-09-17,26.4269,-82.1345,Sanibel Rocks; S of,366278,Medium
2018-09-17,26.4269,-82.1345,Sanibel Rocks; S of,2737140,High (closure)
2018-09-17,26.3968,-82.2407,Bowmans Beach; 6.9 mi SW of,183687,Medium
2018-09-17,26.3968,-82.2407,Bowmans Beach; 6.9 mi SW of,2622983,High (closure)
2018-09-17,26.4866,-82.2282,Blind Pass; 2.8 mi W of,83282,Low
2018-09-17,26.4866,-82.2282,Blind Pass; 2.8 mi W of,1027400,High (closure)
2018-09-17,26.5117,-82.206,Captiva Island; W of,330013,Medium
2018-09-17,26.5117,-82.206,Captiva Island; W of,5482260,High (closure)
2018-09-17,27.6133,-82.7391,Mullet Key; Gulf Pier,414472,Medium
2018-03-20,27.3316,-82.5779,Bay Dock (Sarasota Bay),0,Background
2018-03-20,27.33375,-82.57938,New Pass Dock (Sarasota Bay),0,Background
2018-03-21,27.3316,-82.5779,Bay Dock (Sarasota Bay),0,Background
2018-03-21,27.33375,-82.57938,New Pass Dock (Sarasota Bay),0,Background
2018-03-22,27.3316,-82.5779,Bay Dock (Sarasota Bay),0,Background
2018-03-22,27.33375,-82.57938,New Pass Dock (Sarasota Bay),1000,Very low
2018-03-23,27.3316,-82.5779,Bay Dock (Sarasota Bay),0,Background
2018-03-23,27.33375,-82.57938,New Pass Dock (Sarasota Bay),0,Background
2018-03-26,27.3316,-82.5779,Bay Dock (Sarasota Bay),0,Background
2018-03-26,27.33375,-82.57938,New Pass Dock (Sarasota Bay),0,Background
2018-03-27,27.3316,-82.5779,Bay Dock (Sarasota Bay),0,Background
2018-03-27,27.33375,-82.57938,New Pass Dock (Sarasota Bay),0,Background
2018-03-27,26.816167,-82.2805,Gasparilla Pass,333,Background
2018-03-27,26.7117,-82.2583,Boca Grande Pass,333,Background
2018-03-27,26.74065,-82.2145,Cayo Pelau; 2 mi S of (Charlotte Harbor),1333,Very low
2018-03-27,26.786021,-82.223062,Cayo Pelau; N of (Gasparilla Sound),333,Background
2018-03-27,26.782417,-82.209383,Bull Key; NW of (Bull Bay),0,Background
2018-03-27,26.798,-82.231,Sandfly Key; NE of (Gasparilla Sound),2333,Very low
2018-03-27,26.8164,-82.2526,Catfish Creek; mouth of (Gasparilla Sound),0,Background
2018-03-27,27.4362,-82.69012,North Shore Road Pier,0,Background
2018-03-27,27.4003,-82.6515,Atlas Street; W of,0,Background
2018-03-27,27.3225,-82.5803,St. Armands Key; N of (Pansy Bayou),0,Background
2018-03-27,27.3324,-82.5462,Marina Jack (Sarasota Bay),0,Background
2018-03-28,27.3316,-82.5779,Bay Dock (Sarasota Bay),0,Background
2018-03-28,27.33375,-82.57938,New Pass Dock (Sarasota Bay),0,Background
2018-03-29,27.3316,-82.5779,Bay Dock (Sarasota Bay),0,Background
2018-03-29,27.33375,-82.57938,New Pass Dock (Sarasota Bay),0,Background
2018-03-28,26.5264,-82.1945,Alison Hagerup Beach Park,0,Background
2018-03-28,26.4217,-82.0801,Tarpon Bay Road Beach,0,Background
2018-03-28,26.45157,-82.01543,Lighthouse Beach,4333,Very low
2018-03-28,26.45398,-81.95776,Lynn Hall Park,0,Background
2018-03-28,26.3901,-81.8795,Lovers Key State Park,667,Background
2018-03-28,26.33105,-81.84574,Bonita Beach Park,333,Background
2018-03-28,26.92467,-82.36189,Englewood Beach,0,Background
2018-03-28,26.80562,-82.27415,Boca Grande Pier (Gasparilla Sound),0,Background
2018-08-21,27.6461,-82.7264,Fort Desoto Boat Ramp; W of (Bunces Pass),62333,Low
2018-08-21,27.641401,-82.696809,Conception Key (Lower Tampa Bay),1000,Very low
2018-08-21,27.6504,-82.7443,Bunces Pass; mouth of,63667,Low
2018-08-21,27.651968,-82.683922,North Skyway Rest Area; NW of (Lower Tampa Bay),3333,Very low
2018-08-20,26.6564,-82.398483,Murdock Point; 8.6 mi W of,92667,Low
2018-08-20,26.633633,-82.48005,Murdock Point; 14 mi W of,41667,Low
2018-08-20,26.632433,-82.531067,Murdock Point; 17 mi W of,1333,Very low
2018-08-20,26.710683,-82.319367,Boca Grande Pass; 3.7 mi W of,3591000,High (closure)
2018-08-21,27.4362,-82.69012,North Shore Road Pier,17832570,High (closure)
2018-08-21,27.4003,-82.6515,Atlas Street; W of,15354612,High (closure)
2018-08-21,27.3225,-82.5803,St. Armands Key; N of (Pansy Bayou),798000,Medium
2018-08-21,27.3324,-82.5462,Marina Jack (Sarasota Bay),68000,Low
2018-08-21,27.18106,-82.49552,Blackburn Point Park Pier (Little Sarasota Bay),813960,Medium
2018-08-21,27.15463,-82.47065,Goya Drive; canal S of,2333,Very low
2018-08-20,27.034646,-82.427985,South Venice Public Beach,23746086,High (closure)
2018-08-19,26.762933,-82.1322,Burnt Store Marina; 4.1 mi W of (Charlotte Harbor),0,Background
2018-08-19,26.792783,-82.249867,Sandfly Key; NW of (Gasparilla Sound),0,Background
2018-08-19,26.959183,-82.213783,El Jobean Bridge; W of (Myakka River),0,Background
2018-08-22,26.5857,-82.0645,McCardle Island; SW of (Matlacha Pass),0,Background
2018-08-22,26.500278,-82.0475,Merwin Key; W of (San Carlos Bay),52000,Low
2018-08-22,26.7003,-82.1208,Jug Creek Point; E of (Matlacha Pass),0,Background
2018-08-22,26.8385,-82.2795,Garfield Court; SW of (Placida Harbor),0,Background
2018-08-22,26.9307,-82.3498,Tom Adams Bridge; S of (Lemon Bay),88333,Low
2018-08-22,26.898667,-82.339333,Stump Pass (Lemon Bay),231943,Medium
2018-08-22,26.816167,-82.2805,Gasparilla Pass,179283,Medium
2018-08-22,26.96324,-82.3747,Blind Pass Beach; E of (Lemon Bay),667,Background
2018-08-22,26.5264,-82.1945,Alison Hagerup Beach Park,258000,Medium
2018-08-22,26.4217,-82.0801,Tarpon Bay Road Beach,305900,Medium
2018-08-22,26.45157,-82.01543,Lighthouse Beach,8682240,High (closure)
2018-08-22,26.45398,-81.95776,Lynn Hall Park,12667,Low
2018-08-22,26.3901,-81.8795,Lovers Key State Park,28667,Low
2018-08-22,26.33105,-81.84574,Bonita Beach Park,510720,Medium
2018-08-22,26.92467,-82.36189,Englewood Beach,609672,Medium
2018-08-22,26.80562,-82.27415,Boca Grande Pier (Gasparilla Sound),56000,Low
2018-08-22,26.43494,-81.91138,Estero Island (Estero Bay),2667,Very low
2018-08-22,26.38591,-81.84631,Long Key (Estero Bay),52667,Low
2018-08-22,26.35497,-81.84452,Bonita Beach (Estero Bay),4333,Very low
2018-08-22,27.0782,-82.4529,Service Club Park; W of,2304180,High (closure)
2018-08-22,27.0575,-82.4438,Casperson Beach,6535324,High (closure)
2018-08-22,26.7917,-82.2687,Grouper Hole Drive; SE of (Gasparilla Sound),0,Background
2018-06-14,25.91165,-81.72805,South Marco Beach,63333,Low
2018-06-14,26.13163,-81.8063,Naples Pier,0,Background
2018-06-14,26.2073,-81.8169,Seagate,0,Background
2018-06-14,26.25375,-81.82377,Vanderbilt Beach,0,Background
2018-06-14,26.30481,-81.8362,Barefoot Beach State Preserve,0,Background
2018-06-13,26.92467,-82.36189,Englewood Beach,825033,Medium
2018-06-13,26.80562,-82.27415,Boca Grande Pier (Gasparilla Sound),238170,Medium
2018-06-13,26.565817,-82.580433,North Captiva Island; 22 mi W of,0,Background
2018-06-14,27.111042,-82.465587,Venice Beach; W of,601467,Medium
2018-06-18,27.6133,-82.7391,Mullet Key; Gulf Pier,333,Background
2018-06-18,27.6055,-82.6508,Skyway Fishing Pier; South (Lower Tampa Bay),333,Background
2018-06-18,27.58512,-82.61482,Fletcher Point (Lower Tampa Bay),0,Background
2018-06-18,27.4959,-82.6522,Palma Sola Bay Bridge,0,Background
2018-06-18,27.44602,-82.68798,Longboat Pass Boat Ramp (Sarasota Bay),15667,Low
2018-06-18,27.5385,-82.7402,Anna Maria Island Rod & Reel Pier (Lower Tampa Bay),333,Background
2018-06-18,27.37317,-82.63202,Longboat Key Beach,69000,Low
2018-06-18,27.32682,-82.56244,Ringling Causeway,20000,Low
2018-06-18,27.31561,-82.58171,North Lido Beach,32000,Low
2018-06-18,27.311,-82.57718,Lido Beach Casino,56000,Low
2018-06-18,27.29818,-82.56739,South Lido Park,31000,Low
2018-06-18,27.26518,-82.5531,Siesta Beach,51000,Low
2018-06-18,27.21843,-82.51711,Turtle Beach,34000,Low
2018-06-18,27.12332,-82.47122,Nokomis Beach,408000,Medium
2018-06-18,27.11382,-82.46883,North Jetty,475000,Medium
2018-06-18,27.10034,-82.46089,Venice Beach,366000,Medium
2018-06-18,27.07827,-82.45286,Service Club Park,238000,Medium
2018-06-18,27.0735,-82.4515,Venice Fishing Pier; N of,289000,Medium
2018-06-18,27.06631,-82.448,Brohard Beach,138000,Medium
2018-06-18,27.05703,-82.4436,Caspersen Beach,522000,Medium
2018-06-18,27.01031,-82.41312,Manasota Beach,1250000,High (closure)
2018-06-18,26.96324,-82.38565,Blind Pass Beach,248000,Medium
2018-06-18,26.538,-82.1257,Regla Island; W of (Pine Island Sound),0,Background
2018-06-18,26.53618,-82.14646,Regla Island; 1.4 mi W of (Pine Island Sound),0,Background
2018-06-18,26.5767,-82.1347,Cork Island; W of (Pine Island Sound),0,Background
2018-06-18,26.5902,-82.1561,Hemp Key; S of (Pine Island Sound),1000,Very low
2018-06-18,26.560417,-82.170817,Redfish Pass; 1.8 mi E of (Pine Island Sound),0,Background
2018-06-18,26.532117,-82.15667,Buck Key; 1.9 mi NE of (Pine Island Sound),0,Background
2018-06-18,26.59925,-82.18463,Captiva Rocks; SW of (Pine Island Sound),0,Background
2018-06-18,26.816167,-82.2805,Gasparilla Pass,624600,Medium
2018-06-18,26.7117,-82.2583,Boca Grande Pass,304589,Medium
2018-06-18,26.74065,-82.2145,Cayo Pelau; 2 mi S of (Charlotte Harbor),0,Background
2018-06-18,26.786021,-82.223062,Cayo Pelau; N of (Gasparilla Sound),0,Background
2018-06-18,26.782417,-82.209383,Bull Key; NW of (Bull Bay),0,Background
2018-06-18,26.798,-82.231,Sandfly Key; NE of (Gasparilla Sound),1667,Very low
2018-06-18,26.8164,-82.2526,Catfish Creek; mouth of (Gasparilla Sound),20333,Low
2018-06-18,26.5857,-82.0645,McCardle Island; SW of (Matlacha Pass),0,Background
2018-06-18,26.500278,-82.0475,Merwin Key; W of (San Carlos Bay),0,Background
2018-06-18,26.7003,-82.1208,Jug Creek Point; E of (Matlacha Pass),0,Background
2018-06-18,26.30481,-81.8362,Barefoot Beach State Preserve,0,Background
2018-06-18,26.25375,-81.82377,Vanderbilt Beach,0,Background
2018-05-17,27.3316,-82.5779,Bay Dock (Sarasota Bay),0,Background
2018-05-17,27.33375,-82.57938,New Pass Dock (Sarasota Bay),0,Background
2018-05-17,26.30481,-81.8362,Barefoot Beach State Preserve,0,Background
2018-05-17,26.25375,-81.82377,Vanderbilt Beach,0,Background
2018-05-16,26.92467,-82.36189,Englewood Beach,0,Background
2018-05-16,26.80562,-82.27415,Boca Grande Pier (Gasparilla Sound),333,Background
2018-05-16,26.33105,-81.84574,Bonita Beach Park,0,Background
2018-05-18,27.3316,-82.5779,Bay Dock (Sarasota Bay),0,Background
2018-05-18,27.33375,-82.57938,New Pass Dock (Sarasota Bay),0,Background
2018-05-21,27.3316,-82.5779,Bay Dock (Sarasota Bay),0,Background
2018-05-21,27.33375,-82.57938,New Pass Dock (Sarasota Bay),0,Background
2018-05-21,27.37317,-82.63202,Longboat Key Beach,0,Background
2018-05-21,27.32682,-82.56244,Ringling Causeway,0,Background
2018-05-21,27.31561,-82.58171,North Lido Beach,0,Background
2018-05-21,27.311,-82.57718,Lido Beach Casino,0,Background
2018-05-21,27.29818,-82.56739,South Lido Park,0,Background
2018-05-21,27.26518,-82.5531,Siesta Beach,0,Background
2018-05-21,27.21843,-82.51711,Turtle Beach,0,Background
2018-05-21,27.12332,-82.47122,Nokomis Beach,0,Background
2018-05-21,27.11382,-82.46883,North Jetty,0,Background
2018-05-21,27.10034,-82.46089,Venice Beach,0,Background
2018-05-21,27.0735,-82.4515,Venice Fishing Pier; N of,0,Background
2018-05-21,27.06631,-82.448,Brohard Beach,0,Background
2018-05-21,27.05703,-82.4436,Caspersen Beach,0,Background
2018-05-21,27.01031,-82.41312,Manasota Beach,0,Background
2018-05-21,26.96324,-82.38565,Blind Pass Beach,0,Background
2018-05-21,27.6055,-82.6508,Skyway Fishing Pier; South (Lower Tampa Bay),0,Background
2018-05-21,27.58512,-82.61482,Fletcher Point (Lower Tampa Bay),0,Background
2018-05-21,27.4959,-82.6522,Palma Sola Bay Bridge,0,Background
2018-05-21,27.44602,-82.68798,Longboat Pass Boat Ramp (Sarasota Bay),0,Background
2018-05-21,27.5385,-82.7402,Anna Maria Island Rod & Reel Pier (Lower Tampa Bay),333,Background
2018-05-21,26.538,-82.1257,Regla Island; W of (Pine Island Sound),333,Background
2018-05-21,26.5767,-82.1347,Cork Island; W of (Pine Island Sound),0,Background
2018-05-21,26.5902,-82.1561,Hemp Key; S of (Pine Island Sound),2333,Very low
2018-05-21,26.560417,-82.170817,Redfish Pass; 1.8 mi E of (Pine Island Sound),3333,Very low
2018-05-21,26.532117,-82.15667,Buck Key; 1.9 mi NE of (Pine Island Sound),2667,Very low
2018-05-21,26.59925,-82.18463,Captiva Rocks; SW of (Pine Island Sound),3667,Very low
2018-05-21,26.5857,-82.0645,McCardle Island; SW of (Matlacha Pass),0,Background
2018-05-21,26.500278,-82.0475,Merwin Key; W of (San Carlos Bay),0,Background
2018-05-21,26.7003,-82.1208,Jug Creek Point; E of (Matlacha Pass),0,Background
2018-05-21,26.816167,-82.2805,Gasparilla Pass,2000,Very low
2018-05-21,26.7117,-82.2583,Boca Grande Pass,2000,Very low
2018-05-21,26.74065,-82.2145,Cayo Pelau; 2 mi S of (Charlotte Harbor),2667,Very low
2018-05-21,26.786021,-82.223062,Cayo Pelau; N of (Gasparilla Sound),0,Background
2018-05-21,26.782417,-82.209383,Bull Key; NW of (Bull Bay),0,Background
2018-05-21,26.798,-82.231,Sandfly Key; NE of (Gasparilla Sound),0,Background
2018-05-21,26.8164,-82.2526,Catfish Creek; mouth of (Gasparilla Sound),0,Background
2018-07-03,26.93115,-82.05953,Sarah Street; N of (Peace River),0,Background
2018-06-20,26.84762,-82.30514,Don Pedro Island State Park Beach,266000,Medium
2018-06-21,26.743117,-82.264712,Wheeler Road; NW of,869139,Medium
2018-06-22,25.9804,-81.7029,951 Boat Ramp (Big Marco Pass),26333,Low
2018-06-25,26.72451,-82.259342,South Harbor Drive; NE of (Charlotte Harbor),599317,Medium
2018-06-28,26.672041,-81.866473,Old Bridge Park (Caloosahatchee River),0,Background
2018-06-29,25.971533,-81.72124,Stingaree Island; SW of (Big Marco Pass),479972,Medium
2018-06-30,26.472289,-82.138826,Wildlife Drive; NE of (Hardworking Bayou),0,Background
2018-07-05,27.521233,-82.490983,Swift River Court; canal NW of (Manatee River),0,Background
2018-07-05,27.51975,-82.502317,Tidewater Preserve pond,0,Background
2018-07-05,25.91165,-81.72805,South Marco Beach,617478,Medium
2018-07-05,26.13163,-81.8063,Naples Pier,333,Background
2018-07-05,26.2073,-81.8169,Seagate,0,Background
2018-07-05,26.25375,-81.82377,Vanderbilt Beach,0,Background
2018-07-05,26.30481,-81.8362,Barefoot Beach State Preserve,11000,Low
2018-07-03,27.268,-82.761983,Siesta Beach; 12 mi W of,0,Background
2018-07-03,27.2925,-82.63095,Big Sarasota Pass; 3.9 mi W of,0,Background
2018-07-05,26.6573,-81.8829,North Shore Park (Caloosahatchee River),0,Background
2018-07-05,26.64413,-82.05578,Sirenia Vista Canoe & Kayak Launch,0,Background
2018-07-09,27.6133,-82.7391,Mullet Key; Gulf Pier,0,Background
2018-07-09,27.6055,-82.6508,Skyway Fishing Pier; South (Lower Tampa Bay),0,Background
2018-07-09,27.58512,-82.61482,Fletcher Point (Lower Tampa Bay),0,Background
2018-07-28,27.271832,-82.551498,Contento Street; canal W of (Roberts Bay),2667,Very low
2018-07-30,26.943643,-82.35242,West Bay Heights Road; S of (Lemon Bay),30114084,High (closure)
2018-07-30,27.64966,-82.921468,Bunces Pass; 11 mi W of,0,Background
2018-07-30,27.64966,-82.921468,Bunces Pass; 11 mi W of,0,Background
2018-07-30,27.64966,-82.84019,Bunces Pass; 5.8 mi W of,0,Background
2018-07-30,27.64966,-82.84019,Bunces Pass; 5.8 mi W of,0,Background
2018-07-31,26.5857,-82.0645,McCardle Island; SW of (Matlacha Pass),0,Background
2018-07-31,26.500278,-82.0475,Merwin Key; W of (San Carlos Bay),485161,Medium
2018-07-31,26.7003,-82.1208,Jug Creek Point; E of (Matlacha Pass),0,Background
2018-07-31,26.513833,-82.05435,Givney Key; SE of (Matlacha Pass),2333,Very low
2018-07-31,26.7117,-82.2583,Boca Grande Pass,253764,Medium
2018-07-31,26.6798,-82.2196,Mondongo Island; W of (Pine Island Sound),321553,Medium
2018-07-31,26.6092,-82.221,Captiva Pass,399050,Medium
2018-07-31,26.59925,-82.18463,Captiva Rocks; SW of (Pine Island Sound),90667,Low
2018-07-31,26.5535,-82.1963,Redfish Pass (Pine Island Sound),237333,Medium
2018-07-31,26.560417,-82.170817,Redfish Pass; 1.8 mi E of (Pine Island Sound),1106560,High (closure)
2018-07-31,26.532117,-82.15667,Buck Key; 1.9 mi NE of (Pine Island Sound),539980,Medium
2018-07-31,26.488,-82.1815,Buck Key; S of (Blind Pass),482567,Medium
2018-07-31,26.4887,-82.1073,York Island; W of (Pine Island Sound),20097023,High (closure)
2018-07-31,26.538,-82.1257,Regla Island; W of (Pine Island Sound),649040,Medium
2018-07-31,26.53618,-82.14646,Regla Island; 1.4 mi W of (Pine Island Sound),268240,Medium
2018-07-31,26.5767,-82.1347,Cork Island; W of (Pine Island Sound),1000,Very low
2018-07-31,26.5902,-82.1561,Hemp Key; S of (Pine Island Sound),18333,Low
2018-07-31,26.705,-82.1837,Little Bokeelia Island; N of (Charlotte Harbor),122000,Medium
2018-07-31,26.30481,-81.8362,Barefoot Beach State Preserve,29518944,High (closure)
2018-07-31,26.25375,-81.82377,Vanderbilt Beach,0,Background
2018-07-31,26.2073,-81.8169,Seagate,4396980,High (closure)
2018-07-31,26.13163,-81.8063,Naples Pier,2465820,High (closure)
2018-07-31,25.91165,-81.72805,South Marco Beach,1673417,High (closure)
2018-07-30,27.034973,-82.428125,Southwest Venice Public Beach,0,Background
2018-07-31,27.0367,-82.4293,Southwest Venice Public Beach,5333,Very low
2018-07-31,27.1111,-82.4657,Inlet Circle; W of,0,Background
2018-08-01,27.3316,-82.5779,Bay Dock (Sarasota Bay),1000,Very low
2018-08-01,27.33375,-82.57938,New Pass Dock (Sarasota Bay),3365000,High (closure)
2018-07-31,26.560217,-81.94065,Nassau Court; canal E of (Caloosahatchee River),0,Background
2018-08-01,26.911667,-82.158833,Hog Island; S of (Charlotte Harbor),0,Background
2018-08-01,26.816167,-82.2805,Gasparilla Pass,985889,Medium
2018-08-01,26.7117,-82.2583,Boca Grande Pass,1759590,High (closure)
2018-08-01,26.74065,-82.2145,Cayo Pelau; 2 mi S of (Charlotte Harbor),505020,Medium
2018-08-01,26.786021,-82.223062,Cayo Pelau; N of (Gasparilla Sound),0,Background
2018-08-01,26.782417,-82.209383,Bull Key; NW of (Bull Bay),15000,Low
2018-08-01,26.798,-82.231,Sandfly Key; NE of (Gasparilla Sound),355908,Medium
2018-08-01,26.8164,-82.2526,Catfish Creek; mouth of (Gasparilla Sound),501144,Medium
2018-08-01,26.5264,-82.1945,Alison Hagerup Beach Park,1075700,High (closure)
2018-08-01,26.4217,-82.0801,Tarpon Bay Road Beach,1787040,High (closure)
2018-08-01,26.45157,-82.01543,Lighthouse Beach,4909950,High (closure)
2018-09-17,27.6055,-82.6508,Skyway Fishing Pier; South (Lower Tampa Bay),235189,Medium
2018-09-17,27.58512,-82.61482,Fletcher Point (Lower Tampa Bay),29000,Low
2018-09-17,27.4959,-82.6522,Palma Sola Bay Bridge,230667,Medium
2018-09-17,27.44602,-82.68798,Longboat Pass Boat Ramp (Sarasota Bay),9831360,High (closure)
2018-09-17,27.5385,-82.7402,Anna Maria Island Rod & Reel Pier (Lower Tampa Bay),208333,Medium
2018-09-17,27.462064,-82.699179,Cortez Beach,11132100,High (closure)
2018-09-17,27.695222,-82.717065,Isla Del Sol; S of (Lower Tampa Bay),1080327,High (closure)
2018-09-17,27.51477,-82.68395,Mead Point (Lower Tampa Bay),1333,Very low
2018-09-17,27.529833,-82.704,School Key; NE of (Lower Tampa Bay),745110,Medium
2018-09-17,27.59275,-82.629067,South Skyway Causeway; NE end of (Lower Tampa Bay),667,Background
2018-09-17,27.587433,-82.61895,South Skyway Rest Area; NW of (Lower Tampa Bay),0,Background
2018-09-17,27.632617,-82.5782,Little Redfish Creek; 1.1 mi NW of (Lower Tampa Bay),13000,Low
2018-09-17,27.595514,-82.5912,Joe Island; N of (Lower Tampa Bay),1000,Very low
2018-09-17,26.30481,-81.8362,Barefoot Beach State Preserve,255913,Medium
2018-09-17,26.25375,-81.82377,Vanderbilt Beach,183621,Medium
2018-09-17,26.2073,-81.8169,Seagate,26000,Low
2018-09-17,26.13163,-81.8063,Naples Pier,0,Background
2018-09-17,25.91165,-81.72805,South Marco Beach,0,Background
2018-09-17,26.262468,-81.819563,100th Avenue N; canal W of,0,Background
2018-09-17,26.289031,-81.832387,Wiggins Pass,29667,Low
2018-09-17,26.289321,-81.847588,Wiggins Pass; W of,81333,Low
2018-09-17,27.100035,-82.460985,Venice Beach,0,Background
2018-09-17,27.123685,-82.471468,Nokomis Beach,2333,Very low
2018-09-16,26.712,-82.149,Jug Creek Point Shoal; W of (Charlotte Harbor),0,Background
2018-09-16,26.645,-82.083,Cheryl Street; NW of (Matlacha Pass),0,Background
2018-09-16,26.6573,-81.8829,North Shore Park (Caloosahatchee River),0,Background
2018-09-16,26.64413,-82.05578,Sirenia Vista Canoe & Kayak Launch,0,Background
2018-09-14,27.3266,-82.5626,Bayfront Park (Sarasota Bay),0,Background
2018-09-14,27.3761,-82.5635,Sapphire Shores Park (Sarasota Bay),0,Background
2018-09-15,26.820583,-82.624833,Little Gasparilla Island; 21 mi W of,275011,Medium
2018-09-15,26.8445,-82.528833,Little Gasparilla Island; 14 mi W of,837487,Medium
2018-09-16,26.883333,-82.333333,Stump Pass; SE of,994840,Medium
2018-09-16,26.916667,-82.35,Sabal Lane; E of (Lemon Bay),32333,Low
2018-09-16,26.928,-82.34205,Cedar Point; NW of (Lemon Bay),14667,Low
2018-09-16,26.87275,-82.339133,Don Pedro Island; W of,271333,Medium
2018-09-16,26.6278,-82.26437,Cayo Costa; 2.2 mi W of,21841638,High (closure)
2018-09-16,26.90673,-82.08039,Rio Tiber Drive; canal S of,0,Background
2018-09-16,26.388333,-82.016667,Sanibel lighthouse; 4.4 mi S of,239333,Medium
2018-09-16,26.493333,-82.021667,Fisherman Key (San Carlos Bay),55667,Low
2018-08-22,26.793283,-82.261883,Peekins Ranch Cove; SE of (Gasparilla Sound),3000,Very low
2018-08-22,26.770583,-82.2577,Hoagen Key; W of (Gasparilla Sound),0,Background
2018-08-22,26.7661,-82.24975,Jack Point Lane; E of (Gasparilla Sound),0,Background
2018-08-22,26.781117,-82.247383,Sandfly Key; W of (Gasparilla Sound),0,Background
2018-08-22,26.760333,-82.258267,Boca Grande Bayou,0,Background
2018-08-22,26.7457,-82.255183,Damfiwill Street; E of (Charlotte Harbor),0,Background
2018-08-22,26.749817,-82.251383,4th Street East; E of (Charlotte Harbor),0,Background
2018-08-21,26.82691,-82.282487,Rum Runner Road; NE of (Placida Harbor),14667,Low
2018-08-21,26.820982,-82.284321,Alborado Road; canal E of (Placida Harbor),30667,Low
2018-08-21,26.916667,-82.366667,Sand Dollar Lane; W of,399333,Medium
2018-08-21,26.89628,-82.340614,Stump Pass,260667,Medium
2018-08-23,27.59275,-82.629067,South Skyway Causeway; NE end of (Lower Tampa Bay),0,Background
2018-08-23,27.587433,-82.61895,South Skyway Rest Area; NW of (Lower Tampa Bay),0,Background
2018-08-23,27.632617,-82.5782,Little Redfish Creek; 1.1 mi NW of (Lower Tampa Bay),1667,Very low
2018-08-23,27.595514,-82.5912,Joe Island; N of (Lower Tampa Bay),0,Background
2018-08-23,27.545317,-82.657483,Terra Ceia Point; 1.6 mi W of (Lower Tampa Bay),32000,Low
2018-08-23,27.566483,-82.646283,Terra Ceia Point; 1.4 mi NW of (Lower Tampa Bay),59333,Low
2018-08-23,26.77603,-82.34558,Gasparilla Pass; 4.5 mi SW of,60667,Low
2018-08-23,26.77603,-82.34558,Gasparilla Pass; 4.5 mi SW of,76333,Low
2018-08-23,26.77603,-82.34558,Gasparilla Pass; 4.5 mi SW of,61882,Low
2018-08-23,26.70429,-82.41862,Boca Grande Pass; 9.6 mi W of,588939,Medium
2018-08-23,26.70429,-82.41862,Boca Grande Pass; 9.6 mi W of,321711,Medium
2018-08-23,26.70429,-82.41862,Boca Grande Pass; 9.6 mi W of,0,Background
2018-08-23,26.667,-82.55875,Cayo Costa; 19 mi W of,0,Background
2018-08-23,26.667,-82.55875,Cayo Costa; 19 mi W of,0,Background
2018-08-23,26.667,-82.55875,Cayo Costa; 19 mi W of,333,Background
2018-08-23,26.59504,-82.69673,Captiva Pass; 29 mi W of,0,Background
2018-08-23,26.59504,-82.69673,Captiva Pass; 29 mi W of,0,Background
2018-08-23,26.59504,-82.69673,Captiva Pass; 29 mi W of,0,Background
2018-08-23,26.55302,-82.25628,Redfish Pass; 3.5 mi W of,95735,Low
2018-08-23,26.55302,-82.25628,Redfish Pass; 3.5 mi W of,0,Background
2018-08-23,26.55482,-82.19598,Redfish Pass; E of (Pine Island Sound),1551478,High (closure)
2018-08-23,26.58815,-82.1915,Foster Bay; NE of (Pine Island Sound),255293,Medium
2018-08-23,26.61679,-82.20493,Captiva Pass; 1 mi E of (Pine Island Sound),402139,Medium
2018-08-23,26.66555,-82.22081,Whoopee Island; NW of (Pine Island Sound),700500,Medium
2018-08-23,26.7138,-82.2485,Boca Grande Pass (Charlotte Harbor),30000,Low
2018-08-23,26.76905,-82.24444,Devilfish Key; W of (Gasparilla Sound),15667,Low
2018-08-23,26.30481,-81.8362,Barefoot Beach State Preserve,774060,Medium
2018-08-23,26.25375,-81.82377,Vanderbilt Beach,204667,Medium
2018-08-23,26.2073,-81.8169,Seagate,32881485,High (closure)
2018-08-23,26.13163,-81.8063,Naples Pier,21333,Low
2018-08-23,25.91165,-81.72805,South Marco Beach,348460,Medium
2018-08-23,26.282626,-81.801589,Tamiami Trail N; E of (Cocohatchee River),0,Background
2018-08-23,26.269616,-81.822743,Heron Avenue; canal S of,0,Background
2018-08-24,26.038543,-81.776134,Keewaydin Island,2178540,High (closure)
2018-08-24,25.989699,-81.748505,Sea Oat Island; N of,11333,Low
2018-08-24,27.3316,-82.5779,Bay Dock (Sarasota Bay),0,Background
2018-08-24,27.33375,-82.57938,New Pass Dock (Sarasota Bay),0,Background
2018-08-27,27.37317,-82.63202,Longboat Key Beach,2000,Very low
2018-08-27,27.32682,-82.56244,Ringling Causeway,10000,Low
2018-08-27,27.31561,-82.58171,North Lido Beach,214000,Medium
2018-08-27,27.311,-82.57718,Lido Beach Casino,160000,Medium
2018-08-27,27.29818,-82.56739,South Lido Park,78000,Low
2018-08-27,27.26518,-82.5531,Siesta Beach,6480000,High (closure)
2018-08-27,27.21843,-82.51711,Turtle Beach,9280000,High (closure)
2018-08-27,27.12332,-82.47122,Nokomis Beach,238000,Medium
2018-08-27,27.11382,-82.46883,North Jetty,74000,Low
2018-08-27,27.10034,-82.46089,Venice Beach,662000,Medium
2018-08-27,27.07827,-82.45286,Service Club Park,130000,Medium
2018-08-27,27.0735,-82.4515,Venice Fishing Pier; N of,116000,Medium
2018-08-27,27.06631,-82.448,Brohard Beach,410000,Medium
2018-08-27,27.05703,-82.4436,Caspersen Beach,494000,Medium
2018-08-27,27.01031,-82.41312,Manasota Beach,62000,Low
2018-08-27,26.96324,-82.38565,Blind Pass Beach,190000,Medium
2018-08-27,27.3316,-82.5779,Bay Dock (Sarasota Bay),110000,Medium
2018-08-27,27.33375,-82.57938,New Pass Dock (Sarasota Bay),238000,Medium
2018-06-18,26.2073,-81.8169,Seagate,0,Background
2018-06-18,26.13163,-81.8063,Naples Pier,0,Background
2018-06-18,25.91165,-81.72805,South Marco Beach,19000,Low
2018-06-18,25.9733,-81.7275,Lee Avenue; docks NE of (Big Marco Pass),42333,Low
2018-06-18,25.9124,-81.7171,Caxambas Park,6333,Very low
2018-06-18,25.9334,-81.6496,Goodland Bridge,0,Background
2018-06-18,25.9804,-81.7029,951 Boat Ramp (Big Marco Pass),31333,Low
2018-06-08,26.965411,-82.05364,Laverne Street; S of (Peace River),0,Background
2018-06-10,26.80596,-82.14948,Charlotte Harbor Preserve State Park (Charlotte Harbor),0,Background
2018-06-11,27.48405,-82.8574,Anna Maria Island; 9.1 mi W of,0,Background
2018-06-11,27.48405,-82.8574,Anna Maria Island; 9.1 mi W of,0,Background
2018-06-11,27.48405,-82.8574,Anna Maria Island; 9.1 mi W of,0,Background
2018-06-11,27.21646,-82.87366,Siesta Key; 22 mi W of,0,Background
2018-06-11,27.21646,-82.87366,Siesta Key; 22 mi W of,0,Background
2018-06-11,27.21646,-82.87366,Siesta Key; 22 mi W of,0,Background
2018-06-19,25.844,-81.678,Cape Romano; S of (Gullivan Bay),35000,Low
2018-06-19,25.8815,-81.632167,Coon Key; S of (Gullivan Bay),0,Background
2018-06-19,25.891667,-81.608833,Shell Key; S of (Gullivan Bay),0,Background
2018-06-12,27.05309,-82.63172,South Venice; 12 mi W of,0,Background
2018-06-12,27.05309,-82.63172,South Venice; 12 mi W of,0,Background
2018-06-12,27.05309,-82.63172,South Venice; 12 mi W of,0,Background
2018-06-12,26.93519,-82.90573,Englewood Beach; 33 mi W of,0,Background
2018-06-12,26.93519,-82.90573,Englewood Beach; 33 mi W of,0,Background
2018-06-12,26.93519,-82.90573,Englewood Beach; 33 mi W of,0,Background
2018-06-12,26.6586,-82.93918,Cayo Costa; 43 mi W of,0,Background
2018-06-12,26.6586,-82.93918,Cayo Costa; 43 mi W of,0,Background
2018-06-12,26.6586,-82.93918,Cayo Costa; 43 mi W of,0,Background
2018-06-12,26.6586,-82.93918,Cayo Costa; 43 mi W of,0,Background
2018-06-12,26.49486,-82.68271,Captiva Island; 31 mi W of,0,Background
2018-06-12,26.49486,-82.68271,Captiva Island; 31 mi W of,0,Background
2018-06-12,26.49486,-82.68271,Captiva Island; 31 mi W of,0,Background
2018-06-12,26.61448,-82.41352,Captiva Pass; 12 mi W of,0,Background
2018-06-12,26.61448,-82.41352,Captiva Pass; 12 mi W of,24500,Low
2018-07-09,27.4959,-82.6522,Palma Sola Bay Bridge,0,Background
2018-07-09,27.44602,-82.68798,Longboat Pass Boat Ramp (Sarasota Bay),0,Background
2018-07-09,27.5385,-82.7402,Anna Maria Island Rod & Reel Pier (Lower Tampa Bay),333,Background
2018-07-09,26.7117,-82.2583,Boca Grande Pass,333,Background
2018-07-09,26.6798,-82.2196,Mondongo Island; W of (Pine Island Sound),31000,Low
2018-07-09,26.6092,-82.221,Captiva Pass,667,Background
2018-07-09,26.59925,-82.18463,Captiva Rocks; SW of (Pine Island Sound),15333,Low
2018-07-09,26.5535,-82.1963,Redfish Pass (Pine Island Sound),9667,Very low
2018-07-09,26.560417,-82.170817,Redfish Pass; 1.8 mi E of (Pine Island Sound),0,Background
2018-07-09,26.532117,-82.15667,Buck Key; 1.9 mi NE of (Pine Island Sound),0,Background
2018-07-09,26.488,-82.1815,Buck Key; S of (Blind Pass),0,Background
2018-07-09,26.4887,-82.1073,York Island; W of (Pine Island Sound),0,Background
2018-07-09,26.538,-82.1257,Regla Island; W of (Pine Island Sound),0,Background
2018-07-09,26.5767,-82.1347,Cork Island; W of (Pine Island Sound),23000,Low
2018-07-09,26.5902,-82.1561,Hemp Key; S of (Pine Island Sound),3333,Very low
2018-07-09,26.705,-82.1837,Little Bokeelia Island; N of (Charlotte Harbor),2333,Very low
2018-07-09,26.30481,-81.8362,Barefoot Beach State Preserve,0,Background
2018-07-09,26.25375,-81.82377,Vanderbilt Beach,0,Background
2018-07-09,26.2073,-81.8169,Seagate,0,Background
2018-07-09,26.13163,-81.8063,Naples Pier,0,Background
2018-07-09,25.91165,-81.72805,South Marco Beach,37333,Low
2018-07-09,26.4577,-81.9532,Matanzas Pass (Estero Bay),0,Background
2018-07-09,26.4294,-81.858,Estero River; mouth of (Estero Bay),0,Background
2018-07-09,26.3936,-81.8655,Carl Johnson Park Boat Ramp (Estero Bay),0,Background
2018-07-09,26.3584,-81.8375,Pelican Bay Nature Park Pier (Estero Bay),0,Background
2018-07-09,26.4287,-81.8832,Coon Key; N of (Estero Bay),0,Background
2018-07-09,26.4462,-81.9272,Mound House Dock (Estero Bay),0,Background
2018-07-09,26.43861,-81.84,Estero River; upstream,0,Background
2018-07-09,26.855833,-82.3031,Don Pedro Island State Park Pier (Lemon Bay),85333,Low
2018-07-09,26.9092,-82.0953,Punta Gorda Boat Ramp (Charlotte Harbor),0,Background
2018-07-09,26.7614,-82.0611,Burnt Store Marina (Charlotte Harbor),0,Background
2018-07-06,27.038176,-82.430419,South Venice Public Beach,667,Background
2018-07-06,27.036297,-82.428965,Manasota Key Road; NW of,14333,Low
2018-07-09,27.37317,-82.63202,Longboat Key Beach,1000,Very low
2018-07-09,27.32682,-82.56244,Ringling Causeway,0,Background
2018-07-09,27.31561,-82.58171,North Lido Beach,0,Background
2018-07-09,27.311,-82.57718,Lido Beach Casino,19000,Low
2018-07-09,27.29818,-82.56739,South Lido Park,5000,Very low
2018-07-09,27.26518,-82.5531,Siesta Beach,197000,Medium
2018-07-09,27.21843,-82.51711,Turtle Beach,3000,Very low
2018-07-09,27.12332,-82.47122,Nokomis Beach,0,Background
2018-07-09,27.11382,-82.46883,North Jetty,0,Background
2018-07-09,27.10034,-82.46089,Venice Beach,3000,Very low
2018-07-09,27.07827,-82.45286,Service Club Park,0,Background
2018-07-09,27.0735,-82.4515,Venice Fishing Pier; N of,3000,Very low
2018-07-09,27.06631,-82.448,Brohard Beach,111000,Medium
2018-07-09,27.05703,-82.4436,Caspersen Beach,11000,Low
2018-07-09,27.01031,-82.41312,Manasota Beach,24000,Low
2018-07-09,26.96324,-82.38565,Blind Pass Beach,35000,Low
2018-07-05,27.3316,-82.5779,Bay Dock (Sarasota Bay),0,Background
2018-07-05,27.33375,-82.57938,New Pass Dock (Sarasota Bay),0,Background
2018-07-09,27.3316,-82.5779,Bay Dock (Sarasota Bay),0,Background
2018-07-09,27.33375,-82.57938,New Pass Dock (Sarasota Bay),21000,Low
2018-07-10,27.3316,-82.5779,Bay Dock (Sarasota Bay),0,Background
2018-07-10,27.33375,-82.57938,New Pass Dock (Sarasota Bay),1000,Very low
2018-07-10,26.816167,-82.2805,Gasparilla Pass,126757,Medium
2018-07-10,26.7117,-82.2583,Boca Grande Pass,31000,Low
2018-07-10,26.74065,-82.2145,Cayo Pelau; 2 mi S of (Charlotte Harbor),667,Background
2018-07-10,26.786021,-82.223062,Cayo Pelau; N of (Gasparilla Sound),0,Background
2018-07-10,26.782417,-82.209383,Bull Key; NW of (Bull Bay),0,Background
2018-07-10,26.798,-82.231,Sandfly Key; NE of (Gasparilla Sound),3000,Very low
2018-07-10,26.8164,-82.2526,Catfish Creek; mouth of (Gasparilla Sound),15667,Low
2018-05-21,26.30481,-81.8362,Barefoot Beach State Preserve,667,Background
2018-05-21,26.25375,-81.82377,Vanderbilt Beach,0,Background
2018-05-21,26.2073,-81.8169,Seagate,0,Background
2018-05-21,26.13163,-81.8063,Naples Pier,0,Background
2018-05-21,25.91165,-81.72805,South Marco Beach,0,Background
2018-05-20,26.397833,-81.967467,Big Carlos Pass; 5.1 mi W of,72333,Low
2018-05-21,26.6826,-82.32955,Boca Grande Pass; 4.8 mi SW of,13333,Low
2018-05-21,26.606183,-82.505767,Boca Grande Pass; 17 mi SW of,0,Background
2018-05-21,26.650267,-82.429517,Boca Grande Pass; 11 mi W of,0,Background
2018-05-22,27.6133,-82.7391,Mullet Key; Gulf Pier,0,Background
2018-05-22,26.43494,-81.91138,Estero Island (Estero Bay),0,Background
2018-05-22,26.38591,-81.84631,Long Key (Estero Bay),15333,Low
2018-05-22,26.35497,-81.84452,Bonita Beach (Estero Bay),0,Background
2018-05-23,27.3316,-82.5779,Bay Dock (Sarasota Bay),0,Background
2018-05-23,27.33375,-82.57938,New Pass Dock (Sarasota Bay),0,Background
2018-05-23,26.911667,-82.158833,Hog Island; S of (Charlotte Harbor),0,Background
2018-05-23,26.5264,-82.1945,Alison Hagerup Beach Park,88667,Low
2018-05-23,26.4217,-82.0801,Tarpon Bay Road Beach,67000,Low
2018-05-23,26.45157,-82.01543,Lighthouse Beach,61000,Low
2018-05-23,26.45398,-81.95776,Lynn Hall Park,0,Background
2018-05-23,26.3901,-81.8795,Lovers Key State Park,8333,Very low
2018-05-23,26.33105,-81.84574,Bonita Beach Park,0,Background
2018-05-23,26.4836,-82.012,Sanibel Causeway; SE end of (San Carlos Bay),667,Background
2018-05-23,26.4848,-82.0019,Punta Rassa Road; S of (San Carlos Bay),10000,Low
2018-05-23,27.535133,-82.728467,Spring Avenue; NE of (Lower Tampa Bay),0,Background
2018-05-23,27.53815,-82.733033,S Bay Boulevard; N of (Lower Tampa Bay),0,Background
2018-05-24,27.3316,-82.5779,Bay Dock (Sarasota Bay),0,Background
2018-05-24,27.33375,-82.57938,New Pass Dock (Sarasota Bay),0,Background
2018-08-01,26.45398,-81.95776,Lynn Hall Park,1247928,High (closure)
2018-08-01,26.3901,-81.8795,Lovers Key State Park,3082200,High (closure)
2018-08-01,26.33105,-81.84574,Bonita Beach Park,8442840,High (closure)
2018-08-01,26.92467,-82.36189,Englewood Beach,7285740,High (closure)
2018-08-01,26.80562,-82.27415,Boca Grande Pier (Gasparilla Sound),4353478,High (closure)
2018-08-02,27.3316,-82.5779,Bay Dock (Sarasota Bay),16320000,High (closure)
2018-08-02,27.33375,-82.57938,New Pass Dock (Sarasota Bay),1502000,High (closure)
2018-08-02,26.4845,-82.011192,Punta Rassa Boat Ramp (San Carlos Bay),402420,Medium
2018-08-02,26.4845,-82.011192,Punta Rassa Boat Ramp (San Carlos Bay),720860,Medium
2018-08-02,26.78079,-82.34734,Gasparilla Island; 4.8 mi W of,2375963,High (closure)
2018-08-02,26.78079,-82.34734,Gasparilla Island; 4.8 mi W of,2643612,High (closure)
2018-08-02,26.78079,-82.34734,Gasparilla Island; 4.8 mi W of,2948610,High (closure)
2018-08-02,26.74031,-82.41936,Boca Grande Beach; 9.6 mi W of,420300,Medium
2018-08-02,26.74031,-82.41936,Boca Grande Beach; 9.6 mi W of,461772,Medium
2018-08-02,26.74031,-82.41936,Boca Grande Beach; 9.6 mi W of,204858,Medium
2018-08-02,26.66802,-82.55845,Cayo Costa; 18 mi W of,0,Background
2018-08-02,26.66802,-82.55845,Cayo Costa; 18 mi W of,0,Background
2018-08-02,26.66802,-82.55845,Cayo Costa; 18 mi W of,0,Background
2018-08-02,26.59391,-82.69662,Captiva Pass; 29 mi W of,0,Background
2018-08-02,26.59391,-82.69662,Captiva Pass; 29 mi W of,0,Background
2018-08-02,26.59391,-82.69662,Captiva Pass; 29 mi W of,0,Background
2018-08-02,26.55321,-82.25469,Redfish Pass; 3.3 mi W of,3126267,High (closure)
2018-08-02,26.55321,-82.25469,Redfish Pass; 3.3 mi W of,1329230,High (closure)
2018-08-02,26.55437,-82.1934,Redfish Pass,597611,Medium
2018-08-02,26.57581,-82.18382,Redfish Pass; 1.7 mi NE of (Pine Island Sound),2778650,High (closure)
2018-08-02,26.61765,-82.20452,Captiva Pass; 1.1 mi E of (Pine Island Sound),577000,Medium
2018-08-02,26.66577,-82.21941,Cabbage Key; E of (Pine Island Sound),3573283,High (closure)
2018-08-02,26.71399,-82.24765,Boca Grande Pass (Charlotte Harbor),521267,Medium
2018-08-02,26.71399,-82.24765,Devilfish Key; W of (Charlotte Harbor),115000,Medium
2018-08-02,25.91165,-81.72805,South Marco Beach,1720117,High (closure)
2018-08-02,26.13163,-81.8063,Naples Pier,43333,Low
2018-08-02,26.2073,-81.8169,Seagate,770550,Medium
2018-08-02,26.25375,-81.82377,Vanderbilt Beach,21229250,High (closure)
2018-08-02,26.30481,-81.8362,Barefoot Beach State Preserve,1404480,High (closure)
2018-08-02,26.644298,-81.874002,Centennial Park (Caloosahatchee River),0,Background
2018-08-02,26.544002,-81.95132,Floridian Court; canal S of (Caloosahatchee River),0,Background
2018-08-02,27.307383,-82.573983,Lido Beach,4077780,High (closure)
2018-08-03,26.53505,-82.11875,Regla Island; E of (Pine Island Sound),352716,Medium
2018-08-03,26.609417,-82.1703,Captiva Rocks; E of (Pine Island Sound),1260840,High (closure)
2018-08-03,26.5788,-82.195467,North Captiva Island; E of (Pine Island Sound),271333,Medium
2018-08-03,27.3316,-82.5779,Bay Dock (Sarasota Bay),28700000,High (closure)
2018-08-03,26.580017,-82.20175,Foster Bay,1631910,High (closure)
2018-08-03,27.33375,-82.57938,New Pass Dock (Sarasota Bay),44240000,High (closure)
2018-08-06,27.3316,-82.5779,Bay Dock (Sarasota Bay),4560000,High (closure)
2018-08-06,27.33375,-82.57938,New Pass Dock (Sarasota Bay),3680000,High (closure)
2018-08-01,27.488822,-82.708936,Holmes Beach,3667,Very low
2018-07-31,27.55661,-82.78781,Egmont Key; 2.3 mi SW of,0,Background
2018-07-31,27.55661,-82.78781,Egmont Key; 2.3 mi SW of,0,Background
2018-07-31,27.4504,-82.76839,Coquina Beach; 4.6 mi W of,0,Background
2018-07-31,27.4504,-82.76839,Coquina Beach; 4.6 mi W of,0,Background
2018-07-31,27.36557,-82.69319,Longboat Key; 4.1 mi W of,0,Background
2018-07-31,27.36557,-82.69319,Longboat Key; 4.1 mi W of,0,Background
2018-07-31,27.30897,-82.61293,Lido Beach; 2.3 mi W of,603000,Medium
2018-07-31,27.30897,-82.61293,Lido Beach; 2.3 mi W of,804000,Medium
2018-07-31,27.30897,-82.61293,Lido Beach; 2.3 mi W of,681000,Medium
2018-09-17,27.37317,-82.63202,Longboat Key Beach,15360000,High (closure)
2018-09-17,27.32682,-82.56244,Ringling Causeway,6000,Very low
2018-09-17,27.31561,-82.58171,North Lido Beach,1382000,High (closure)
2018-09-17,27.311,-82.57718,Lido Beach Casino,16000,Low
2018-09-17,27.29818,-82.56739,South Lido Park,5840000,High (closure)
2018-09-17,27.26518,-82.5531,Siesta Beach,94000,Low
2018-09-17,27.21843,-82.51711,Turtle Beach,0,Background
2018-09-17,27.12332,-82.47122,Nokomis Beach,4000,Very low
2018-09-17,27.11382,-82.46883,North Jetty,20000,Low
2018-09-17,27.10034,-82.46089,Venice Beach,2000,Very low
2018-09-17,27.07827,-82.45286,Service Club Park,0,Background
2018-09-17,27.0735,-82.4515,Venice Fishing Pier; N of,6000,Very low
2018-09-17,27.06631,-82.448,Brohard Beach,0,Background
2018-09-17,27.05703,-82.4436,Caspersen Beach,18000,Low
2018-09-17,27.01031,-82.41312,Manasota Beach,2000,Very low
2018-09-17,26.96324,-82.38565,Blind Pass Beach,4000,Very low
2018-09-18,26.816167,-82.2805,Gasparilla Pass,0,Background
2018-09-18,26.7117,-82.2583,Boca Grande Pass,0,Background
2018-09-18,26.74065,-82.2145,Cayo Pelau; 2 mi S of (Charlotte Harbor),0,Background
2018-09-18,26.786021,-82.223062,Cayo Pelau; N of (Gasparilla Sound),0,Background
2018-09-18,26.782417,-82.209383,Bull Key; NW of (Bull Bay),0,Background
2018-09-18,26.798,-82.231,Sandfly Key; NE of (Gasparilla Sound),0,Background
2018-09-18,26.8164,-82.2526,Catfish Creek; mouth of (Gasparilla Sound),113220,Medium
2018-09-18,26.6798,-82.2196,Mondongo Island; W of (Pine Island Sound),2000,Very low
2018-09-18,26.6092,-82.221,Captiva Pass,19333,Low
2018-09-18,26.59925,-82.18463,Captiva Rocks; SW of (Pine Island Sound),177840,Medium
2018-09-18,26.5535,-82.1963,Redfish Pass (Pine Island Sound),103667,Medium
2018-09-18,26.560417,-82.170817,Redfish Pass; 1.8 mi E of (Pine Island Sound),8667,Very low
2018-09-18,26.532117,-82.15667,Buck Key; 1.9 mi NE of (Pine Island Sound),161063,Medium
2018-09-18,26.488,-82.1815,Buck Key; S of (Blind Pass),59000,Low
2018-09-18,26.4887,-82.1073,York Island; W of (Pine Island Sound),44667,Low
2018-09-18,26.538,-82.1257,Regla Island; W of (Pine Island Sound),0,Background
2018-09-18,26.5767,-82.1347,Cork Island; W of (Pine Island Sound),0,Background
2018-09-18,26.5902,-82.1561,Hemp Key; S of (Pine Island Sound),8667,Very low
2018-09-18,26.705,-82.1837,Little Bokeelia Island; N of (Charlotte Harbor),3333,Very low
2018-06-12,26.61448,-82.41352,Captiva Pass; 12 mi W of,141000,Medium
2018-06-12,26.78111,-82.64156,Boca Grande; 23 mi W of,500,Background
2018-06-12,26.78111,-82.64156,Boca Grande; 23 mi W of,500,Background
2018-06-12,26.78111,-82.64156,Boca Grande; 23 mi W of,0,Background
2018-06-20,27.51477,-82.68395,Mead Point (Lower Tampa Bay),0,Background
2018-06-20,27.529833,-82.704,School Key; NE of (Lower Tampa Bay),333,Background
2018-06-20,27.59275,-82.629067,South Skyway Causeway; NE end of (Lower Tampa Bay),0,Background
2018-06-20,27.587433,-82.61895,South Skyway Rest Area; NW of (Lower Tampa Bay),0,Background
2018-06-20,27.632617,-82.5782,Little Redfish Creek; 1.1 mi NW of (Lower Tampa Bay),0,Background
2018-06-20,27.595514,-82.5912,Joe Island; N of (Lower Tampa Bay),0,Background
2018-06-20,27.5395,-82.6285,Emerson Point Preserve Dock; NE of (Terra Ceia Bay),0,Background
2018-06-20,26.5264,-82.1945,Alison Hagerup Beach Park,0,Background
2018-06-20,26.4217,-82.0801,Tarpon Bay Road Beach,0,Background
2018-06-20,26.45157,-82.01543,Lighthouse Beach,0,Background
2018-06-20,26.45398,-81.95776,Lynn Hall Park,0,Background
2018-06-20,26.3901,-81.8795,Lovers Key State Park,0,Background
2018-06-20,26.33105,-81.84574,Bonita Beach Park,0,Background
2018-06-20,27.64966,-82.921468,Bunces Pass; 11 mi W of,0,Background
2018-06-20,27.64966,-82.921468,Bunces Pass; 11 mi W of,0,Background
2018-06-20,27.64966,-82.84019,Bunces Pass; 5.8 mi W of,0,Background
2018-06-20,27.64966,-82.84019,Bunces Pass; 5.8 mi W of,0,Background
2018-06-15,27.3316,-82.5779,Bay Dock (Sarasota Bay),48000,Low
2018-06-15,27.33375,-82.57938,New Pass Dock (Sarasota Bay),410000,Medium
2018-06-16,27.3316,-82.5779,Bay Dock (Sarasota Bay),718000,Medium
2018-06-17,27.3316,-82.5779,Bay Dock (Sarasota Bay),484000,Medium
2018-06-18,27.3316,-82.5779,Bay Dock (Sarasota Bay),147000,Medium
2018-06-18,27.33375,-82.57938,New Pass Dock (Sarasota Bay),130000,Medium
2018-06-19,27.3316,-82.5779,Bay Dock (Sarasota Bay),244000,Medium
2018-06-19,27.33375,-82.57938,New Pass Dock (Sarasota Bay),510000,Medium
2018-06-20,27.3316,-82.5779,Bay Dock (Sarasota Bay),135000,Medium
2018-06-20,27.33375,-82.57938,New Pass Dock (Sarasota Bay),132000,Medium
2018-06-21,27.3316,-82.5779,Bay Dock (Sarasota Bay),288000,Medium
2018-06-21,27.33375,-82.57938,New Pass Dock (Sarasota Bay),83000,Low
2018-08-27,27.6133,-82.7391,Mullet Key; Gulf Pier,428333,Medium
2018-08-27,27.6055,-82.6508,Skyway Fishing Pier; South (Lower Tampa Bay),14000,Low
2018-08-27,27.58512,-82.61482,Fletcher Point (Lower Tampa Bay),0,Background
2018-08-27,27.4959,-82.6522,Palma Sola Bay Bridge,0,Background
2018-08-27,27.44602,-82.68798,Longboat Pass Boat Ramp (Sarasota Bay),87473,Low
2018-08-27,27.5385,-82.7402,Anna Maria Island Rod & Reel Pier (Lower Tampa Bay),210150,Medium
2018-08-27,27.462046,-82.699173,Bradenton Beach,667,Background
2018-08-27,27.68085,-82.891867,Pass-a-Grille North Channel; 9.4 mi W of,1624122,High (closure)
2018-08-27,27.681917,-82.896633,Pass-a-Grille North Channel; 9.7 mi W of,283383,Medium
2018-08-27,26.7117,-82.2583,Boca Grande Pass,2667,Very low
2018-08-27,26.6798,-82.2196,Mondongo Island; W of (Pine Island Sound),59333,Low
2018-08-27,26.6092,-82.221,Captiva Pass,25000,Low
2018-08-27,26.59925,-82.18463,Captiva Rocks; SW of (Pine Island Sound),24667,Low
2018-08-27,26.5535,-82.1963,Redfish Pass (Pine Island Sound),1333,Very low
2018-08-27,26.560417,-82.170817,Redfish Pass; 1.8 mi E of (Pine Island Sound),241387,Medium
2018-08-27,26.532117,-82.15667,Buck Key; 1.9 mi NE of (Pine Island Sound),808640,Medium
2018-08-27,26.488,-82.1815,Buck Key; S of (Blind Pass),474810,Medium
2018-08-27,26.4887,-82.1073,York Island; W of (Pine Island Sound),1624293,High (closure)
2018-08-27,26.538,-82.1257,Regla Island; W of (Pine Island Sound),333,Background
2018-08-27,26.5767,-82.1347,Cork Island; W of (Pine Island Sound),0,Background
2018-08-27,26.5902,-82.1561,Hemp Key; S of (Pine Island Sound),253764,Medium
2018-08-27,26.705,-82.1837,Little Bokeelia Island; N of (Charlotte Harbor),0,Background
2018-08-27,27.51477,-82.68395,Mead Point (Lower Tampa Bay),0,Background
2018-08-27,27.529833,-82.704,School Key; NE of (Lower Tampa Bay),1667,Very low
2018-08-27,27.59275,-82.629067,South Skyway Causeway; NE end of (Lower Tampa Bay),1667,Very low
2018-08-27,27.587433,-82.61895,South Skyway Rest Area; NW of (Lower Tampa Bay),0,Background
2018-08-27,27.632617,-82.5782,Little Redfish Creek; 1.1 mi NW of (Lower Tampa Bay),333,Background
2018-08-27,27.595514,-82.5912,Joe Island; N of (Lower Tampa Bay),0,Background
2018-08-27,26.30481,-81.8362,Barefoot Beach State Preserve,37667,Low
2018-08-27,26.25375,-81.82377,Vanderbilt Beach,0,Background
2018-08-27,26.2073,-81.8169,Seagate,0,Background
2018-08-27,26.13163,-81.8063,Naples Pier,37333,Low
2018-08-27,25.91165,-81.72805,South Marco Beach,232000,Medium
2018-08-27,26.1745,-81.8152,Doctors Pass; N of,3667,Very low
2018-07-10,27.05703,-82.4436,Caspersen Beach,0,Background
2018-07-10,27.07827,-82.45286,Service Club Park,667,Background
2018-06-06,27.35884,-82.57789,City Island; N of (Sarasota Bay),6000,Very low
2018-06-06,27.33852,-82.56789,City Island; NE of (Sarasota Bay),112000,Medium
2018-06-06,27.33852,-82.56789,City Island; NE of (Sarasota Bay),120000,Medium
2018-06-06,27.3252,-82.58018,St. Armands Key; N of (Sarasota Bay),38000,Low
2018-06-06,27.32441,-82.55596,Bird Key; E of (Sarasota Bay),49000,Low
2018-06-06,27.31206,-82.55169,Bay Island; N of (Sarasota Bay),173000,Medium
2018-06-06,27.37031,-82.56841,Indian Beach; W of (Sarasota Bay),0,Background
2018-06-06,27.35302,-82.56599,Centennial Park; NW of (Sarasota Bay),32000,Low
2018-06-06,27.33358,-82.55878,Causeway Park; W of (Sarasota Bay),11000,Low
2018-06-06,27.32388,-82.54816,Island Park; SW of (Sarasota Bay),44000,Low
2018-06-06,27.31186,-82.54505,Bay Island Park; N of (Sarasota Bay),94000,Low
2018-06-06,27.3843,-82.6088,Bishops Point; NE of (Sarasota Bay),4000,Very low
2018-06-06,27.3747,-82.6049,Bishops Point; E of (Sarasota Bay),5000,Very low
2018-06-06,27.37815,-82.58418,Mid-Sarasota Bay,0,Background
2018-06-06,27.37682,-82.57575,Stephens Point; W of (Sarasota Bay),1000,Very low
2018-06-06,27.3629,-82.5977,Longboat Key; E of (Sarasota Bay),15000,Low
2018-06-06,27.2972,-82.54781,Edwards Island; W of (Roberts Bay; Sarasota),59000,Low
2018-06-06,27.28119,-82.54489,Philippe Creek; N of (Roberts Bay; Sarasota),11000,Low
2018-06-06,27.264,-82.53956,Philippe Creek; S of (Roberts Bay; Sarasota),9000,Very low
2018-06-06,27.264,-82.53956,Philippe Creek; S of (Roberts Bay; Sarasota),6000,Very low
2018-06-06,27.2581,-82.5346,Stickney Point Bridge; NW of (Roberts Bay; Sarasota),17000,Low
2018-06-06,27.24374,-82.52199,Coral Cove; NW of (Little Sarasota Bay),4000,Very low
2018-06-06,27.23379,-82.51922,Coral Cove; S of (Little Sarasota Bay),2000,Very low
2018-06-06,27.23065,-82.51085,Blind Pass; NE of (Little Sarasota Bay),0,Background
2018-06-06,27.21136,-82.50371,Bird Keys; E of (Little Sarasota Bay),0,Background
2018-06-06,27.19106,-82.4998,Spanish Point; S of (Little Sarasota Bay),1000,Very low
2018-06-06,27.18587,-82.49337,Blackburn Point Road; N of (Little Sarasota Bay),0,Background
2018-06-06,27.16933,-82.48797,Dryman Bay (ICW),10000,Low
2018-06-06,27.15861,-82.48309,Northern Blackburn Bay,10000,Low
2018-06-06,27.1534,-82.48046,Mid-Blackburn Bay,74000,Low
2018-06-06,27.1534,-82.48046,Mid-Blackburn Bay,62000,Low
2018-06-06,27.13781,-82.47115,Blackburn Bay; S of (ICW),119000,Medium
2018-06-06,27.1308,-82.46968,Albee Road Bridge; N of (Blackburn Bay),118000,Medium
2018-06-06,27.1278,-82.4616,Lyons Bay; Canal N of,0,Background
2018-06-06,27.1197,-82.4506,Dona Bay,0,Background
2018-06-06,27.1098,-82.4572,Bird Island; S of (Roberts Bay; Venice),101000,Medium
2018-06-06,27.114,-82.4451,Nokomis Community Park; S of (Roberts Bay),0,Background
2018-06-06,27.0759,-82.4306,Venice Municiple Airport; E of (ICW),1000,Very low
2018-06-06,27.04171,-82.43026,Alligator Creek (ICW),5000,Very low
2018-06-06,27.0261,-82.42087,Manasota Beach Bridge; NW of (ICW),6000,Very low
2018-06-06,27.0261,-82.42087,Manasota Beach Bridge; NW of (ICW),3000,Very low
2018-06-06,27.00523,-82.40652,Forked Creek; NW of (Lemon Bay),3000,Very low
2018-06-06,26.98373,-82.39391,Leachs Key; N of (Lemon Bay),0,Background
2018-06-06,26.94828,-82.36156,Indian Mound Park; S of (Lemon Bay),1000,Very low
2018-07-11,27.51477,-82.68395,Mead Point (Lower Tampa Bay),0,Background
2018-07-11,27.529833,-82.704,School Key; NE of (Lower Tampa Bay),0,Background
2018-07-11,27.59275,-82.629067,South Skyway Causeway; NE end of (Lower Tampa Bay),0,Background
2018-07-11,27.587433,-82.61895,South Skyway Rest Area; NW of (Lower Tampa Bay),0,Background
2018-07-11,27.632617,-82.5782,Little Redfish Creek; 1.1 mi NW of (Lower Tampa Bay),0,Background
2018-07-11,27.595514,-82.5912,Joe Island; N of (Lower Tampa Bay),0,Background
2018-07-11,26.5264,-82.1945,Alison Hagerup Beach Park,333,Background
2018-07-11,26.4217,-82.0801,Tarpon Bay Road Beach,333,Background
2018-07-11,26.45157,-82.01543,Lighthouse Beach,0,Background
2018-07-11,26.45398,-81.95776,Lynn Hall Park,0,Background
2018-07-11,26.3901,-81.8795,Lovers Key State Park,0,Background
2018-07-11,26.33105,-81.84574,Bonita Beach Park,0,Background
2018-07-31,27.20647,-82.57573,Turtle Beach; 4 mi W of,481000,Medium
2018-07-31,27.20647,-82.57573,Turtle Beach; 4 mi W of,311000,Medium
2018-07-31,27.11184,-82.51702,Venice Inlet; 3 mi W of,1230000,High (closure)
2018-07-31,27.11184,-82.51702,Venice Inlet; 3 mi W of,389000,Medium
2018-07-31,27.01283,-82.46982,Manasota Beach; 3.4 mi W of,1918000,High (closure)
2018-07-31,27.01283,-82.46982,Manasota Beach; 3.4 mi W of,70000,Low
2018-08-03,26.095333,-81.811117,Gordon Pass; W of,289000,Medium
2018-07-31,26.91813,-82.41211,Punta Gorda Beach; 3.3 mi W of,1391000,High (closure)
2018-08-03,26.129017,-81.821033,Naples Pier; W of,83333,Low
2018-08-03,26.943768,-82.352103,West Bay Heights Road; S of (Lemon Bay),12667,Low
2018-08-03,26.9311,-82.337,Skip's Placida Marina (Ainger Creek),1667,Very low
2018-08-05,27.461749,-82.698231,Cortez Beach,23607219,High (closure)
2018-07-31,26.91813,-82.41211,Punta Gorda Beach; 3.3 mi W of,94000,Low
2018-07-31,26.82491,-82.3501,Little Gasparilla Island; 3.8 mi W of,1256000,High (closure)
2018-07-31,26.82491,-82.3501,Little Gasparilla Island; 3.8 mi W of,85000,Low
2018-07-31,26.70117,-82.28919,Boca Grande Pass; 2 mi W of,1677000,High (closure)
2018-07-31,26.70117,-82.28919,Boca Grande Pass; 2 mi W of,526000,Medium
2018-07-31,26.70117,-82.28919,Boca Grande Pass; 2 mi W of,3182000,High (closure)
2018-07-31,26.61003,-82.29105,Captiva Pass; 4.2 mi W of,29000,Low
2018-07-31,26.61003,-82.29105,Captiva Pass; 4.2 mi W of,85000,Low
2018-07-31,26.50312,-82.27413,Captiva Island; 5.2 mi W of,1000,Very low
2018-07-31,26.50312,-82.27413,Captiva Island; 5.2 mi W of,43000,Low
2018-07-31,26.41634,-82.2026,Bowmans Beach; 4 mi SW of,1326000,High (closure)
2018-07-31,26.41634,-82.2026,Bowmans Beach; 4 mi SW of,22000,Low
2018-07-31,26.339,-82.119,Tarpon Bay Road Beach; 6.2 mi SW of,1644000,High (closure)
2018-07-31,26.339,-82.119,Tarpon Bay Road Beach; 6.2 mi SW of,356000,Medium
2018-07-31,26.3141,-82.00202,Barefoot Beach; 10 mi W of,3294000,High (closure)
2018-07-31,26.3141,-82.00202,Barefoot Beach; 10 mi W of,1410000,High (closure)
2018-07-31,26.3878,-81.97891,Sanibel Beach; 4.9 mi SE of,1714000,High (closure)
2018-07-31,26.3878,-81.97891,Sanibel Beach; 4.9 mi SE of,804000,Medium
2018-07-31,27.35832,-82.92915,Longboat Key; 19 mi W of,0,Background
2018-07-31,27.35832,-82.92915,Longboat Key; 19 mi W of,0,Background
2018-07-31,27.1364,-82.76011,Casey Key; 18 mi W of,0,Background
2018-07-31,27.1364,-82.76011,Casey Key; 18 mi W of,0,Background
2018-07-31,26.79666,-82.57846,Gasparilla Pass; 18 mi W of,0,Background
2018-07-31,26.79666,-82.57846,Gasparilla Pass; 18 mi W of,0,Background
2018-08-06,27.6133,-82.7391,Mullet Key; Gulf Pier,16333,Low
2018-08-06,27.6055,-82.6508,Skyway Fishing Pier; South (Lower Tampa Bay),0,Background
2018-08-06,27.58512,-82.61482,Fletcher Point (Lower Tampa Bay),0,Background
2018-08-06,27.4959,-82.6522,Palma Sola Bay Bridge,0,Background
2018-08-06,27.44602,-82.68798,Longboat Pass Boat Ramp (Sarasota Bay),14322667,High (closure)
2018-08-06,27.5385,-82.7402,Anna Maria Island Rod & Reel Pier (Lower Tampa Bay),35333,Low
2018-08-06,27.497603,-82.71365,Manatee Beach,5205234,High (closure)
2018-08-06,27.444328,-82.691204,Coquina Beach,202417,Medium
2018-08-06,27.519245,-82.731091,Beach Avenue; SW of,9650173,High (closure)
2018-08-06,26.7117,-82.2583,Boca Grande Pass,3555,Very low
2018-08-06,26.6798,-82.2196,Mondongo Island; W of (Pine Island Sound),220333,Medium
2018-08-06,26.6092,-82.221,Captiva Pass,1386072,High (closure)
2018-08-06,26.59925,-82.18463,Captiva Rocks; SW of (Pine Island Sound),4923870,High (closure)
2018-08-06,26.5535,-82.1963,Redfish Pass (Pine Island Sound),1899240,High (closure)
2018-08-06,26.560417,-82.170817,Redfish Pass; 1.8 mi E of (Pine Island Sound),2202480,High (closure)
2018-08-06,26.532117,-82.15667,Buck Key; 1.9 mi NE of (Pine Island Sound),3978000,High (closure)
2018-08-06,26.488,-82.1815,Buck Key; S of (Blind Pass),581156,Medium
2018-08-06,26.4887,-82.1073,York Island; W of (Pine Island Sound),1005480,High (closure)
2018-08-06,26.538,-82.1257,Regla Island; W of (Pine Island Sound),1085280,High (closure)
2018-08-06,26.5767,-82.1347,Cork Island; W of (Pine Island Sound),2591850,High (closure)
2018-08-06,26.5902,-82.1561,Hemp Key; S of (Pine Island Sound),245953,Medium
2018-08-06,26.705,-82.1837,Little Bokeelia Island; N of (Charlotte Harbor),333,Background
2018-08-06,26.5857,-82.0645,McCardle Island; SW of (Matlacha Pass),0,Background
2018-08-06,26.500278,-82.0475,Merwin Key; W of (San Carlos Bay),614883,Medium
2018-08-06,26.7003,-82.1208,Jug Creek Point; E of (Matlacha Pass),0,Background
2018-08-06,26.30481,-81.8362,Barefoot Beach State Preserve,196333,Medium
2018-08-06,26.25375,-81.82377,Vanderbilt Beach,2667,Very low
2018-08-06,26.2073,-81.8169,Seagate,16333,Low
2018-08-06,26.13163,-81.8063,Naples Pier,667,Background
2018-08-06,25.91165,-81.72805,South Marco Beach,39667,Low
2018-08-06,26.934,-82.0575,Gilchrist Park Pier (Peace River),0,Background
2018-08-06,26.7614,-82.0611,Burnt Store Marina (Charlotte Harbor),0,Background
2018-05-24,27.64966,-82.921468,Bunces Pass; 11 mi W of,0,Background
2018-05-24,27.64966,-82.921468,Bunces Pass; 11 mi W of,0,Background
2018-05-24,27.64966,-82.84019,Bunces Pass; 5.8 mi W of,0,Background
2018-05-24,27.64966,-82.84019,Bunces Pass; 5.8 mi W of,0,Background
2018-05-24,26.30481,-81.8362,Barefoot Beach State Preserve,0,Background
2018-05-24,26.25375,-81.82377,Vanderbilt Beach,0,Background
2018-05-24,26.2073,-81.8169,Seagate,0,Background
2018-05-24,26.13163,-81.8063,Naples Pier,0,Background
2018-05-24,25.91165,-81.72805,South Marco Beach,0,Background
2018-05-23,26.92467,-82.36189,Englewood Beach,0,Background
2018-05-23,26.80562,-82.27415,Boca Grande Pier (Gasparilla Sound),1000,Very low
2018-06-21,26.911667,-82.158833,Hog Island; S of (Charlotte Harbor),0,Background
2018-06-21,26.30481,-81.8362,Barefoot Beach State Preserve,0,Background
2018-06-21,26.25375,-81.82377,Vanderbilt Beach,0,Background
2018-06-21,26.2073,-81.8169,Seagate,0,Background
2018-06-21,26.13163,-81.8063,Naples Pier,0,Background
2018-06-21,25.91165,-81.72805,South Marco Beach,3667,Very low
2018-06-20,26.92467,-82.36189,Englewood Beach,548053,Medium
2018-06-20,26.80562,-82.27415,Boca Grande Pier (Gasparilla Sound),2313360,High (closure)
2018-06-21,26.91191,-82.08591,La Mancha Court; canal S of,0,Background
2018-06-21,26.93051,-82.05977,Shreve Park (Charlotte Harbor),0,Background
2018-06-22,27.3316,-82.5779,Bay Dock (Sarasota Bay),3000,Very low
2018-06-22,27.33375,-82.57938,New Pass Dock (Sarasota Bay),67000,Low
2018-06-25,27.3316,-82.5779,Bay Dock (Sarasota Bay),7000,Very low
2018-06-25,27.33375,-82.57938,New Pass Dock (Sarasota Bay),7000,Very low
2018-06-25,27.37317,-82.63202,Longboat Key Beach,0,Background
2018-06-25,27.32682,-82.56244,Ringling Causeway,0,Background
2018-06-25,27.31561,-82.58171,North Lido Beach,3000,Very low
2018-06-25,27.311,-82.57718,Lido Beach Casino,0,Background
2018-06-25,27.29818,-82.56739,South Lido Park,1000,Very low
2018-06-25,27.26518,-82.5531,Siesta Beach,30000,Low
2018-06-25,27.21843,-82.51711,Turtle Beach,23000,Low
2018-06-25,27.12332,-82.47122,Nokomis Beach,245000,Medium
2018-06-25,27.11382,-82.46883,North Jetty,3227000,High (closure)
2018-06-25,27.10034,-82.46089,Venice Beach,1788000,High (closure)
2018-09-18,27.0725,-82.4528,Venice Pier,0,Background
2018-09-17,27.03259,-82.426744,Manasota Key Road; W of,0,Background
2018-09-18,27.0998,-82.4609,Venice Beach,667,Background
2018-09-17,27.037944,-82.4305,Venice Beach; W of,0,Background
2018-09-18,27.0117,-82.4138,Manasota Beach,22667,Low
2018-09-18,27.4003,-82.6515,Atlas Street; W of,7416085,High (closure)
2018-09-18,27.3225,-82.5803,St. Armands Key; N of (Pansy Bayou),1488270,High (closure)
2018-09-18,27.3324,-82.5462,Marina Jack (Sarasota Bay),239333,Medium
2018-09-18,27.094286,-82.45917,Venice Beach,0,Background
2018-09-19,26.911667,-82.158833,Hog Island; S of (Charlotte Harbor),0,Background
2018-09-19,26.5857,-82.0645,McCardle Island; SW of (Matlacha Pass),0,Background
2018-09-19,26.7003,-82.1208,Jug Creek Point; E of (Matlacha Pass),333,Background
2018-09-19,25.903833,-82.241,Marco Island; 32 mi W of,0,Background
2018-09-19,25.903833,-82.241,Marco Island; 32 mi W of,12667,Low
2018-09-19,25.903833,-82.241,Marco Island; 32 mi W of,0,Background
2018-09-19,26.069467,-81.883417,Sue's Beach; 5.7 mi W of,36333,Low
2018-09-19,26.031033,-81.965767,Keewayden Island; 12 mi W of,0,Background
2018-09-19,25.99325,-82.04905,Keewayden Island; 18 mi W of,2333,Very low
2018-09-19,25.958933,-82.127633,Marco Island; 23 mi W of,7174020,High (closure)
2018-09-19,25.953817,-82.130817,Marco Island; 24 mi W of,80667,Low
2018-09-19,25.915083,-82.21345,Marco Island; 30 mi W of,0,Background
2018-09-19,26.92467,-82.36189,Englewood Beach,0,Background
2018-09-19,26.80562,-82.27415,Boca Grande Pier (Gasparilla Sound),200640,Medium
2018-09-19,27.0725,-82.451,Venice Fishing Pier; SE of,0,Background
2018-07-12,26.55727,-82.49052,Redfish Pass; 18 mi W of,95333,Low
2018-07-12,26.6067,-82.27245,Captiva Pass; 3.1 mi W of,368206,Medium
2018-07-12,26.64721,-82.35668,Cayo Costa; 7.1 mi W of,2984200,High (closure)
2018-07-12,26.812523,-82.281797,Gasparillia Pass,3568317,High (closure)
2018-07-11,27.3316,-82.5779,Bay Dock (Sarasota Bay),0,Background
2018-07-11,27.33375,-82.57938,New Pass Dock (Sarasota Bay),2000,Very low
2018-07-12,27.3316,-82.5779,Bay Dock (Sarasota Bay),0,Background
2018-07-12,27.33375,-82.57938,New Pass Dock (Sarasota Bay),0,Background
2018-07-12,26.30481,-81.8362,Barefoot Beach State Preserve,0,Background
2018-07-12,26.25375,-81.82377,Vanderbilt Beach,0,Background
2018-07-12,26.2073,-81.8169,Seagate,0,Background
2018-07-12,26.13163,-81.8063,Naples Pier,0,Background
2018-07-12,25.91165,-81.72805,South Marco Beach,19667,Low
2018-07-11,26.92467,-82.36189,Englewood Beach,4333,Very low
2018-07-11,26.80562,-82.27415,Boca Grande Pier (Gasparilla Sound),320796,Medium
2018-07-12,25.839906,-81.668542,Cape Romano; SE of (Gullivan Bay),61667,Low
2018-07-12,25.922782,-81.641628,East Coconut Avenue; E of (Coon Key Pass),2000,Very low
2018-07-11,27.12332,-82.47122,Nokomis Beach,0,Background
2018-07-11,27.10034,-82.46089,Venice Beach,0,Background
2018-07-13,27.3316,-82.5779,Bay Dock (Sarasota Bay),2000,Very low
2018-07-13,27.33375,-82.57938,New Pass Dock (Sarasota Bay),0,Background
2018-07-13,26.69435,-82.356383,Boca Grande Pass; 6.2 mi W of,742011,Medium
2018-07-13,26.668083,-82.457483,Cayo Costa; 13 mi W of,33667,Low
2018-07-13,26.66195,-82.577567,Cayo Costa; 20 mi W of,333,Background
2018-07-12,26.80498,-82.33651,Gasparilla Pass; 3.3 mi W of,93979,Low
2018-07-12,26.80498,-82.33651,Gasparilla Pass; 3.3 mi W of,21667,Low
2018-07-12,26.73638,-82.44789,Boca Grande Beach; 11.3 mi W of,15000,Low
2018-07-12,26.73638,-82.44789,Boca Grande Beach; 11.3 mi W of,1000,Very low
2018-07-12,26.6654,-82.57169,Cayo Costa; 19 mi W of,5333,Very low
2018-07-12,26.6654,-82.57169,Cayo Costa; 19 mi W of,6000,Very low
2018-07-12,26.6654,-82.57169,Cayo Costa; 19 mi W of,5667,Very low
2018-07-12,26.55727,-82.49052,Redfish Pass; 18 mi W of,64333,Low
2018-07-12,26.55727,-82.49052,Redfish Pass; 18 mi W of,2333,Very low
2018-07-12,26.4432,-82.39935,Sanibel Island; 14 mi W of,2667,Very low
2018-07-12,26.4432,-82.39935,Sanibel Island; 14 mi W of,168000,Medium
2018-07-12,26.4432,-82.39935,Sanibel Island; 14 mi W of,7000,Very low
2018-07-12,26.50436,-82.24264,North Captiva Island; 3.3 mi W of,667,Background
2018-07-12,26.50436,-82.24264,North Captiva Island; 3.3 mi W of,333,Background
2018-07-12,26.6067,-82.27245,Captiva Pass; 3.1 mi W of,47000,Low
2018-07-12,26.6067,-82.27245,Captiva Pass; 3.1 mi W of,11333,Low
2018-07-12,26.6289,-82.37872,Captiva Pass; 9.7 mi W of,1667,Very low
2018-07-12,26.6289,-82.37872,Captiva Pass; 9.7 mi W of,108667,Medium
2018-07-12,26.6289,-82.37872,Captiva Pass; 9.7 mi W of,4333,Very low
2018-07-12,26.70706,-82.31118,Boca Grande Pass; 3.3 mi W of,351953,Medium
2018-07-12,26.70706,-82.31118,Boca Grande Pass; 3.3 mi W of,27000,Low
2018-07-16,27.6133,-82.7391,Mullet Key; Gulf Pier,0,Background
2018-07-16,27.6055,-82.6508,Skyway Fishing Pier; South (Lower Tampa Bay),0,Background
2018-07-16,27.58512,-82.61482,Fletcher Point (Lower Tampa Bay),0,Background
2018-08-06,26.4577,-81.9532,Matanzas Pass (Estero Bay),1189020,High (closure)
2018-08-06,26.4294,-81.858,Estero River; mouth of (Estero Bay),72333,Low
2018-08-06,26.3936,-81.8655,Carl Johnson Park Boat Ramp (Estero Bay),2852850,High (closure)
2018-08-06,26.3584,-81.8375,Pelican Bay Nature Park Pier (Estero Bay),1087940,High (closure)
2018-08-06,26.4287,-81.8832,Coon Key; N of (Estero Bay),1392510,High (closure)
2018-08-06,26.4462,-81.9272,Mound House Dock (Estero Bay),1500240,High (closure)
2018-08-06,26.43861,-81.84,Estero River; upstream,0,Background
2018-08-06,27.37317,-82.63202,Longboat Key Beach,2566000,High (closure)
2018-08-05,26.6573,-81.8829,North Shore Park (Caloosahatchee River),0,Background
2018-08-06,27.32682,-82.56244,Ringling Causeway,5216000,High (closure)
2018-08-05,26.64413,-82.05578,Sirenia Vista Canoe & Kayak Launch,0,Background
2018-08-06,27.31561,-82.58171,North Lido Beach,6202000,High (closure)
2018-08-06,27.311,-82.57718,Lido Beach Casino,904000,Medium
2018-08-06,27.29818,-82.56739,South Lido Park,4782000,High (closure)
2018-08-06,27.26518,-82.5531,Siesta Beach,2844000,High (closure)
2018-08-06,27.21843,-82.51711,Turtle Beach,3230000,High (closure)
2018-08-06,27.12332,-82.47122,Nokomis Beach,6000,Very low
2018-08-06,27.11382,-82.46883,North Jetty,88000,Low
2018-08-06,27.10034,-82.46089,Venice Beach,74000,Low
2018-08-06,27.07827,-82.45286,Service Club Park,1720000,High (closure)
2018-08-06,27.0735,-82.4515,Venice Fishing Pier; N of,1864000,High (closure)
2018-08-06,27.06631,-82.448,Brohard Beach,2598000,High (closure)
2018-08-06,27.05703,-82.4436,Caspersen Beach,6720000,High (closure)
2018-08-07,27.3316,-82.5779,Bay Dock (Sarasota Bay),32640000,High (closure)
2018-08-06,27.01031,-82.41312,Manasota Beach,3768000,High (closure)
2018-08-06,26.96324,-82.38565,Blind Pass Beach,718000,Medium
2018-08-04,27.56908,-82.60026,61st Street West; W of (Miguel Bay),0,Background
2018-08-04,27.561413,-82.57965,45th Street Boulevard West; W of (Terra Ceia Bay),0,Background
2018-08-05,26.364133,-81.98135,Pelican Landing Beach Park; 7.1 mi W of,3281078,High (closure)
2018-08-05,26.43925,-81.96615,Old San Carlos Boulevard; 1.1 mi SW of,27698722,High (closure)
2018-08-06,26.922324,-82.324269,Illinois Ave; NE of (Lemon Bay),0,Background
2018-08-06,26.92467,-82.36189,Englewood Beach,5333,Very low
2018-08-06,26.956605,-82.363943,Indian Mound Park (Lemon Bay),20667,Low
2018-08-06,27.010235,-82.41037,Manasota Beach Boat Ramp (ICW),7667,Very low
2018-08-03,26.875,-82.525,Stump Pass; 11 mi SW of,8333,Very low
2018-08-05,26.873,-82.4115,Stump Pass; 5 mi SW of,835905,Medium
2018-08-06,26.904164,-82.347636,Stump Pass Beach State Park (Lemon Bay),12448800,High (closure)
2018-08-06,26.855896,-82.302888,Don Pedro Island State Park Kayak Launch (Placida Harbor),81667,Low
2018-08-04,26.874249,-82.314148,Bay Pointe Drive; N of (Placida Harbor),848540,Medium
2018-08-04,26.83272,-82.26963,Placida Park Boat Ramp (Placida Harbor),93667,Low
2018-08-06,26.826,-82.267,Pier Road; E of (Gasparilla Sound),0,Background
2018-08-07,27.51477,-82.68395,Mead Point (Lower Tampa Bay),3444,Very low
2018-08-07,27.529833,-82.704,School Key; NE of (Lower Tampa Bay),20333,Low
2018-08-07,27.59275,-82.629067,South Skyway Causeway; NE end of (Lower Tampa Bay),0,Background
2018-08-07,27.587433,-82.61895,South Skyway Rest Area; NW of (Lower Tampa Bay),0,Background
2018-08-07,27.632617,-82.5782,Little Redfish Creek; 1.1 mi NW of (Lower Tampa Bay),0,Background
2018-08-07,27.33375,-82.57938,New Pass Dock (Sarasota Bay),3760000,High (closure)
2018-08-07,27.595514,-82.5912,Joe Island; N of (Lower Tampa Bay),0,Background
2018-08-27,26.789,-82.238,Sandfly Key; E of (Gasparilla Sound),0,Background
2018-08-27,26.826,-82.267,Boca Grande Causeway; E of (Gasparilla Sound),0,Background
2018-08-24,26.928333,-82.598333,Manasota Key; 14 mi W of,24333,Low
2018-08-24,26.866,-82.441783,Don Pedro Island; 7.6 mi W of,33667,Low
2018-08-26,26.26,-82.01,Vanderbilt Beach; 12 mi W of,2516360,High (closure)
2018-08-27,26.547516,-81.962004,Coral Drive; canal N of (Redfish Cove),0,Background
2018-08-26,26.87415,-82.3144,Bay Pointe Drive; N of (Placida Harbor),131667,Medium
2018-08-28,27.3316,-82.5779,Bay Dock (Sarasota Bay),8000,Very low
2018-08-28,27.33375,-82.57938,New Pass Dock (Sarasota Bay),14000,Low
2018-08-26,26.92465,-82.36177,Englewood Beach,3977283,High (closure)
2018-08-27,26.696111,-82.297222,Boca Grande Pass; 2.6 mi W of,145635,Medium
2018-08-29,27.6133,-82.7391,Mullet Key; Gulf Pier,231667,Medium
2018-08-28,26.816167,-82.2805,Gasparilla Pass,6667,Very low
2018-08-28,26.7117,-82.2583,Boca Grande Pass,2667,Very low
2018-08-28,26.74065,-82.2145,Cayo Pelau; 2 mi S of (Charlotte Harbor),0,Background
2018-08-28,26.786021,-82.223062,Cayo Pelau; N of (Gasparilla Sound),0,Background
2018-08-28,26.782417,-82.209383,Bull Key; NW of (Bull Bay),0,Background
2018-08-28,26.798,-82.231,Sandfly Key; NE of (Gasparilla Sound),0,Background
2018-08-28,26.8164,-82.2526,Catfish Creek; mouth of (Gasparilla Sound),2667,Very low
2018-08-28,26.5857,-82.0645,McCardle Island; SW of (Matlacha Pass),0,Background
2018-08-28,26.500278,-82.0475,Merwin Key; W of (San Carlos Bay),4778,Very low
2018-08-28,26.7003,-82.1208,Jug Creek Point; E of (Matlacha Pass),0,Background
2018-08-28,26.521167,-82.037833,Caloosahatchee; mouth of,0,Background
2018-08-28,26.911667,-82.158833,Hog Island; S of (Charlotte Harbor),0,Background
2018-08-28,27.4362,-82.69012,North Shore Road Pier,2667,Very low
2018-08-28,27.4003,-82.6515,Atlas Street; W of,0,Background
2018-08-28,27.3225,-82.5803,St. Armands Key; N of (Pansy Bayou),2000,Very low
2018-08-28,27.3324,-82.5462,Marina Jack (Sarasota Bay),667,Background
2018-07-16,27.33375,-82.57938,New Pass Dock (Sarasota Bay),0,Background
2018-07-30,27.33375,-82.57938,New Pass Dock (Sarasota Bay),6667,Very low
2018-08-06,27.33375,-82.57938,New Pass Dock (Sarasota Bay),8972385,High (closure)
2018-08-13,27.33375,-82.57938,New Pass Dock (Sarasota Bay),0,Background
2018-08-21,27.33375,-82.57938,New Pass Dock (Sarasota Bay),0,Background
2018-08-28,27.33375,-82.57938,New Pass Dock (Sarasota Bay),110667,Medium
2018-05-25,27.3316,-82.5779,Bay Dock (Sarasota Bay),0,Background
2018-05-25,27.33375,-82.57938,New Pass Dock (Sarasota Bay),0,Background
2018-05-29,27.3316,-82.5779,Bay Dock (Sarasota Bay),0,Background
2018-05-29,27.33375,-82.57938,New Pass Dock (Sarasota Bay),2500,Very low
2018-05-29,27.6133,-82.7391,Mullet Key; Gulf Pier,0,Background
2018-05-29,27.6055,-82.6508,Skyway Fishing Pier; South (Lower Tampa Bay),0,Background
2018-05-29,27.58512,-82.61482,Fletcher Point (Lower Tampa Bay),0,Background
2018-05-29,27.4959,-82.6522,Palma Sola Bay Bridge,0,Background
2018-05-29,27.44602,-82.68798,Longboat Pass Boat Ramp (Sarasota Bay),1000,Very low
2018-05-29,27.5385,-82.7402,Anna Maria Island Rod & Reel Pier (Lower Tampa Bay),1000,Very low
2018-05-29,26.538,-82.1257,Regla Island; W of (Pine Island Sound),333,Background
2018-05-29,26.5767,-82.1347,Cork Island; W of (Pine Island Sound),0,Background
2018-05-29,26.5902,-82.1561,Hemp Key; S of (Pine Island Sound),2333,Very low
2018-05-29,26.560417,-82.170817,Redfish Pass; 1.8 mi E of (Pine Island Sound),1000,Very low
2018-05-29,26.532117,-82.15667,Buck Key; 1.9 mi NE of (Pine Island Sound),0,Background
2018-05-29,26.59925,-82.18463,Captiva Rocks; SW of (Pine Island Sound),3333,Very low
2018-05-29,26.7117,-82.2583,Boca Grande Pass,1667,Very low
2018-05-29,26.74065,-82.2145,Cayo Pelau; 2 mi S of (Charlotte Harbor),667,Background
2018-06-25,27.07827,-82.45286,Service Club Park,20000,Low
2018-06-25,27.0735,-82.4515,Venice Fishing Pier; N of,1000,Very low
2018-06-25,27.06631,-82.448,Brohard Beach,4000,Very low
2018-06-25,27.05703,-82.4436,Caspersen Beach,182000,Medium
2018-06-25,27.01031,-82.41312,Manasota Beach,343000,Medium
2018-06-25,26.96324,-82.38565,Blind Pass Beach,685000,Medium
2018-06-25,27.6133,-82.7391,Mullet Key; Gulf Pier,0,Background
2018-06-25,27.6055,-82.6508,Skyway Fishing Pier; South (Lower Tampa Bay),0,Background
2018-06-25,27.58512,-82.61482,Fletcher Point (Lower Tampa Bay),0,Background
2018-06-25,27.4959,-82.6522,Palma Sola Bay Bridge,0,Background
2018-06-25,27.44602,-82.68798,Longboat Pass Boat Ramp (Sarasota Bay),0,Background
2018-06-25,27.5385,-82.7402,Anna Maria Island Rod & Reel Pier (Lower Tampa Bay),0,Background
2018-06-25,26.75955,-82.266,Gasparilla Island; W of,333,Background
2018-06-25,26.8117,-82.288017,Gasparilla Island; NW of (Gasparilla Pass),1000517,High (closure)
2018-06-25,26.813567,-82.288333,Little Gasparilla Island; SW of (Gasparilla Pass),18392869,High (closure)
2018-06-25,26.7117,-82.2583,Boca Grande Pass,25000,Low
2018-06-25,26.6798,-82.2196,Mondongo Island; W of (Pine Island Sound),1258839,High (closure)
2018-06-25,26.6092,-82.221,Captiva Pass,240000,Medium
2018-06-25,26.59925,-82.18463,Captiva Rocks; SW of (Pine Island Sound),667,Background
2018-06-25,26.5535,-82.1963,Redfish Pass (Pine Island Sound),322230,Medium
2018-06-25,26.560417,-82.170817,Redfish Pass; 1.8 mi E of (Pine Island Sound),396950,Medium
2018-06-25,26.532117,-82.15667,Buck Key; 1.9 mi NE of (Pine Island Sound),1333,Very low
2018-10-24,26.43494,-81.91138,Estero Island (Estero Bay),0,Background
2018-10-24,26.38591,-81.84631,Long Key (Estero Bay),0,Background
2018-10-24,26.35497,-81.84452,Bonita Beach (Estero Bay),4667,Very low
2018-10-24,27.0672,-82.4486,Paw Park Beach; S of,0,Background
2018-10-24,27.1005,-82.4612,Venice Beach,0,Background
2018-10-25,26.30481,-81.8362,Barefoot Beach State Preserve,0,Background
2018-10-25,26.25375,-81.82377,Vanderbilt Beach,0,Background
2018-10-25,26.2073,-81.8169,Seagate,0,Background
2018-10-25,26.13163,-81.8063,Naples Pier,0,Background
2018-10-25,25.91165,-81.72805,South Marco Beach,0,Background
2018-10-25,26.92467,-82.36189,Englewood Beach,2333,Very low
2018-10-25,26.80562,-82.27415,Boca Grande Pier (Gasparilla Sound),994840,Medium
2018-10-03,27.3316,-82.5779,Bay Dock (Sarasota Bay),26000,Low
2018-10-03,27.33375,-82.57938,New Pass Dock (Sarasota Bay),64000,Low
2018-10-04,27.3316,-82.5779,Bay Dock (Sarasota Bay),6000,Very low
2018-10-04,27.33375,-82.57938,New Pass Dock (Sarasota Bay),28000,Low
2018-10-03,26.92467,-82.36189,Englewood Beach,0,Background
2018-10-03,26.80562,-82.27415,Boca Grande Pier (Gasparilla Sound),36000,Low
2018-10-03,27.0725,-82.4528,Venice Pier,0,Background
2018-10-03,27.0998,-82.4609,Venice Beach,0,Background
2018-10-02,26.859,-82.473183,Don Pedro Island; 9.8 mi W of,215333,Medium
2018-10-02,26.865,-82.445833,Don Pedro Island; 7.8 mi W of,1151933,High (closure)
2018-10-03,26.43494,-81.91138,Estero Island (Estero Bay),0,Background
2018-10-03,26.38591,-81.84631,Long Key (Estero Bay),0,Background
2018-10-03,26.35497,-81.84452,Bonita Beach (Estero Bay),0,Background
2018-10-04,26.30481,-81.8362,Barefoot Beach State Preserve,0,Background
2018-10-04,26.25375,-81.82377,Vanderbilt Beach,0,Background
2018-10-04,26.2073,-81.8169,Seagate,0,Background
2018-10-04,26.13163,-81.8063,Naples Pier,0,Background
2018-10-04,25.91165,-81.72805,South Marco Beach,0,Background
2018-07-16,27.4959,-82.6522,Palma Sola Bay Bridge,0,Background
2018-07-16,27.44602,-82.68798,Longboat Pass Boat Ramp (Sarasota Bay),0,Background
2018-07-16,27.5385,-82.7402,Anna Maria Island Rod & Reel Pier (Lower Tampa Bay),0,Background
2018-07-16,27.37317,-82.63202,Longboat Key Beach,0,Background
2018-07-16,27.32682,-82.56244,Ringling Causeway,0,Background
2018-07-16,27.31561,-82.58171,North Lido Beach,0,Background
2018-07-16,27.311,-82.57718,Lido Beach Casino,0,Background
2018-07-16,27.29818,-82.56739,South Lido Park,0,Background
2018-07-16,27.26518,-82.5531,Siesta Beach,77000,Low
2018-07-16,27.21843,-82.51711,Turtle Beach,19000,Low
2018-07-16,27.12332,-82.47122,Nokomis Beach,1000,Very low
2018-07-16,27.11382,-82.46883,North Jetty,1000,Very low
2018-07-16,27.10034,-82.46089,Venice Beach,5000,Very low
2018-07-16,27.07827,-82.45286,Service Club Park,0,Background
2018-07-16,27.0735,-82.4515,Venice Fishing Pier; N of,0,Background
2018-07-16,27.06631,-82.448,Brohard Beach,0,Background
2018-07-16,27.05703,-82.4436,Caspersen Beach,8240000,High (closure)
2018-07-16,27.01031,-82.41312,Manasota Beach,301000,Medium
2018-07-16,26.96324,-82.38565,Blind Pass Beach,418000,Medium
2018-07-16,26.538,-82.1257,Regla Island; W of (Pine Island Sound),0,Background
2018-07-16,26.53618,-82.14646,Regla Island; 1.4 mi W of (Pine Island Sound),0,Background
2018-07-16,26.5767,-82.1347,Cork Island; W of (Pine Island Sound),0,Background
2018-07-16,26.5902,-82.1561,Hemp Key; S of (Pine Island Sound),333,Background
2018-07-16,26.560417,-82.170817,Redfish Pass; 1.8 mi E of (Pine Island Sound),2444,Very low
2018-07-16,26.532117,-82.15667,Buck Key; 1.9 mi NE of (Pine Island Sound),0,Background
2018-07-16,26.59925,-82.18463,Captiva Rocks; SW of (Pine Island Sound),333,Background
2018-07-16,26.5857,-82.0645,McCardle Island; SW of (Matlacha Pass),0,Background
2018-07-16,26.500278,-82.0475,Merwin Key; W of (San Carlos Bay),0,Background
2018-07-16,26.7003,-82.1208,Jug Creek Point; E of (Matlacha Pass),0,Background
2018-07-16,26.5226,-82.042433,Sword Point; SW of (Matlacha Pass),0,Background
2018-07-16,26.515683,-82.02345,Black Skimmer Island; N of (Caloosahatchee River),0,Background
2018-07-16,26.30481,-81.8362,Barefoot Beach State Preserve,0,Background
2018-07-16,26.25375,-81.82377,Vanderbilt Beach,1000,Very low
2018-07-16,26.2073,-81.8169,Seagate,0,Background
2018-07-16,26.13163,-81.8063,Naples Pier,0,Background
2018-07-16,25.91165,-81.72805,South Marco Beach,1000,Very low
2018-07-11,26.473967,-81.97545,John Morris Road; W of (San Carlos Bay),0,Background
2018-07-15,26.087967,-81.80735,Gordon Pass; SW of,333,Background
2018-07-15,26.162167,-82.645533,Bowman's Beach; 37 mi SW of,1333,Very low
2018-07-16,27.3316,-82.5779,Bay Dock (Sarasota Bay),0,Background
2018-07-16,27.33375,-82.57938,New Pass Dock (Sarasota Bay),0,Background
2018-07-17,26.816167,-82.2805,Gasparilla Pass,1393217,High (closure)
2018-07-17,26.7117,-82.2583,Boca Grande Pass,32333,Low
2018-07-17,26.74065,-82.2145,Cayo Pelau; 2 mi S of (Charlotte Harbor),0,Background
2018-07-17,26.786021,-82.223062,Cayo Pelau; N of (Gasparilla Sound),0,Background
2018-07-17,26.782417,-82.209383,Bull Key; NW of (Bull Bay),0,Background
2018-07-17,26.798,-82.231,Sandfly Key; NE of (Gasparilla Sound),21000,Low
2018-07-17,26.8164,-82.2526,Catfish Creek; mouth of (Gasparilla Sound),924120,Medium
2018-07-17,26.8385,-82.2795,Garfield Court; SW of (Placida Harbor),168000,Medium
2018-07-17,26.9307,-82.3498,Tom Adams Bridge; S of (Lemon Bay),1066317,High (closure)
2018-07-17,26.898667,-82.339333,Stump Pass (Lemon Bay),1940644,High (closure)
2018-07-17,26.96324,-82.3747,Blind Pass Beach; E of (Lemon Bay),6667,Very low
2018-07-17,25.9334,-81.6496,Goodland Bridge,0,Background
2018-07-17,25.9124,-81.7171,Caxambas Park,0,Background
2018-07-17,25.9733,-81.7275,Lee Avenue; docks NE of (Big Marco Pass),14000,Low
2018-07-17,25.9804,-81.7029,951 Boat Ramp (Big Marco Pass),6333,Very low
2018-07-17,26.5272,-81.9561,Harbour Isle Drive; N of (Caloosahatchee River),0,Background
2018-07-17,26.5134,-81.9792,Dorset Lane; N of (Iona Cove),0,Background
2018-07-17,26.5138,-82.0327,Bird Island; N of (Caloosahatchee River),0,Background
2018-07-17,26.4963,-82.0056,Harbour Point Drive; NE of (Punta Rassa Cove),0,Background
2018-09-20,26.5264,-82.1945,Alison Hagerup Beach Park,197667,Medium
2018-09-20,26.4217,-82.0801,Tarpon Bay Road Beach,8152032,High (closure)
2018-09-20,26.45157,-82.01543,Lighthouse Beach,14237750,High (closure)
2018-09-20,26.45398,-81.95776,Lynn Hall Park,1029420,High (closure)
2018-09-20,26.3901,-81.8795,Lovers Key State Park,73333,Low
2018-09-20,26.33105,-81.84574,Bonita Beach Park,16333,Low
2018-09-20,26.30481,-81.8362,Barefoot Beach State Preserve,78667,Low
2018-09-20,26.25375,-81.82377,Vanderbilt Beach,38000,Low
2018-09-20,26.2073,-81.8169,Seagate,35667,Low
2018-09-20,26.13163,-81.8063,Naples Pier,0,Background
2018-09-20,25.91165,-81.72805,South Marco Beach,0,Background
2018-09-20,26.36769,-82.28532,Bowmans Beach; 10 mi SW of,321300,Medium
2018-09-20,26.3843,-82.22768,Bowmans Beach; 6.8 mi SW of,5000,Very low
2018-09-20,26.39765,-82.174,Bowmans Beach; 4.1 mi SW of,86000,Low
2018-09-20,26.41497,-82.09502,Tarpon Bay Road Beach; 1 mi SW of,1651860,High (closure)
2018-09-19,26.387133,-82.454483,Silver Key; 18.6 mi W of,125000,Medium
2018-09-19,26.384533,-82.378533,Silver Key; 14 mi SW of,1333,Very low
2018-09-21,27.518933,-82.414383,Aquatel Resort; N of (Manatee River),0,Background
2018-09-18,26.4828,-82.1828,Blind Pass,366278,Medium
2018-09-24,27.6133,-82.7391,Mullet Key; Gulf Pier,7333,Very low
2018-09-24,27.6055,-82.6508,Skyway Fishing Pier; South (Lower Tampa Bay),19333,Low
2018-09-24,27.58512,-82.61482,Fletcher Point (Lower Tampa Bay),0,Background
2018-09-24,27.4959,-82.6522,Palma Sola Bay Bridge,0,Background
2018-09-24,27.44602,-82.68798,Longboat Pass Boat Ramp (Sarasota Bay),748757,Medium
2018-09-24,27.5385,-82.7402,Anna Maria Island Rod & Reel Pier (Lower Tampa Bay),1014428,High (closure)
2018-09-24,27.462064,-82.699179,Cortez Beach,177840,Medium
2018-09-18,27.69648,-82.65939,Pinellas Point Park; S of (Tampa Bay),15667,Low
2018-09-24,27.37317,-82.63202,Longboat Key Beach,176000,Medium
2018-09-24,27.32682,-82.56244,Ringling Causeway,4000,Very low
2018-09-24,27.31561,-82.58171,North Lido Beach,106000,Medium
2018-09-24,27.311,-82.57718,Lido Beach Casino,32000,Low
2018-09-24,27.29818,-82.56739,South Lido Park,24000,Low
2018-09-24,27.26518,-82.5531,Siesta Beach,524000,Medium
2018-08-08,27.3316,-82.5779,Bay Dock (Sarasota Bay),37760000,High (closure)
2018-08-08,27.33375,-82.57938,New Pass Dock (Sarasota Bay),12640000,High (closure)
2018-08-07,26.943752,-82.352467,West Bay Heights Road; SW of (Lemon Bay),18667,Low
2018-08-07,26.899462,-82.34013,Rum Cove Drive; NW of (Stump Pass),178333,Medium
2018-08-05,26.3314,-81.8464,Kings Kew; SW of,848540,Medium
2018-08-07,26.903303,-82.325798,Waterside Drive; SE of (Lemon Bay),569772,Medium
2018-08-08,26.911667,-82.158833,Hog Island; S of (Charlotte Harbor),0,Background
2018-08-08,26.5264,-82.1945,Alison Hagerup Beach Park,8610420,High (closure)
2018-08-08,26.4217,-82.0801,Tarpon Bay Road Beach,1564080,High (closure)
2018-08-08,26.45157,-82.01543,Lighthouse Beach,2947289,High (closure)
2018-08-08,26.45398,-81.95776,Lynn Hall Park,114804,Medium
2018-08-08,26.3901,-81.8795,Lovers Key State Park,2609460,High (closure)
2018-08-08,26.33105,-81.84574,Bonita Beach Park,1119860,High (closure)
2018-08-07,26.2067,-81.81,Pirates Bight; S of (Venetian Bay),0,Background
2018-08-07,26.2067,-81.81,Pirates Bight; S of (Venetian Bay),0,Background
2018-08-08,26.92467,-82.36189,Englewood Beach,8784809,High (closure)
2018-08-08,26.80562,-82.27415,Boca Grande Pier (Gasparilla Sound),211815,Medium
2018-08-07,26.826054,-82.28242,Rum Runner Road; NE of (Placida Harbor),1516200,High (closure)
2018-08-07,26.821009,-82.28436,Alborado Road; E of (Placida Harbor),359000,Medium
2018-08-08,27.0992,-82.4607,Granada Avenue; W of,1333,Very low
2018-08-08,27.0782,-82.4529,Service Club Park; W of,0,Background
2018-08-08,26.835018,-82.261603,Gasparilla Marina (Gasparilla Sound),45333,Low
2018-08-08,26.905904,-82.32815,Stump Pass Marina (Lemon Bay),1071980,High (closure)
2018-08-08,27.100005,-82.460885,West Venice Avenue; W of,0,Background
2018-08-08,27.12369,-82.47143,Nokomis Public Beach,17667,Low
2018-08-08,26.77892,-82.3489,Gasparilla Island; 5 mi W of,4298617,High (closure)
2018-08-08,26.831,-82.2697,Eldreds Marina (Placida Harbor),15333,Low
2018-08-08,26.77892,-82.3489,Gasparilla Island; 5 mi W of,65667,Low
2018-08-08,26.74196,-82.4197,Gasparilla Island; 9.6 mi W of,2536956,High (closure)
2018-08-08,26.74196,-82.4197,Gasparilla Island; 9.6 mi W of,129982,Medium
2018-08-08,26.74196,-82.4197,Gasparilla Island; 9.6 mi W of,20667,Low
2018-08-08,26.66855,-82.5601,Cayo Costa; 19 mi W of,667,Background
2018-08-08,26.66855,-82.5601,Cayo Costa; 19 mi W of,0,Background
2018-08-08,26.66855,-82.5601,Cayo Costa; 19 mi W of,6333,Very low
2018-08-08,26.59384,-82.6983,North Captiva Island; 29 mi W of,0,Background
2018-08-08,26.59384,-82.6983,North Captiva Island; 29 mi W of,0,Background
2018-08-08,26.59384,-82.6983,North Captiva Island; 29 mi W of,667,Background
2018-08-08,26.55528,-82.2814,Redfish Pass; 5 mi W of,3048110,High (closure)
2018-08-08,26.55528,-82.2814,Redfish Pass; 5 mi W of,87333,Low
2018-08-08,26.555,-82.1967,Redfish Pass (Pine Island Sound),1085280,High (closure)
2018-08-08,26.5891,-82.1923,Foster Bay; NE of (Pine Island Sound),303667,Medium
2018-08-08,26.6191,-82.2096,Captiva Pass; NE of (Pine Island Sound),2358565,High (closure)
2018-08-08,26.6656,-82.2198,Whoopee Island; NW of (Pine Island Sound),1307719,High (closure)
2018-08-08,26.7125,-82.253,Boca Grande Pass (Charlotte Harbor),258667,Medium
2018-08-08,26.7899,-82.2434,Sandfly Key; W of (Gasparilla Sound),333,Background
2018-08-09,26.30481,-81.8362,Barefoot Beach State Preserve,2739733,High (closure)
2018-08-09,26.25375,-81.82377,Vanderbilt Beach,10333,Low
2018-08-09,26.2073,-81.8169,Seagate,75667,Low
2018-08-09,26.13163,-81.8063,Naples Pier,122173,Medium
2018-08-09,25.91165,-81.72805,South Marco Beach,9667,Very low
2018-08-29,25.844,-81.678,Cape Romano; S of (Gullivan Bay),0,Background
2018-08-29,25.8815,-81.632167,Coon Key; S of (Gullivan Bay),0,Background
2018-08-29,25.891667,-81.608833,Shell Key; S of (Gullivan Bay),0,Background
2018-08-29,26.5264,-82.1945,Alison Hagerup Beach Park,2000317,High (closure)
2018-08-29,26.4217,-82.0801,Tarpon Bay Road Beach,10709160,High (closure)
2018-08-29,26.45157,-82.01543,Lighthouse Beach,19044480,High (closure)
2018-08-29,26.45398,-81.95776,Lynn Hall Park,120667,Medium
2018-08-29,26.3901,-81.8795,Lovers Key State Park,17667,Low
2018-08-29,26.33105,-81.84574,Bonita Beach Park,41000,Low
2018-08-29,26.236944,-81.834444,Vanderbilt Beach: W of,3333,Very low
2018-08-29,26.253889,-81.933056,Vanderbilt Beach: 6.8 mi W of,1165080,High (closure)
2018-08-29,26.92467,-82.36189,Englewood Beach,1393217,High (closure)
2018-08-29,26.80562,-82.27415,Boca Grande Pier (Gasparilla Sound),61333,Low
2018-08-25,27.542355,-82.63266,Emerson Point Preserve; N of (Terra Ceia Bay),0,Background
2018-08-25,27.53276,-82.64939,17th Street West; W of (Manatee River),0,Background
2018-08-28,27.07254,-82.452882,Venice Pier,56000,Low
2018-08-28,27.099827,-82.460928,Venice Beach,81667,Low
2018-08-29,27.3316,-82.5779,Bay Dock (Sarasota Bay),301000,Medium
2018-08-29,27.33375,-82.57938,New Pass Dock (Sarasota Bay),112000,Medium
2018-08-30,27.3316,-82.5779,Bay Dock (Sarasota Bay),212000,Medium
2018-08-30,27.33375,-82.57938,New Pass Dock (Sarasota Bay),286000,Medium
2018-08-29,27.64966,-82.921468,Bunces Pass; 11 mi W of,59000,Low
2018-08-29,27.64966,-82.921468,Bunces Pass; 11 mi W of,394747,Medium
2018-08-29,27.64966,-82.84019,Bunces Pass; 5.8 mi W of,1422288,High (closure)
2018-08-29,27.64966,-82.84019,Bunces Pass; 5.8 mi W of,229000,Medium
2018-08-30,26.4269,-82.1345,Sanibel Rocks; S of,199667,Medium
2018-08-30,26.4269,-82.1345,Sanibel Rocks; S of,800660,Medium
2018-08-30,26.3968,-82.2407,Bowmans Beach; 6.9 mi SW of,61667,Low
2018-08-30,26.3968,-82.2407,Bowmans Beach; 6.9 mi SW of,2194900,High (closure)
2018-08-30,26.4866,-82.2282,Blind Pass; 2.8 mi W of,30000,Low
2018-08-30,26.4866,-82.2282,Blind Pass; 2.8 mi W of,2825350,High (closure)
2018-08-30,26.5117,-82.206,Captiva Island; W of,9667,Very low
2018-08-30,26.5117,-82.206,Captiva Island; W of,40000,Low
2018-08-30,26.77716,-82.35025,Gasparilla Pass; 4.7 mi SW of,1159760,High (closure)
2018-08-30,26.77716,-82.35025,Gasparilla Pass; 4.7 mi SW of,347000,Medium
2018-08-30,26.77716,-82.35025,Gasparilla Pass; 4.7 mi SW of,979000,Medium
2018-08-30,26.74121,-82.41985,Boca Grande; 9.6 mi W of,680960,Medium
2018-08-30,26.74121,-82.41985,Boca Grande; 9.6 mi W of,119000,Medium
2018-08-30,26.74121,-82.41985,Boca Grande; 9.6 mi W of,12000,Low
2018-08-30,26.67026,-82.55893,Cayo Costa; 19 mi W of,8667,Very low
2018-08-30,26.67026,-82.55893,Cayo Costa; 19 mi W of,2667,Very low
2018-08-30,26.67026,-82.55893,Cayo Costa; 19 mi W of,5333,Very low
2018-08-30,26.59518,-82.6962,Captiva Pass; 29 mi W of,0,Background
2018-08-30,26.59518,-82.6962,Captiva Pass; 29 mi W of,0,Background
2018-05-29,26.786021,-82.223062,Cayo Pelau; N of (Gasparilla Sound),333,Background
2018-05-29,26.782417,-82.209383,Bull Key; NW of (Bull Bay),1000,Very low
2018-05-29,26.798,-82.231,Sandfly Key; NE of (Gasparilla Sound),333,Background
2018-05-29,26.8164,-82.2526,Catfish Creek; mouth of (Gasparilla Sound),0,Background
2018-05-29,27.51477,-82.68395,Mead Point (Lower Tampa Bay),0,Background
2018-05-29,27.529833,-82.704,School Key; NE of (Lower Tampa Bay),0,Background
2018-05-29,27.59275,-82.629067,South Skyway Causeway; NE end of (Lower Tampa Bay),0,Background
2018-05-29,27.587433,-82.61895,South Skyway Rest Area; NW of (Lower Tampa Bay),0,Background
2018-05-29,27.632617,-82.5782,Little Redfish Creek; 1.1 mi NW of (Lower Tampa Bay),0,Background
2018-05-29,27.595514,-82.5912,Joe Island; N of (Lower Tampa Bay),0,Background
2018-05-29,26.30481,-81.8362,Barefoot Beach State Preserve,0,Background
2018-05-29,26.25375,-81.82377,Vanderbilt Beach,0,Background
2018-05-29,26.2073,-81.8169,Seagate,0,Background
2018-05-29,26.13163,-81.8063,Naples Pier,0,Background
2018-05-29,25.91165,-81.72805,South Marco Beach,0,Background
2018-05-29,26.5264,-82.1945,Alison Hagerup Beach Park,0,Background
2018-05-29,26.4217,-82.0801,Tarpon Bay Road Beach,0,Background
2018-05-29,26.45157,-82.01543,Lighthouse Beach,0,Background
2018-05-29,26.45398,-81.95776,Lynn Hall Park,0,Background
2018-05-29,26.3901,-81.8795,Lovers Key State Park,0,Background
2018-05-29,26.33105,-81.84574,Bonita Beach Park,0,Background
2018-05-28,26.6573,-81.8829,North Shore Park (Caloosahatchee River),0,Background
2018-05-28,26.64413,-82.05578,Sirenia Vista Canoe & Kayak Launch,0,Background
2018-05-29,27.37317,-82.63202,Longboat Key Beach,3500,Very low
2018-05-29,27.32682,-82.56244,Ringling Causeway,0,Background
2018-05-29,27.31561,-82.58171,North Lido Beach,2000,Very low
2018-05-29,27.311,-82.57718,Lido Beach Casino,1000,Very low
2018-05-29,27.29818,-82.56739,South Lido Park,1500,Very low
2018-05-29,27.26518,-82.5531,Siesta Beach,5000,Very low
2018-05-29,27.21843,-82.51711,Turtle Beach,6500,Very low
2018-05-29,27.12332,-82.47122,Nokomis Beach,4000,Very low
2018-05-29,27.11382,-82.46883,North Jetty,7500,Very low
2018-05-29,27.10034,-82.46089,Venice Beach,1000,Very low
2018-05-29,27.07827,-82.45286,Service Club Park,3500,Very low
2018-05-29,27.0735,-82.4515,Venice Fishing Pier; N of,500,Background
2018-05-29,27.06631,-82.448,Brohard Beach,1000,Very low
2018-05-29,27.05703,-82.4436,Caspersen Beach,1500,Very low
2018-05-29,27.01031,-82.41312,Manasota Beach,0,Background
2018-05-29,26.96324,-82.38565,Blind Pass Beach,500,Background
2018-05-22,26.096313,-81.798134,Cove Lane; E of (Gordon's Pass),333,Background
2018-05-20,26.338183,-81.765244,Lime Street; N of (Imperial River),0,Background
2018-05-24,26.493044,-82.081936,Emerald Avenue; canal W of (Pine Island Sound),9000,Very low
2018-05-23,26.64723,-82.042637,Burnt Store Boat Ramp; canal W of (Matlacha Pass),0,Background
2018-05-31,27.3316,-82.5779,Bay Dock (Sarasota Bay),6000,Very low
2018-05-31,27.33375,-82.57938,New Pass Dock (Sarasota Bay),16000,Low
2018-05-31,26.5857,-82.0645,McCardle Island; SW of (Matlacha Pass),0,Background
2018-10-24,26.600167,-82.217333,North Captiva Island (Safety Harbor),8667,Very low
2018-10-24,26.671667,-82.1795,East Part Island; 1.3 mi NE of (Pine Island Sound),2000,Very low
2018-10-24,26.87,-82.33,Don Pedro Island; W of,231333,Medium
2018-10-24,26.89,-82.34,Stump Pass; S of,66333,Low
2018-10-24,26.64225,-82.53775,Cayo Costa; 19 mi W of,2333,Very low
2018-10-24,26.715783,-82.462317,Boca Grande Pass; 13 mi W of,0,Background
2018-10-24,26.71895,-82.363433,Boca Grande Pass; 6.5 mi W of,210667,Medium
2018-10-24,27.3316,-82.5779,Bay Dock (Sarasota Bay),1540000,High (closure)
2018-10-24,27.33375,-82.57938,New Pass Dock (Sarasota Bay),152000,Medium
2018-10-26,27.3316,-82.5779,Bay Dock (Sarasota Bay),1386000,High (closure)
2018-10-26,27.33375,-82.57938,New Pass Dock (Sarasota Bay),1660000,High (closure)
2018-10-24,27.64966,-82.921468,Bunces Pass; 11 mi W of,1236240,High (closure)
2018-10-24,27.64966,-82.921468,Bunces Pass; 11 mi W of,289333,Medium
2018-10-24,27.64966,-82.84019,Bunces Pass; 5.8 mi W of,2205240,High (closure)
2018-10-24,27.64966,-82.84019,Bunces Pass; 5.8 mi W of,2221560,High (closure)
2018-10-26,26.8908,-82.3106,Bill Coy Preserve Kayak Launch (Buck Creek),8667,Very low
2018-10-26,27.3146,-82.5817,North Lido Beach,1420440,High (closure)
2018-10-26,27.3276,-82.5611,Bird Key Point (Sarasota Bay),443688,Medium
2018-10-26,26.092677,-81.798781,Gordon Pass,0,Background
2018-10-26,25.990678,-81.748601,Keewaydin Island,10333,Low
2018-10-26,27.0725,-82.4528,Venice Pier,5333,Very low
2018-10-26,27.0998,-82.4609,Venice Beach,19000,Low
2018-10-29,27.6524,-82.677517,North Skyway Park; W of (Lower Tampa Bay),4814451,High (closure)
2018-10-29,27.653233,-82.6757,North Skyway Park (Lower Tampa Bay),26135589,High (closure)
2018-10-29,27.6133,-82.7391,Mullet Key; Gulf Pier,2674440,High (closure)
2018-10-29,27.6055,-82.6508,Skyway Fishing Pier; South (Lower Tampa Bay),7333,Very low
2018-10-29,27.58512,-82.61482,Fletcher Point (Lower Tampa Bay),667,Background
2018-10-29,27.4959,-82.6522,Palma Sola Bay Bridge,0,Background
2018-10-29,27.44602,-82.68798,Longboat Pass Boat Ramp (Sarasota Bay),1750320,High (closure)
2018-10-29,27.5385,-82.7402,Anna Maria Island Rod & Reel Pier (Lower Tampa Bay),403920,Medium
2018-10-29,27.462069,-82.699158,Cortez Beach,2813640,High (closure)
2018-10-29,27.51477,-82.68395,Mead Point (Lower Tampa Bay),213180,Medium
2018-10-01,26.747776,-82.264855,Boca Grande Beach,0,Background
2018-10-05,26.890758,-82.310572,Bill Coy Preserve Kayak Launch (Buck Creek),0,Background
2018-10-08,27.6133,-82.7391,Mullet Key; Gulf Pier,9333,Very low
2018-10-08,27.6055,-82.6508,Skyway Fishing Pier; South (Lower Tampa Bay),333,Background
2018-10-08,27.58512,-82.61482,Fletcher Point (Lower Tampa Bay),0,Background
2018-10-08,27.4959,-82.6522,Palma Sola Bay Bridge,0,Background
2018-10-08,27.44602,-82.68798,Longboat Pass Boat Ramp (Sarasota Bay),46000,Low
2018-10-08,27.5385,-82.7402,Anna Maria Island Rod & Reel Pier (Lower Tampa Bay),2000,Very low
2018-10-08,27.459565,-82.69827,Cortez Beach,333,Background
2018-10-08,27.37317,-82.63202,Longboat Key Beach,0,Background
2018-10-08,27.32682,-82.56244,Ringling Causeway,0,Background
2018-10-08,27.31561,-82.58171,North Lido Beach,0,Background
2018-10-08,27.311,-82.57718,Lido Beach Casino,0,Background
2018-10-08,27.29818,-82.56739,South Lido Park,0,Background
2018-10-08,27.26518,-82.5531,Siesta Beach,0,Background
2018-10-08,27.21843,-82.51711,Turtle Beach,0,Background
2018-10-08,27.12332,-82.47122,Nokomis Beach,0,Background
2018-10-08,27.11382,-82.46883,North Jetty,0,Background
2018-10-08,27.10034,-82.46089,Venice Beach,0,Background
2018-10-08,27.07827,-82.45286,Service Club Park,0,Background
2018-10-08,27.0735,-82.4515,Venice Fishing Pier; N of,0,Background
2018-10-08,27.06631,-82.448,Brohard Beach,0,Background
2018-10-08,27.05703,-82.4436,Caspersen Beach,0,Background
2018-10-08,27.01031,-82.41312,Manasota Beach,0,Background
2018-10-08,26.96324,-82.38565,Blind Pass Beach,0,Background
2018-10-05,27.3316,-82.5779,Bay Dock (Sarasota Bay),1000,Very low
2018-10-05,27.33375,-82.57938,New Pass Dock (Sarasota Bay),20000,Low
2018-10-08,27.3316,-82.5779,Bay Dock (Sarasota Bay),0,Background
2018-07-11,26.704522,-82.164172,Lisa Avenue; SE of (Back Bay),0,Background
2018-07-13,26.930148,-82.335994,Ainger Creek Park Boat Ramp (Ainger Creek),3454740,High (closure)
2018-07-18,27.3316,-82.5779,Bay Dock (Sarasota Bay),0,Background
2018-07-18,27.33375,-82.57938,New Pass Dock (Sarasota Bay),0,Background
2018-07-18,26.911667,-82.158833,Hog Island; S of (Charlotte Harbor),0,Background
2018-07-18,26.5264,-82.1945,Alison Hagerup Beach Park,0,Background
2018-07-18,26.4217,-82.0801,Tarpon Bay Road Beach,0,Background
2018-07-18,26.45157,-82.01543,Lighthouse Beach,7000,Very low
2018-07-18,26.45398,-81.95776,Lynn Hall Park,1333,Very low
2018-07-18,26.3901,-81.8795,Lovers Key State Park,206333,Medium
2018-07-18,26.33105,-81.84574,Bonita Beach Park,0,Background
2018-07-18,27.0447,-82.4349,Caspersen Beach,2163767,High (closure)
2018-07-18,27.0672,-82.4486,Brohard Paw Park,3907233,High (closure)
2018-07-18,26.43494,-81.91138,Estero Island (Estero Bay),0,Background
2018-07-18,26.38591,-81.84631,Long Key (Estero Bay),0,Background
2018-07-18,26.35497,-81.84452,Bonita Beach (Estero Bay),333,Background
2018-07-15,27.23935,-82.89105,Big Sarasota Pass; 20 mi W of,0,Background
2018-07-18,27.324817,-82.566867,Coon Key; NE of (Sarasota Bay),0,Background
2018-07-18,26.6678,-82.0946,Ben Coleman Keys (Matlacha Pass),0,Background
2018-07-12,26.80306,-82.33792,Gasparilla Pass; 3.3 mi W of,75000,Low
2018-11-28,26.92467,-82.36189,Englewood Beach,332333,Medium
2018-11-28,26.80562,-82.27415,Boca Grande Pier (Gasparilla Sound),266000,Medium
2018-12-03,27.3316,-82.5779,Bay Dock (Sarasota Bay),202000,Medium
2018-12-03,27.33375,-82.57938,New Pass Dock (Sarasota Bay),242000,Medium
2018-12-03,27.37317,-82.63202,Longboat Key Beach,16000,Low
2018-12-03,27.32682,-82.56244,Ringling Causeway,16000,Low
2018-12-03,27.31561,-82.58171,North Lido Beach,152000,Medium
2018-12-03,27.311,-82.57718,Lido Beach Casino,104000,Medium
2018-12-03,27.29818,-82.56739,South Lido Park,70000,Low
2018-12-03,27.26518,-82.5531,Siesta Beach,40000,Low
2018-12-03,27.21843,-82.51711,Turtle Beach,30000,Low
2018-12-03,27.12332,-82.47122,Nokomis Beach,152000,Medium
2018-12-03,27.11382,-82.46883,North Jetty,104000,Medium
2018-12-03,27.10034,-82.46089,Venice Beach,20000,Low
2018-12-03,27.07827,-82.45286,Service Club Park,16000,Low
2018-12-03,27.0735,-82.4515,Venice Fishing Pier; N of,14000,Low
2018-12-03,27.06631,-82.448,Brohard Beach,0,Background
2018-12-03,27.05703,-82.4436,Caspersen Beach,12000,Low
2018-12-03,27.01031,-82.41312,Manasota Beach,10000,Low
2018-12-03,26.96324,-82.38565,Blind Pass Beach,32000,Low
2018-09-24,27.21843,-82.51711,Turtle Beach,0,Background
2018-09-24,27.12332,-82.47122,Nokomis Beach,4000,Very low
2018-09-24,27.11382,-82.46883,North Jetty,2000,Very low
2018-09-24,27.10034,-82.46089,Venice Beach,0,Background
2018-09-24,27.07827,-82.45286,Service Club Park,0,Background
2018-09-24,27.0735,-82.4515,Venice Fishing Pier; N of,0,Background
2018-09-24,27.06631,-82.448,Brohard Beach,2000,Very low
2018-09-24,27.05703,-82.4436,Caspersen Beach,0,Background
2018-09-24,27.01031,-82.41312,Manasota Beach,0,Background
2018-09-24,26.96324,-82.38565,Blind Pass Beach,0,Background
2018-09-24,27.51477,-82.68395,Mead Point (Lower Tampa Bay),3000,Very low
2018-09-24,27.529833,-82.704,School Key; NE of (Lower Tampa Bay),110667,Medium
2018-09-24,27.59275,-82.629067,South Skyway Causeway; NE end of (Lower Tampa Bay),1667,Very low
2018-09-24,27.587433,-82.61895,South Skyway Rest Area; NW of (Lower Tampa Bay),3333,Very low
2018-09-24,27.632617,-82.5782,Little Redfish Creek; 1.1 mi NW of (Lower Tampa Bay),1667,Very low
2018-09-24,27.595514,-82.5912,Joe Island; N of (Lower Tampa Bay),667,Background
2018-09-24,27.591656,-82.586951,Two Brothers Islands; SW of (Lower Tampa Bay),0,Background
2018-09-24,26.30481,-81.8362,Barefoot Beach State Preserve,0,Background
2018-09-24,26.25375,-81.82377,Vanderbilt Beach,0,Background
2018-09-24,26.2073,-81.8169,Seagate,0,Background
2018-09-24,26.13163,-81.8063,Naples Pier,0,Background
2018-09-24,25.91165,-81.72805,South Marco Beach,0,Background
2018-09-24,27.168467,-82.929183,Siesta Key Beach; 24 mi W of,1000,Very low
2018-09-24,27.168467,-82.929183,Siesta Key Beach; 24 mi W of,36333,Low
2018-09-23,26.399517,-81.975967,Big Carlos Pass; 5.2 mi W of,928340,Medium
2018-09-23,26.433983,-81.965617,Ft. Myers Beach; 1.4 mi SW of,3686760,High (closure)
2018-09-24,26.671944,-82.315833,Cayo Costa; 3.5 mi W of,30667,Low
2018-09-24,26.6975,-82.2975,Cayo Costa; 2.5 mi W of,13667,Low
2018-09-25,26.816167,-82.2805,Gasparilla Pass,127956,Medium
2018-09-25,26.74065,-82.2145,Cayo Pelau; 2 mi S of (Charlotte Harbor),0,Background
2018-09-25,26.786021,-82.223062,Cayo Pelau; N of (Gasparilla Sound),0,Background
2018-09-25,26.782417,-82.209383,Bull Key; NW of (Bull Bay),0,Background
2018-09-25,26.798,-82.231,Sandfly Key; NE of (Gasparilla Sound),333,Background
2018-09-25,26.8164,-82.2526,Catfish Creek; mouth of (Gasparilla Sound),3333,Very low
2018-09-25,26.7117,-82.2583,Boca Grande Pass,0,Background
2018-09-25,26.6798,-82.2196,Mondongo Island; W of (Pine Island Sound),333,Background
2018-09-25,26.6092,-82.221,Captiva Pass,3667,Very low
2018-09-25,26.59925,-82.18463,Captiva Rocks; SW of (Pine Island Sound),0,Background
2018-09-25,26.5535,-82.1963,Redfish Pass (Pine Island Sound),26667,Low
2018-09-25,26.560417,-82.170817,Redfish Pass; 1.8 mi E of (Pine Island Sound),19667,Low
2018-09-25,26.532117,-82.15667,Buck Key; 1.9 mi NE of (Pine Island Sound),667,Background
2018-09-25,26.488,-82.1815,Buck Key; S of (Blind Pass),0,Background
2018-09-25,26.4887,-82.1073,York Island; W of (Pine Island Sound),47333,Low
2018-08-09,26.43494,-81.91138,Estero Island (Estero Bay),185820,Medium
2018-08-09,26.38591,-81.84631,Long Key (Estero Bay),378252,Medium
2018-08-09,26.35497,-81.84452,Bonita Beach (Estero Bay),205884,Medium
2018-08-09,26.712417,-82.51865,Boca Grande Pass; 16 mi W of,0,Background
2018-08-09,26.70375,-82.600467,Boca Grande Pass; 21 mi W of,0,Background
2018-08-09,26.718567,-82.37475,Boca Grande Pass; 7.3 mi W of,4389000,High (closure)
2018-08-08,25.873,-81.833,Kice Island; 8.3 mi W of,430678,Medium
2018-08-08,25.9117,-81.8,Marco Island; 4.4 mi W of,187000,Medium
2018-08-08,25.9117,-81.8,Marco Island; 4.4 mi W of,171333,Medium
2018-08-08,25.95,-81.767,Marco Island; 1.1 mi W of,395808,Medium
2018-08-09,27.3316,-82.5779,Bay Dock (Sarasota Bay),8560000,High (closure)
2018-08-09,27.33375,-82.57938,New Pass Dock (Sarasota Bay),14560000,High (closure)
2018-08-10,27.3316,-82.5779,Bay Dock (Sarasota Bay),12880000,High (closure)
2018-08-10,27.33375,-82.57938,New Pass Dock (Sarasota Bay),7920000,High (closure)
2018-08-10,27.15463,-82.47065,Goya Drive; canal S of (Blackburn Bay),667,Background
2018-08-10,27.1812,-82.49552,Blackburn Point Park (Little Sarasota Bay),27333,Low
2018-08-30,26.59518,-82.6962,Captiva Pass; 29 mi W of,0,Background
2018-08-30,26.5524,-82.25832,Redfish Pass; 3.6 mi W of,391680,Medium
2018-08-30,26.55523,-82.19431,Redfish Pass; E of (Pine Island Sound),9733,Very low
2018-08-30,26.58869,-82.1917,Foster Bay; NE of (Pine Island Sound),16333,Low
2018-08-30,26.6179,-82.20469,Captiva Pass; 1.1 mi E of (Pine Island Sound),2667,Very low
2018-08-30,26.66562,-82.22031,Whoopee Island; NW of (Pine Island Sound),33333,Low
2018-08-30,26.71294,-82.24562,Boca Grande Pass (Charlotte Harbor),14000,Low
2018-08-30,26.77007,-82.24463,Devilfish Key; W of (Gasparilla Sound),1667,Very low
2018-08-30,26.30481,-81.8362,Barefoot Beach State Preserve,490350,Medium
2018-08-30,26.25375,-81.82377,Vanderbilt Beach,0,Background
2018-08-30,26.2073,-81.8169,Seagate,0,Background
2018-08-30,26.13163,-81.8063,Naples Pier,0,Background
2018-08-30,25.91165,-81.72805,South Marco Beach,0,Background
2018-08-30,27.0671,-82.4486,Brohard Paw Park Beach,0,Background
2018-08-30,27.0116,-82.4138,Manasota Beach,1667,Very low
2018-08-31,27.3316,-82.5779,Bay Dock (Sarasota Bay),546000,Medium
2018-08-31,27.33375,-82.57938,New Pass Dock (Sarasota Bay),26000,Low
2018-08-31,26.870556,-82.310556,Aquamarina Palm Harbour (Lemon Bay),0,Background
2018-08-31,26.929758,-82.337029,Ainger Creek Park; canal W of (Ainger Creek),0,Background
2018-08-31,26.960556,-82.363611,Cherokee Lane; S of (Lemon Bay),0,Background
2018-08-31,26.972778,-82.375278,Lemon Bay Park (Lemon Bay),0,Background
2018-08-31,27.15463,-82.47065,Goya Drive; canal S of (Blackburn Bay),0,Background
2018-08-31,27.1812,-82.49552,Blackburn Point Park Pier (Little Sarasota Bay),0,Background
2018-08-30,26.5,-82.1846,Osprey Way Drive; N of (Roosevelt Channel),7389480,High (closure)
2018-08-30,26.4964,-82.1883,Turner Beach,667,Background
2018-08-30,26.388992,-81.900344,Big Carlos Pass; SW of,29667,Low
2018-08-30,26.408111,-81.884959,Bay Beach Lane; S of (Estero Bay),326900,Medium
2018-09-03,27.3316,-82.5779,Bay Dock (Sarasota Bay),262000,Medium
2018-09-03,27.33375,-82.57938,New Pass Dock (Sarasota Bay),86000,Low
2018-09-04,27.3316,-82.5779,Bay Dock (Sarasota Bay),142000,Medium
2018-09-04,27.33375,-82.57938,New Pass Dock (Sarasota Bay),332000,Medium
2018-09-04,27.37317,-82.63202,Longboat Key Beach,18000,Low
2018-09-04,27.32682,-82.56244,Ringling Causeway,8000,Very low
2018-09-04,27.31561,-82.58171,North Lido Beach,46000,Low
2018-09-04,27.311,-82.57718,Lido Beach Casino,30000,Low
2018-09-04,27.29818,-82.56739,South Lido Park,390000,Medium
2018-09-04,27.26518,-82.5531,Siesta Beach,138000,Medium
2018-09-04,27.21843,-82.51711,Turtle Beach,260000,Medium
2018-09-04,27.12332,-82.47122,Nokomis Beach,4000,Very low
2018-09-04,27.11382,-82.46883,North Jetty,4000,Very low
2018-09-04,27.10034,-82.46089,Venice Beach,0,Background
2018-09-04,27.07827,-82.45286,Service Club Park,4000,Very low
2018-09-04,27.0735,-82.4515,Venice Fishing Pier; N of,8000,Very low
2018-09-04,27.06631,-82.448,Brohard Beach,26000,Low
2018-09-04,27.05703,-82.4436,Caspersen Beach,14000,Low
2018-09-04,27.01031,-82.41312,Manasota Beach,40000,Low
2018-09-04,26.96324,-82.38565,Blind Pass Beach,926000,Medium
2018-09-04,27.6133,-82.7391,Mullet Key; Gulf Pier,31333,Low
2018-09-04,27.6055,-82.6508,Skyway Fishing Pier; South (Lower Tampa Bay),5333,Very low
2018-09-04,27.58512,-82.61482,Fletcher Point (Lower Tampa Bay),0,Background
2018-09-04,27.4959,-82.6522,Palma Sola Bay Bridge,667,Background
2018-09-04,27.44602,-82.68798,Longboat Pass Boat Ramp (Sarasota Bay),253737,Medium
2018-09-04,27.5385,-82.7402,Anna Maria Island Rod & Reel Pier (Lower Tampa Bay),24000,Low
2018-09-04,27.459546,-82.698253,Cortez Beach,190667,Medium
2018-05-31,26.500278,-82.0475,Merwin Key; W of (San Carlos Bay),0,Background
2018-05-31,26.7003,-82.1208,Jug Creek Point; E of (Matlacha Pass),0,Background
2018-10-08,27.33375,-82.57938,New Pass Dock (Sarasota Bay),10000,Low
2018-10-08,26.6092,-82.221,Captiva Pass,0,Background
2018-10-08,26.59925,-82.18463,Captiva Rocks; SW of (Pine Island Sound),0,Background
2018-10-08,26.560417,-82.170817,Redfish Pass; 1.8 mi E of (Pine Island Sound),0,Background
2018-10-08,26.532117,-82.15667,Buck Key; 1.9 mi NE of (Pine Island Sound),0,Background
2018-10-08,26.538,-82.1257,Regla Island; W of (Pine Island Sound),0,Background
2018-10-08,26.53618,-82.14646,Regla Island; 1.4 mi W of (Pine Island Sound),0,Background
2018-10-08,26.5767,-82.1347,Cork Island; W of (Pine Island Sound),0,Background
2018-10-08,26.5902,-82.1561,Hemp Key; S of (Pine Island Sound),0,Background
2018-10-08,26.30481,-81.8362,Barefoot Beach State Preserve,667,Background
2018-10-08,26.25375,-81.82377,Vanderbilt Beach,0,Background
2018-10-08,26.2073,-81.8169,Seagate,0,Background
2018-10-08,26.13163,-81.8063,Naples Pier,0,Background
2018-10-08,25.91165,-81.72805,South Marco Beach,0,Background
2018-10-09,27.3316,-82.5779,Bay Dock (Sarasota Bay),0,Background
2018-10-09,27.33375,-82.57938,New Pass Dock (Sarasota Bay),0,Background
2018-10-06,25.958056,-81.814722,Marco Island; 3.8 mi W of,0,Background
2018-10-06,26.091817,-81.824067,Gordon's Pass; 1.4 mi W of,333,Background
2018-10-03,27.35317,-82.582,Quick Point; N of (Sarasota Bay),72000,Low
2018-10-03,27.33932,-82.56744,City Island; NE of (Sarasota Bay),18000,Low
2018-10-03,27.33075,-82.58471,New Pass (Sarasota Bay),35000,Low
2018-10-03,27.31177,-82.56508,Bird Key; W of (Sarasota Bay),7000,Very low
2018-10-03,27.31177,-82.56508,Bird Key; W of (Sarasota Bay),8000,Very low
2018-10-03,27.31382,-82.55319,Bird Key; E of (Sarasota Bay),0,Background
2018-10-03,27.36367,-82.56204,Indian Beach; SW of (Sarasota Bay),3000,Very low
2018-10-03,27.35294,-82.56188,Centennial Park; NW of (Sarasota Bay),13000,Low
2018-10-29,27.529833,-82.704,School Key; NE of (Lower Tampa Bay),312816,Medium
2018-10-29,27.59275,-82.629067,South Skyway Causeway; NE end of (Lower Tampa Bay),0,Background
2018-10-29,27.587433,-82.61895,South Skyway Rest Area; NW of (Lower Tampa Bay),333,Background
2018-10-29,27.37317,-82.63202,Longboat Key Beach,1254000,High (closure)
2018-10-29,26.538,-82.1257,Regla Island; W of (Pine Island Sound),0,Background
2018-10-29,27.632617,-82.5782,Little Redfish Creek; 1.1 mi NW of (Lower Tampa Bay),0,Background
2018-10-29,27.595514,-82.5912,Joe Island; N of (Lower Tampa Bay),3333,Very low
2018-10-29,26.5767,-82.1347,Cork Island; W of (Pine Island Sound),0,Background
2018-10-29,26.5902,-82.1561,Hemp Key; S of (Pine Island Sound),0,Background
2018-10-29,27.32682,-82.56244,Ringling Causeway,344000,Medium
2018-10-29,26.560417,-82.170817,Redfish Pass; 1.8 mi E of (Pine Island Sound),454860,Medium
2018-10-29,26.30481,-81.8362,Barefoot Beach State Preserve,0,Background
2018-10-29,26.25375,-81.82377,Vanderbilt Beach,0,Background
2018-10-29,26.532117,-82.15667,Buck Key; 1.9 mi NE of (Pine Island Sound),0,Background
2018-10-29,26.2073,-81.8169,Seagate,11667,Low
2018-10-29,26.13163,-81.8063,Naples Pier,1333,Very low
2018-10-29,26.59925,-82.18463,Captiva Rocks; SW of (Pine Island Sound),2333,Very low
2018-10-29,25.91165,-81.72805,South Marco Beach,333,Background
2018-10-29,27.3316,-82.5779,Bay Dock (Sarasota Bay),2250000,High (closure)
2018-10-29,27.33375,-82.57938,New Pass Dock (Sarasota Bay),1564000,High (closure)
2018-10-29,27.31561,-82.58171,North Lido Beach,386000,Medium
2018-10-29,27.311,-82.57718,Lido Beach Casino,1470000,High (closure)
2018-10-29,27.29818,-82.56739,South Lido Park,314000,Medium
2018-10-29,27.26518,-82.5531,Siesta Beach,1148000,High (closure)
2018-10-29,27.21843,-82.51711,Turtle Beach,1516000,High (closure)
2018-10-29,27.12332,-82.47122,Nokomis Beach,2020000,High (closure)
2018-10-29,27.11382,-82.46883,North Jetty,2776000,High (closure)
2018-10-29,27.10034,-82.46089,Venice Beach,2156000,High (closure)
2018-10-29,27.07827,-82.45286,Service Club Park,2474000,High (closure)
2018-10-29,27.0735,-82.4515,Venice Fishing Pier; N of,1794000,High (closure)
2018-10-29,27.06631,-82.448,Brohard Beach,802000,Medium
2018-10-29,27.05703,-82.4436,Caspersen Beach,1430000,High (closure)
2018-10-29,27.01031,-82.41312,Manasota Beach,3062000,High (closure)
2018-10-29,26.96324,-82.38565,Blind Pass Beach,1984000,High (closure)
2018-10-28,26.397867,-81.967933,Big Carlos Pass; 5.1 mi E of,0,Background
2018-10-28,26.846944,-82.301111,Rambler Hole,1050750,High (closure)
2018-12-03,27.6133,-82.7391,Mullet Key; Gulf Pier,5667,Very low
2018-12-03,27.6055,-82.6508,Skyway Fishing Pier; South (Lower Tampa Bay),0,Background
2018-12-03,27.58512,-82.61482,Fletcher Point (Lower Tampa Bay),0,Background
2018-12-03,27.4959,-82.6522,Palma Sola Bay Bridge,260667,Medium
2018-12-03,27.44602,-82.68798,Longboat Pass Boat Ramp (Sarasota Bay),48333,Low
2018-12-03,27.5385,-82.7402,Anna Maria Island Rod & Reel Pier (Lower Tampa Bay),10667,Low
2018-12-03,27.4621,-82.6992,Cortez Beach,9000,Very low
2018-12-03,26.5857,-82.0645,McCardle Island; SW of (Matlacha Pass),0,Background
2018-12-03,26.500278,-82.0475,Merwin Key; W of (San Carlos Bay),333,Background
2018-12-03,26.7003,-82.1208,Jug Creek Point; E of (Matlacha Pass),0,Background
2018-12-03,26.538,-82.1257,Regla Island; W of (Pine Island Sound),0,Background
2018-12-03,26.5767,-82.1347,Cork Island; W of (Pine Island Sound),0,Background
2018-12-03,26.5902,-82.1561,Hemp Key; S of (Pine Island Sound),1333,Very low
2018-12-03,26.560417,-82.170817,Redfish Pass; 1.8 mi E of (Pine Island Sound),3333,Very low
2018-12-03,26.532117,-82.15667,Buck Key; 1.9 mi NE of (Pine Island Sound),0,Background
2018-12-03,26.59925,-82.18463,Captiva Rocks; SW of (Pine Island Sound),1333,Very low
2018-12-03,26.30481,-81.8362,Barefoot Beach State Preserve,0,Background
2018-12-03,26.25375,-81.82377,Vanderbilt Beach,0,Background
2018-12-03,26.2073,-81.8169,Seagate,2000,Very low
2018-12-03,26.13163,-81.8063,Naples Pier,1000,Very low
2018-12-03,25.91165,-81.72805,South Marco Beach,4000,Very low
2018-12-03,25.9733,-81.7275,Lee Avenue; docks NE of (Big Marco Pass),63000,Low
2018-12-03,25.9124,-81.7171,Caxambas Park,12000,Low
2018-12-03,25.9334,-81.6496,Goodland Bridge,38667,Low
2018-12-03,25.9804,-81.7029,951 Boat Ramp (Big Marco Pass),333,Background
2018-11-30,26.7607,-82.47555,Gasparilla Island; 13 mi W of,391020,Medium
2018-11-30,26.722583,-82.366933,Gasparilla Island; 10 mi W of,20667,Low
2018-12-03,26.9092,-82.0953,Punta Gorda Boat Ramp (Charlotte Harbor),0,Background
2018-12-03,26.7614,-82.0611,Burnt Store Marina (Charlotte Harbor),0,Background
2018-12-03,26.4577,-81.9532,Matanzas Pass (Estero Bay),0,Background
2018-12-03,26.4294,-81.858,Estero River; mouth of (Estero Bay),0,Background
2018-12-03,26.3936,-81.8655,Carl Johnson Park Boat Ramp (Estero Bay),333,Background
2018-12-03,26.3584,-81.8375,Pelican Bay Nature Park Pier (Estero Bay),0,Background
2018-12-03,26.4287,-81.8832,Coon Key; N of (Estero Bay),0,Background
2018-12-03,26.4462,-81.9272,Mound House Dock (Estero Bay),0,Background
2018-12-03,26.43861,-81.84,Estero River; upstream,0,Background
2018-12-02,25.96995,-81.740428,North Point Beach (Marco Bay),114333,Medium
2018-12-02,25.938384,-81.739264,Marco Beach,109333,Medium
2018-12-03,27.0998,-82.4609,Venice Beach,22667,Low
2018-12-03,27.0725,-82.4528,Venice Pier,42667,Low
2018-12-04,27.3316,-82.5779,Bay Dock (Sarasota Bay),3000,Very low
2018-12-04,27.33375,-82.57938,New Pass Dock (Sarasota Bay),176000,Medium
2018-12-04,27.51477,-82.68395,Mead Point (Lower Tampa Bay),1000,Very low
2018-12-04,27.529833,-82.704,School Key; NE of (Lower Tampa Bay),0,Background
2018-12-04,27.59275,-82.629067,South Skyway Causeway; NE end of (Lower Tampa Bay),0,Background
2018-12-04,27.587433,-82.61895,South Skyway Rest Area; NW of (Lower Tampa Bay),0,Background
2018-12-04,27.632617,-82.5782,Little Redfish Creek; 1.1 mi NW of (Lower Tampa Bay),0,Background
2018-12-04,27.595514,-82.5912,Joe Island; N of (Lower Tampa Bay),0,Background
2018-12-04,27.591656,-82.586951,Two Brothers Islands; SW of (Lower Tampa Bay),0,Background
2018-09-25,26.538,-82.1257,Regla Island; W of (Pine Island Sound),0,Background
2018-09-25,26.5767,-82.1347,Cork Island; W of (Pine Island Sound),0,Background
2018-09-25,26.5902,-82.1561,Hemp Key; S of (Pine Island Sound),0,Background
2018-09-25,26.705,-82.1837,Little Bokeelia Island; N of (Charlotte Harbor),0,Background
2018-09-25,26.5264,-82.1945,Alison Hagerup Beach Park,350250,Medium
2018-09-25,26.4217,-82.0801,Tarpon Bay Road Beach,2389483,High (closure)
2018-09-25,26.45157,-82.01543,Lighthouse Beach,6990480,High (closure)
2018-09-25,26.45398,-81.95776,Lynn Hall Park,333,Background
2018-09-25,26.3901,-81.8795,Lovers Key State Park,0,Background
2018-09-25,26.33105,-81.84574,Bonita Beach Park,0,Background
2018-09-25,27.4003,-82.6515,Atlas Street; W of,183333,Medium
2018-09-25,27.3225,-82.5803,St. Armands Key; N of (Pansy Bayou),7667,Very low
2018-09-25,27.3324,-82.5462,Marina Jack (Sarasota Bay),0,Background
2018-09-26,26.911667,-82.158833,Hog Island; S of (Charlotte Harbor),0,Background
2018-09-26,26.92467,-82.36189,Englewood Beach,252667,Medium
2018-09-26,26.80562,-82.27415,Boca Grande Pier (Gasparilla Sound),9000,Very low
2018-09-26,27.64966,-82.921468,Bunces Pass; 11 mi W of,2441880,High (closure)
2018-09-26,27.64966,-82.921468,Bunces Pass; 11 mi W of,69667,Low
2018-09-26,27.64966,-82.921468,Bunces Pass; 11 mi W of,3862245,High (closure)
2018-09-26,27.64966,-82.921468,Bunces Pass; 11 mi W of,19000,Low
2018-09-26,27.64966,-82.84019,Bunces Pass; 5.8 mi W of,136667,Medium
2018-09-26,27.64966,-82.84019,Bunces Pass; 5.8 mi W of,45667,Low
2018-09-27,27.3316,-82.5779,Bay Dock (Sarasota Bay),330000,Medium
2018-09-27,27.33375,-82.57938,New Pass Dock (Sarasota Bay),1766000,High (closure)
2018-08-13,27.6133,-82.7391,Mullet Key; Gulf Pier,49333,Low
2018-08-13,27.6055,-82.6508,Skyway Fishing Pier; South (Lower Tampa Bay),0,Background
2018-08-13,27.58512,-82.61482,Fletcher Point (Lower Tampa Bay),0,Background
2018-08-13,27.4959,-82.6522,Palma Sola Bay Bridge,843885,Medium
2018-08-13,27.44602,-82.68798,Longboat Pass Boat Ramp (Sarasota Bay),3136140,High (closure)
2018-08-13,27.5385,-82.7402,Anna Maria Island Rod & Reel Pier (Lower Tampa Bay),321667,Medium
2018-08-13,27.37317,-82.63202,Longboat Key Beach,8280000,High (closure)
2018-08-13,27.32682,-82.56244,Ringling Causeway,152000,Medium
2018-08-13,27.31561,-82.58171,North Lido Beach,1242000,High (closure)
2018-08-13,27.311,-82.57718,Lido Beach Casino,1256000,High (closure)
2018-08-13,27.29818,-82.56739,South Lido Park,8640000,High (closure)
2018-08-13,27.26518,-82.5531,Siesta Beach,1806000,High (closure)
2018-08-13,27.21843,-82.51711,Turtle Beach,528000,Medium
2018-08-13,27.12332,-82.47122,Nokomis Beach,9520000,High (closure)
2018-08-13,27.11382,-82.46883,North Jetty,1496000,High (closure)
2018-08-13,27.10034,-82.46089,Venice Beach,740000,Medium
2018-08-13,27.07827,-82.45286,Service Club Park,824000,Medium
2018-08-13,27.0735,-82.4515,Venice Fishing Pier; N of,620000,Medium
2018-08-13,27.06631,-82.448,Brohard Beach,976000,Medium
2018-08-13,27.05703,-82.4436,Caspersen Beach,1208000,High (closure)
2018-08-13,27.01031,-82.41312,Manasota Beach,710000,Medium
2018-08-13,26.96324,-82.38565,Blind Pass Beach,606000,Medium
2018-08-13,27.3316,-82.5779,Bay Dock (Sarasota Bay),90000000,High (closure)
2018-08-13,27.33375,-82.57938,New Pass Dock (Sarasota Bay),2720000,High (closure)
2018-08-08,27.35439,-82.58502,Quick Point; N of (Sarasota Bay),13440000,High (closure)
2018-08-08,27.33525,-82.5675,City Island; E of (Sarasota Bay),1300000,High (closure)
2018-08-08,27.33525,-82.5675,City Island; E of (Sarasota Bay),930000,Medium
2018-08-08,27.33128,-82.58449,New Pass (Sarasota Bay),3680000,High (closure)
2018-08-08,27.32936,-82.56975,Coon Key; N of (Sarasota Bay),1660000,High (closure)
2018-08-08,27.3124,-82.55368,Bird Key; E of (Sarasota Bay),11840000,High (closure)
2018-08-08,27.36236,-82.56318,Indian Beach; SW of (Sarasota Bay),1258000,High (closure)
2018-08-08,27.35341,-82.56226,Centennial Park; NW of (Sarasota Bay),1262000,High (closure)
2018-08-08,27.33979,-82.55321,Causeway Park; N of (Sarasota Bay),1084000,High (closure)
2018-08-08,27.31907,-82.54764,Island Park; S of (Sarasota Bay),1696000,High (closure)
2018-08-08,27.31907,-82.54764,Island Park; S of (Sarasota Bay),1326000,High (closure)
2018-08-08,27.3091,-82.54346,Bay Island Park; NE of (Sarasota Bay),1646000,High (closure)
2018-08-08,27.3829,-82.614,Bishops Point; N of (Sarasota Bay),34000,Low
2018-08-08,27.3686,-82.6078,Bishops Point; SE of (Sarasota Bay),3278000,High (closure)
2018-08-08,27.37904,-82.58343,Mid-Sarasota Bay,882000,Medium
2018-08-08,27.37951,-82.57035,Stephens Point; NW of (Sarasota Bay),914000,Medium
2018-08-08,27.364,-82.6031,Longboat Key; E of (Sarasota Bay),8320000,High (closure)
2018-08-13,26.7117,-82.2583,Boca Grande Pass,254467,Medium
2018-08-08,27.29592,-82.54452,Edwards Island; E of (Roberts Bay; Sarasota),378000,Medium
2018-08-08,27.28598,-82.55009,Edwards Island; S of (Roberts Bay; Sarasota),108000,Medium
2018-08-08,27.27429,-82.54398,Philippe Creek; N of (Roberts Bay; Sarasota),26000,Low
2018-08-13,26.6798,-82.2196,Mondongo Island; W of (Pine Island Sound),54333,Low
2018-08-08,27.25259,-82.5297,Stickney Point Bridge; SE of (Roberts Bay; Sarasota),16000,Low
2018-08-08,27.24856,-82.52309,Coral Cove; NW of (Little Sarasota Bay),44000,Low
2018-08-08,27.24264,-82.52176,Coral Cove; W of (Little Sarasota Bay),120000,Medium
2018-08-13,26.6092,-82.221,Captiva Pass,24667,Low
2018-08-08,27.23151,-82.50869,Blind Pass; NE of (Little Sarasota Bay),264000,Medium
2018-08-13,26.59925,-82.18463,Captiva Rocks; SW of (Pine Island Sound),81333,Low
2018-08-08,27.20965,-82.50335,Bird Keys; E of (Little Sarasota Bay),2542000,High (closure)
2018-08-13,26.5535,-82.1963,Redfish Pass (Pine Island Sound),56333,Low
2018-08-08,27.19595,-82.49653,Spanish Point; S of (Little Sarasota Bay),192000,Medium
2018-08-08,27.19005,-82.49946,Blackburn Point Road; N of (Little Sarasota Bay),8000,Very low
2018-08-13,26.560417,-82.170817,Redfish Pass; 1.8 mi E of (Pine Island Sound),199525,Medium
2018-08-08,27.1777,-82.49345,Dryman Bay,204000,Medium
2018-09-04,27.51477,-82.68395,Mead Point (Lower Tampa Bay),10333,Low
2018-09-04,27.529833,-82.704,School Key; NE of (Lower Tampa Bay),237804,Medium
2018-09-04,27.59275,-82.629067,South Skyway Causeway; NE end of (Lower Tampa Bay),3889,Very low
2018-09-04,27.587433,-82.61895,South Skyway Rest Area; NW of (Lower Tampa Bay),333,Background
2018-09-04,27.632617,-82.5782,Little Redfish Creek; 1.1 mi NW of (Lower Tampa Bay),2667,Very low
2018-09-04,27.595514,-82.5912,Joe Island; N of (Lower Tampa Bay),1333,Very low
2018-09-04,27.5395,-82.6285,Emerson Point Preserve Dock; NE of (Terra Ceia Bay),8667,Very low
2018-09-04,26.816167,-82.2805,Gasparilla Pass,0,Background
2018-09-04,26.7117,-82.2583,Boca Grande Pass,3000,Very low
2018-09-04,26.74065,-82.2145,Cayo Pelau; 2 mi S of (Charlotte Harbor),0,Background
2018-09-04,26.786021,-82.223062,Cayo Pelau; N of (Gasparilla Sound),0,Background
2018-09-04,26.782417,-82.209383,Bull Key; NW of (Bull Bay),0,Background
2018-09-04,26.798,-82.231,Sandfly Key; NE of (Gasparilla Sound),0,Background
2018-09-04,26.8164,-82.2526,Catfish Creek; mouth of (Gasparilla Sound),0,Background
2018-09-04,26.30481,-81.8362,Barefoot Beach State Preserve,0,Background
2018-09-04,26.25375,-81.82377,Vanderbilt Beach,0,Background
2018-09-04,26.2073,-81.8169,Seagate,0,Background
2018-09-04,26.13163,-81.8063,Naples Pier,0,Background
2018-09-04,25.91165,-81.72805,South Marco Beach,0,Background
2018-09-02,26.6573,-81.8829,North Shore Park (Caloosahatchee River),0,Background
2018-09-02,26.64413,-82.05578,Sirenia Vista Canoe & Kayak Launch,0,Background
2018-09-05,27.3316,-82.5779,Bay Dock (Sarasota Bay),172000,Medium
2018-09-05,27.33375,-82.57938,New Pass Dock (Sarasota Bay),530000,Medium
2018-09-02,27.020943,-82.419409,Manasota Beach; NW of,667,Background
2018-09-02,27.012501,-82.414336,Manasota Beach,62333,Low
2018-09-04,26.4294,-81.858,Estero River; mouth of (Estero Bay),17667,Low
2018-09-04,26.3936,-81.8655,Carl Johnson Park Boat Ramp (Estero Bay),569772,Medium
2018-09-04,26.4287,-81.8832,Coon Key; N of (Estero Bay),5849340,High (closure)
2018-09-04,26.43861,-81.84,Estero River; upstream,0,Background
2018-09-04,26.9092,-82.0953,Punta Gorda Boat Ramp (Charlotte Harbor),0,Background
2018-09-04,26.7614,-82.0611,Burnt Store Marina (Charlotte Harbor),0,Background
2018-09-04,26.4462,-81.9272,Mound House Dock (Estero Bay),348953,Medium
2018-09-05,26.7778,-82.34949,Gasparilla Pass; 4.7 mi SW of,126000,Medium
2018-09-05,26.7778,-82.34949,Gasparilla Pass; 4.7 mi SW of,23666,Low
2018-09-05,26.7778,-82.34949,Gasparilla Pass; 4.7 mi SW of,0,Background
2018-09-05,26.7411,-82.41967,Boca Grande; 10 mi W of,496577,Medium
2018-09-05,26.7411,-82.41967,Boca Grande; 10 mi W of,4666,Very low
2018-09-05,26.7411,-82.41967,Boca Grande; 10 mi W of,0,Background
2018-09-05,26.66859,-82.55904,Cayo Costa; 19 mi W of,10333,Low
2018-09-05,26.66859,-82.55904,Cayo Costa; 19 mi W of,27333,Low
2018-09-05,26.66859,-82.55904,Cayo Costa; 19 mi W of,333,Background
2018-09-05,26.59564,-82.69575,Captiva Pass; 29 mi W of,0,Background
2018-09-05,26.59564,-82.69575,Captiva Pass; 29 mi W of,3333,Very low
2018-09-05,26.59564,-82.69575,Captiva Pass; 29 mi W of,10000,Low
2018-09-05,26.55914,-82.3314,Redfish Pass; 8 mi W of,1491240,High (closure)
2018-09-05,26.55914,-82.3314,Redfish Pass; 8 mi W of,3333,Very low
2018-09-05,26.55315,-82.25539,Redfish Pass; 3.4 mi W of,39333,Low
2018-09-05,26.55315,-82.25539,Redfish Pass; 3.4 mi W of,9333,Very low
2018-10-03,27.3377,-82.55514,Causeway Park; NW of (Sarasota Bay),2000,Very low
2018-10-03,27.32001,-82.54623,Island Park; S of (Sarasota Bay),1000,Very low
2018-10-03,27.31165,-82.54243,Bay Island Park; NE of (Sarasota Bay),0,Background
2018-10-03,27.3889,-82.6143,Bishops Point; N of (Sarasota Bay),366000,Medium
2018-10-03,27.3705,-82.594,Bishops Point; E of (Sarasota Bay),44000,Low
2018-10-03,27.38478,-82.5835,Mid-Sarasota Bay,358000,Medium
2018-10-03,27.37123,-82.57739,Stephens Point; SW of (Sarasota Bay),5000,Very low
2018-10-03,27.37123,-82.57739,Stephens Point; SW of (Sarasota Bay),11000,Low
2018-10-03,27.3609,-82.594,Longboat Key; E of (Sarasota Bay),31000,Low
2018-10-03,27.29178,-82.55099,Edwards Island; SW (Roberts Bay; Sarasota),0,Background
2018-10-03,27.28559,-82.54434,Edwards Island; S of (Roberts Bay; Sarasota),2000,Very low
2018-10-03,27.26634,-82.54074,Philippe Creek; S of (Roberts Bay; Sarasota),1000,Very low
2018-10-03,27.25707,-82.53238,Stickney Point Bridge; N of (Roberts Bay; Sarasota),0,Background
2018-10-03,27.24775,-82.52234,Coral Cove; NW of (Little Sarasota Bay),0,Background
2018-10-03,27.23511,-82.52013,Coral Cove; S of (Little Sarasota Bay),0,Background
2018-10-03,27.22613,-82.51325,Blind Pass; N of (Little Sarasota Bay),0,Background
2018-10-03,27.21758,-82.50273,Bird Keys; NE of (Little Sarasota Bay),0,Background
2018-10-03,27.19858,-82.50238,Spanish Point; S of (Little Sarasota Bay),0,Background
2018-10-03,27.1899,-82.49436,Blackburn Point Road; N of (Little Sarasota Bay),0,Background
2018-10-03,27.17174,-82.49235,Dryman Bay,0,Background
2018-10-03,27.17174,-82.49235,Dryman Bay,0,Background
2018-10-03,27.16133,-82.48455,Northern Blackburn Bay,0,Background
2018-10-03,27.15314,-82.4802,Mid-Blackburn Bay,0,Background
2018-10-03,27.14446,-82.47512,Southern Blackburn Bay,0,Background
2018-10-03,27.13421,-82.47046,Albee Road Bridge; N of (Blackburn Bay),0,Background
2018-10-03,27.04493,-82.43241,Shamrock Park; S of (ICW),0,Background
2018-10-03,27.01554,-82.41316,Manasota Beach Bridge; NW of (ICW),0,Background
2018-10-03,27.0015,-82.4053,Forked Creek; NW of (Lemon Bay),0,Background
2018-10-03,26.9813,-82.38921,Leachs Key; N of (Lemon Bay),0,Background
2018-10-03,26.95133,-82.36577,Indian Mound Park; SW of (Lemon Bay),0,Background
2018-10-03,26.95133,-82.36577,Indian Mound Park; SW of (Lemon Bay),0,Background
2018-10-03,27.1329,-82.4618,Lyons Bay; Canal N of,0,Background
2018-10-03,27.1263,-82.4487,Dona Bay,0,Background
2018-10-03,27.1128,-82.4627,Snake Island (Venice Inlet),0,Background
2018-10-03,27.1089,-82.4479,Roberts Bay; Venice,0,Background
2018-10-03,27.0677,-82.431,Venice Municiple Airport; E of (ICW),0,Background
2018-10-06,25.931193,-81.733136,Marco Island Beach,0,Background
2018-10-09,27.4003,-82.6515,Atlas Street; W of,0,Background
2018-10-09,27.3225,-82.5803,St. Armands Key; N of (Pansy Bayou),0,Background
2018-10-09,27.3324,-82.5462,Marina Jack (Sarasota Bay),0,Background
2018-10-10,27.3316,-82.5779,Bay Dock (Sarasota Bay),0,Background
2018-10-10,27.33375,-82.57938,New Pass Dock (Sarasota Bay),0,Background
2018-10-28,26.8325,-82.261111,Gasparilla Marina; S of (Coral Creek),3667,Very low
2018-10-29,27.123683,-82.47155,Nokomis Beach,2847976,High (closure)
2018-10-29,27.100203,-82.461075,Venice Beach,1293147,High (closure)
2018-10-30,27.3316,-82.5779,Bay Dock (Sarasota Bay),1130000,High (closure)
2018-10-30,27.33375,-82.57938,New Pass Dock (Sarasota Bay),674000,Medium
2018-10-24,27.05309,-82.63172,South Venice; 12 mi W of,1542000,High (closure)
2018-10-24,27.05309,-82.63172,South Venice; 12 mi W of,164000,Medium
2018-10-24,27.05309,-82.63172,South Venice; 12 mi W of,402000,Medium
2018-10-24,26.93519,-82.90573,Englewood Beach; 33 mi W of,221500,Medium
2018-10-24,26.93519,-82.90573,Englewood Beach; 33 mi W of,8500,Very low
2018-10-24,26.93519,-82.90573,Englewood Beach; 33 mi W of,3000,Very low
2018-10-24,26.6586,-82.93918,Cayo Costa; 43 mi W of,4000,Very low
2018-10-24,26.6586,-82.93918,Cayo Costa; 43 mi W of,0,Background
2018-10-24,26.6586,-82.93918,Cayo Costa; 43 mi W of,500,Background
2018-10-24,26.49486,-82.68271,Captiva Island; 31 mi W of,23500,Low
2018-10-24,26.49486,-82.68271,Captiva Island; 31 mi W of,1500,Very low
2018-10-24,26.49486,-82.68271,Captiva Island; 31 mi W of,3000,Very low
2018-10-24,26.61448,-82.41352,Captiva Pass; 12 mi W of,404000,Medium
2018-10-24,26.61448,-82.41352,Captiva Pass; 12 mi W of,340000,Medium
2018-10-24,26.61448,-82.41352,Captiva Pass; 12 mi W of,89000,Low
2018-10-24,26.61448,-82.41352,Captiva Pass; 12 mi W of,30000,Low
2018-10-25,27.48405,-82.8574,Anna Maria Island; 9.1 mi W of,1006000,High (closure)
2018-10-25,27.48405,-82.8574,Anna Maria Island; 9.1 mi W of,1110000,High (closure)
2018-10-25,27.48405,-82.8574,Anna Maria Island; 9.1 mi W of,1080000,High (closure)
2018-10-25,27.48405,-82.8574,Anna Maria Island; 9.1 mi W of,624000,Medium
2018-10-25,27.21646,-82.87366,Siesta Key; 22 mi W of,0,Background
2018-10-25,27.21646,-82.87366,Siesta Key; 22 mi W of,23000,Low
2018-10-25,27.21646,-82.87366,Siesta Key; 22 mi W of,41000,Low
2018-10-30,26.816167,-82.2805,Gasparilla Pass,531861,Medium
2018-10-30,26.74065,-82.2145,Cayo Pelau; 2 mi S of (Charlotte Harbor),1333,Very low
2018-10-30,26.786021,-82.223062,Cayo Pelau; N of (Gasparilla Sound),0,Background
2018-10-30,26.782417,-82.209383,Bull Key; NW of (Bull Bay),252168,Medium
2018-10-30,26.798,-82.231,Sandfly Key; NE of (Gasparilla Sound),2735483,High (closure)
2018-10-30,26.8164,-82.2526,Catfish Creek; mouth of (Gasparilla Sound),72000,Low
2018-10-30,26.5857,-82.0645,McCardle Island; SW of (Matlacha Pass),0,Background
2018-10-30,26.500278,-82.0475,Merwin Key; W of (San Carlos Bay),0,Background
2018-10-30,26.7003,-82.1208,Jug Creek Point; E of (Matlacha Pass),0,Background
2018-12-04,27.4003,-82.6515,Atlas Street; W of,31667,Low
2018-12-04,27.3225,-82.5803,St. Armands Key; N of (Pansy Bayou),108667,Medium
2018-12-04,27.3324,-82.5462,Marina Jack (Sarasota Bay),0,Background
2018-12-04,26.43494,-81.91138,Estero Island (Estero Bay),0,Background
2018-12-04,26.38591,-81.84631,Long Key (Estero Bay),2333,Very low
2018-12-04,26.35497,-81.84452,Bonita Beach (Estero Bay),0,Background
2018-12-05,27.51465,-82.661933,Robinson Preserve (Manatee River),3333,Very low
2018-12-05,27.496483,-82.645767,Palma Sola Causeway (Palma Sola Bay),208200,Medium
2018-12-05,27.3316,-82.5779,Bay Dock (Sarasota Bay),58000,Low
2018-12-05,27.33375,-82.57938,New Pass Dock (Sarasota Bay),50000,Low
2018-12-05,26.5264,-82.1945,Alison Hagerup Beach Park,0,Background
2018-12-05,26.4217,-82.0801,Tarpon Bay Road Beach,0,Background
2018-12-05,26.45157,-82.01543,Lighthouse Beach,3000,Very low
2018-12-05,26.45398,-81.95776,Lynn Hall Park,0,Background
2018-12-05,26.3901,-81.8795,Lovers Key State Park,3333,Very low
2018-12-05,26.33105,-81.84574,Bonita Beach Park,1667,Very low
2018-12-05,26.92467,-82.36189,Englewood Beach,28333,Low
2018-12-05,26.80562,-82.27415,Boca Grande Pier (Gasparilla Sound),12333,Low
2018-12-06,27.3316,-82.5779,Bay Dock (Sarasota Bay),48000,Low
2018-12-06,27.33375,-82.57938,New Pass Dock (Sarasota Bay),38000,Low
2018-12-06,26.30481,-81.8362,Barefoot Beach State Preserve,2333,Very low
2018-12-06,26.25375,-81.82377,Vanderbilt Beach,333,Background
2018-12-06,26.2073,-81.8169,Seagate,1333,Very low
2018-12-06,26.13163,-81.8063,Naples Pier,1667,Very low
2018-12-06,25.91165,-81.72805,South Marco Beach,36667,Low
2018-12-06,27.520748,-82.505342,Tidewater Preserve Boulevard; NW of (Manatee River),0,Background
2018-12-06,27.511932,-82.505512,Fore Drive; canal W of (Manatee River),0,Background
2018-08-08,27.16605,-82.48649,Blackburn Bay; N of (ICW),416000,Medium
2018-08-13,26.532117,-82.15667,Buck Key; 1.9 mi NE of (Pine Island Sound),457520,Medium
2018-08-08,27.15472,-82.47896,Mid-Blackburn Bay,282000,Medium
2018-08-13,26.488,-82.1815,Buck Key; S of (Blind Pass),393680,Medium
2018-08-08,27.14343,-82.47405,Southern Blackburn Bay,50000,Low
2018-08-08,27.13458,-82.4695,Albee Road Bridge; N of (Blackburn Bay),352000,Medium
2018-08-08,27.13458,-82.4695,Albee Road Bridge; N of (Blackburn Bay),296000,Medium
2018-08-13,26.4887,-82.1073,York Island; W of (Pine Island Sound),456622,Medium
2018-08-08,27.03815,-82.42746,Alligator Creek; S of (ICW),0,Background
2018-08-08,27.0186,-82.41562,Manasota Beach Bridge; NW of (ICW),0,Background
2018-08-13,26.53618,-82.14646,Regla Island; 1.4 mi W of (Pine Island Sound),778822,Medium
2018-08-08,26.99084,-82.39822,Forked Creek; W of (Lemon Bay),6000,Very low
2018-08-08,26.99084,-82.39822,Forked Creek; W of (Lemon Bay),6000,Very low
2018-08-08,26.96941,-82.38108,Leachs Key; SE of (Lemon Bay),412000,Medium
2018-08-08,26.96598,-82.37377,Indian Mound Park; NW of (Lemon Bay),1580000,High (closure)
2018-08-13,26.5767,-82.1347,Cork Island; W of (Pine Island Sound),800028,Medium
2018-08-08,27.1231,-82.4615,Lyons Bay,78000,Low
2018-08-08,27.1261,-82.449,Dona Bay,0,Background
2018-08-13,26.5902,-82.1561,Hemp Key; S of (Pine Island Sound),1183700,High (closure)
2018-08-08,27.1125,-82.4659,Venice Inlet,238000,Medium
2018-08-08,27.1036,-82.4435,Hatchett Creek,20000,Low
2018-08-13,26.705,-82.1837,Little Bokeelia Island; N of (Charlotte Harbor),71667,Low
2018-08-08,27.053,-82.4385,Shamrock Park; W of (ICW),4000,Very low
2018-08-13,26.5857,-82.0645,McCardle Island; SW of (Matlacha Pass),0,Background
2018-08-13,26.500278,-82.0475,Merwin Key; W of (San Carlos Bay),70667,Low
2018-08-13,26.7003,-82.1208,Jug Creek Point; E of (Matlacha Pass),0,Background
2018-08-13,26.52015,-82.034383,Bird Island; N of (Caloosahatchee River),1000,Very low
2018-08-13,26.538,-82.1257,Regla Island; W of (Pine Island Sound),531861,Medium
2018-08-13,26.30481,-81.8362,Barefoot Beach State Preserve,1220940,High (closure)
2018-08-13,26.25375,-81.82377,Vanderbilt Beach,9015247,High (closure)
2018-08-13,26.2073,-81.8169,Seagate,50333,Low
2018-08-13,26.13163,-81.8063,Naples Pier,13667,Low
2018-08-13,25.91165,-81.72805,South Marco Beach,59333,Low
2018-08-12,26.987571,-82.40138,Manasota Key Beach; S of,49333,Low
2018-08-12,26.996342,-82.405684,Manasota Key Beach,65000,Low
2018-08-14,27.3316,-82.5779,Bay Dock (Sarasota Bay),82800000,High (closure)
2018-08-14,27.33375,-82.57938,New Pass Dock (Sarasota Bay),3200000,High (closure)
2018-08-13,27.099844,-82.460899,West Venice Avenue; W of,1175040,High (closure)
2018-08-13,27.072973,-82.451321,Venice Pier,880460,Medium
2018-09-27,26.30481,-81.8362,Barefoot Beach State Preserve,1333,Very low
2018-09-27,26.25375,-81.82377,Vanderbilt Beach,305667,Medium
2018-09-27,26.2073,-81.8169,Seagate,2000,Very low
2018-09-27,26.13163,-81.8063,Naples Pier,0,Background
2018-09-27,25.91165,-81.72805,South Marco Beach,0,Background
2018-09-26,26.329833,-81.8816,Barefoot Beach; 2.3 mi W of,121333,Medium
2018-09-26,26.329833,-81.8816,Barefoot Beach; 2.3 mi W of,0,Background
2018-09-26,26.171717,-81.945367,Naples Beach; 8.3 mi W of,85333,Low
2018-09-26,26.171717,-81.945367,Naples Beach; 8.3 mi W of,47667,Low
2018-09-26,26.301933,-81.959667,Wiggins Island; 7.7 mi W of,125333,Medium
2018-09-26,26.301933,-81.959667,Wiggins Island; 7.7 mi W of,1333,Very low
2018-09-28,27.3316,-82.5779,Bay Dock (Sarasota Bay),210000,Medium
2018-09-28,27.33375,-82.57938,New Pass Dock (Sarasota Bay),326000,Medium
2018-09-25,27.6443,-82.6396,North Skyway Rest Area; 2.1 mi E of (Lower Tampa Bay),85098,Low
2018-09-25,27.6443,-82.6396,North Skyway Rest Area; 2.1 mi E of (Lower Tampa Bay),36667,Low
2018-09-25,27.6667,-82.59686,Beacon Key; 3.7 mi W of (Lower Tampa Bay),137333,Medium
2018-09-25,27.6667,-82.59686,Beacon Key; 3.7 mi W of (Lower Tampa Bay),23333,Low
2018-09-27,27.036872,-82.429535,South Venice Beach,4716180,High (closure)
2018-09-28,26.093024,-81.80342,Gordon Pass,667,Background
2018-09-28,25.990014,-81.748905,Keewaydin Island; E of (Hurricane Pass),0,Background
2018-09-28,26.662883,-82.471217,Cayo Costa; 14 mi W of,42667,Low
2018-09-28,26.6661,-82.5319,Cayo Costa; 17 mi W of,1000,Very low
2018-09-28,26.690183,-82.381483,Cayo Costa; 7.7 mi W of,26667,Low
2018-09-28,26.711167,-82.315867,Boca Grande Pass; 3.5 mi W of,8333,Very low
2018-09-19,27.158033,-82.486083,Casey Key Road; W of,0,Background
2018-09-24,26.721883,-82.23535,Gasparilla Island State Park; 1.5 mi E of (Gasparilla Sound),0,Background
2018-09-05,26.55489,-82.19518,Redfish Pass; E of (Pine Island Sound),153667,Medium
2018-09-05,26.58809,-82.19176,Foster Bay; NE of (Pine Island Sound),60333,Low
2018-09-05,26.61668,-82.20524,Captiva Pass; 1.1 mi E of (Pine Island Sound),137513,Medium
2018-09-05,26.66545,-82.22029,Whoopee Island; NW of (Pine Island Sound),527710,Medium
2018-09-05,26.71343,-82.24923,Boca Grande Pass (Charlotte Harbor),55991,Low
2018-09-05,26.76713,-82.24539,Devilfish Key; W of (Gasparilla Sound),667,Background
2018-09-05,26.5264,-82.1945,Alison Hagerup Beach Park,333,Background
2018-09-05,26.4217,-82.0801,Tarpon Bay Road Beach,306432,Medium
2018-09-05,26.45157,-82.01543,Lighthouse Beach,1393217,High (closure)
2018-09-05,26.45398,-81.95776,Lynn Hall Park,199253,Medium
2018-09-05,26.3901,-81.8795,Lovers Key State Park,25667,Low
2018-09-05,26.33105,-81.84574,Bonita Beach Park,0,Background
2018-09-05,26.92467,-82.36189,Englewood Beach,338352,Medium
2018-09-05,26.80562,-82.27415,Boca Grande Pier (Gasparilla Sound),6333,Very low
2018-09-04,26.48252,-82.182295,Blind Pass Beach (Blind Pass),443650,Medium
2018-09-04,26.453923,-82.01401,Sanibel Lighthouse,2085933,High (closure)
2018-09-05,26.916667,-82.366667,Englewood Beach; W of,7569001,High (closure)
2018-09-05,26.883333,-82.333333,Stump Pass; SE of,6017214,High (closure)
2018-09-05,27.123632,-82.471467,Nokomis Beach,19000,Low
2018-09-05,27.099648,-82.46081,Venice Beach,1767570,High (closure)
2018-09-06,27.3316,-82.5779,Bay Dock (Sarasota Bay),280000,Medium
2018-09-06,27.33375,-82.57938,New Pass Dock (Sarasota Bay),614000,Medium
2018-09-06,26.25375,-81.82377,Vanderbilt Beach,333,Background
2018-09-06,26.2073,-81.8169,Seagate,0,Background
2018-09-06,26.13163,-81.8063,Naples Pier,0,Background
2018-09-06,26.30481,-81.8362,Barefoot Beach State Preserve,0,Background
2018-09-06,25.91165,-81.72805,South Marco Beach,0,Background
2018-09-03,27.111028,-82.465587,Venice Inlet; S of,0,Background
2018-09-03,26.930165,-82.33593,Ainger Creek Park,1000,Very low
2018-09-03,27.109638,-82.465156,Venice Beach,0,Background
2018-10-10,26.5264,-82.1945,Alison Hagerup Beach Park,0,Background
2018-10-10,26.4217,-82.0801,Tarpon Bay Road Beach,0,Background
2018-10-10,26.45157,-82.01543,Lighthouse Beach,0,Background
2018-10-10,26.45398,-81.95776,Lynn Hall Park,0,Background
2018-10-10,26.3901,-81.8795,Lovers Key State Park,0,Background
2018-10-10,26.33105,-81.84574,Bonita Beach Park,667,Background
2018-10-06,27.5643,-82.6294,Rattlesnake Key; NW of (Lower Tampa Bay),0,Background
2018-10-06,27.571,-82.612,Ed's Key; SW of (Miguel By),0,Background
2018-10-11,27.3316,-82.5779,Bay Dock (Sarasota Bay),1000,Very low
2018-10-11,27.33375,-82.57938,New Pass Dock (Sarasota Bay),1000,Very low
2018-10-11,26.30481,-81.8362,Barefoot Beach State Preserve,0,Background
2018-10-11,26.25375,-81.82377,Vanderbilt Beach,0,Background
2018-10-11,26.2073,-81.8169,Seagate,333,Background
2018-10-11,25.91165,-81.72805,South Marco Beach,333,Background
2018-10-30,27.4003,-82.6515,Atlas Street; W of,1416567,High (closure)
2018-10-30,27.3324,-82.5462,Marina Jack (Sarasota Bay),9000,Very low
2018-10-30,27.3225,-82.5803,St. Armands Key; N of (Pansy Bayou),4171867,High (closure)
2018-10-31,27.3316,-82.5779,Bay Dock (Sarasota Bay),1796000,High (closure)
2018-10-31,27.33375,-82.57938,New Pass Dock (Sarasota Bay),2404000,High (closure)
2018-10-31,26.5264,-82.1945,Alison Hagerup Beach Park,0,Background
2018-10-31,26.4217,-82.0801,Tarpon Bay Road Beach,0,Background
2018-10-31,26.45157,-82.01543,Lighthouse Beach,0,Background
2018-10-31,26.45398,-81.95776,Lynn Hall Park,0,Background
2018-10-31,26.3901,-81.8795,Lovers Key State Park,333,Background
2018-10-31,26.33105,-81.84574,Bonita Beach Park,0,Background
2018-11-01,27.3316,-82.5779,Bay Dock (Sarasota Bay),1726000,High (closure)
2018-11-01,27.33375,-82.57938,New Pass Dock (Sarasota Bay),1346000,High (closure)
2018-12-07,27.3316,-82.5779,Bay Dock (Sarasota Bay),1000,Very low
2018-12-07,27.33375,-82.57938,New Pass Dock (Sarasota Bay),4500,Very low
2018-12-07,26.4009,-81.9715,Big Carlos Pass; 5.3 mi W of,22667,Low
2018-12-07,26.430817,-81.96875,Estero Island; 3.2 mi W of,0,Background
2018-12-07,27.323,-82.5389,Bayou Place; canal S of (Sarasota Bay),0,Background
2018-12-07,27.3236,-82.542,Baypoint Drive; W of (Sarasota Bay),11333,Low
2018-12-10,27.3316,-82.5779,Bay Dock (Sarasota Bay),0,Background
2018-12-10,27.33375,-82.57938,New Pass Dock (Sarasota Bay),0,Background
2018-12-10,27.6133,-82.7391,Mullet Key; Gulf Pier,2333,Very low
2018-12-10,27.6055,-82.6508,Skyway Fishing Pier; South (Lower Tampa Bay),333,Background
2018-12-10,27.58512,-82.61482,Fletcher Point (Lower Tampa Bay),0,Background
2018-12-10,27.4959,-82.6522,Palma Sola Bay Bridge,460168,Medium
2018-12-10,27.44602,-82.68798,Longboat Pass Boat Ramp (Sarasota Bay),2333,Very low
2018-12-10,27.5385,-82.7402,Anna Maria Island Rod & Reel Pier (Lower Tampa Bay),1333,Very low
2018-12-10,27.4621,-82.6992,Cortez Beach,12667,Low
2018-12-10,26.538,-82.1257,Regla Island; W of (Pine Island Sound),0,Background
2018-12-10,26.5767,-82.1347,Cork Island; W of (Pine Island Sound),0,Background
2018-12-10,26.5902,-82.1561,Hemp Key; S of (Pine Island Sound),0,Background
2018-12-10,26.560417,-82.170817,Redfish Pass; 1.8 mi E of (Pine Island Sound),0,Background
2018-12-10,26.532117,-82.15667,Buck Key; 1.9 mi NE of (Pine Island Sound),0,Background
2018-12-10,26.59925,-82.18463,Captiva Rocks; SW of (Pine Island Sound),0,Background
2018-12-10,26.30481,-81.8362,Barefoot Beach State Preserve,0,Background
2018-12-10,26.25375,-81.82377,Vanderbilt Beach,0,Background
2018-12-10,26.2073,-81.8169,Seagate,0,Background
2018-12-10,26.13163,-81.8063,Naples Pier,0,Background
2018-12-10,25.91165,-81.72805,South Marco Beach,333,Background
2018-12-09,26.892,-82.345,Stump Pass; SW of,667,Background
2018-12-09,26.903,-82.33,Maryland Avenue; SW of (Lemon Bay),4333,Very low
2018-12-10,27.123614,-82.471455,Nokomis Beach,1000,Very low
2018-12-10,27.100192,-82.461083,Venice Beach,0,Background
2018-12-11,27.3316,-82.5779,Bay Dock (Sarasota Bay),500,Background
2018-12-11,27.33375,-82.57938,New Pass Dock (Sarasota Bay),0,Background
2018-12-05,27.34934,-82.58149,Quick Point; N of (Sarasota Bay),26000,Low
2018-12-05,27.34128,-82.56856,City Island; NE of (Sarasota Bay),68000,Low
2018-12-05,27.33483,-82.57905,New Pass (Sarasota Bay),370000,Medium
2018-12-05,27.32844,-82.56228,Bayfront Park; N of (Sarasota Bay),56000,Low
2018-12-05,27.32844,-82.56228,Bayfront Park; N of (Sarasota Bay),84000,Low
2018-12-05,27.30528,-82.54905,Bay Island; N of (Sarasota Bay),38000,Low
2018-12-05,27.36393,-82.56917,Indian Beach; SW of (Sarasota Bay),112000,Medium
2018-12-05,27.34649,-82.5671,Centennial Park; W of (Sarasota Bay),44000,Low
2018-12-05,27.34055,-82.55682,Causeway Park; NW of (Sarasota Bay),82000,Low
2018-12-05,27.32778,-82.54871,Island Park; SW of (Sarasota Bay),56000,Low
2018-12-05,27.31016,-82.54556,Bay Island Park; N of (Sarasota Bay),38000,Low
2018-12-05,27.3823,-82.608,Bishops Point; NE of (Sarasota Bay),78000,Low
2018-12-05,27.3823,-82.608,Bishops Point; NE of (Sarasota Bay),32000,Low
2018-12-05,27.3725,-82.6079,Bishops Point; SE of (Sarasota Bay),6000,Very low
2018-12-05,27.38191,-82.58427,Mid-Sarasota Bay,270000,Medium
2018-12-05,27.37703,-82.57264,Stephens Point; W of (Sarasota Bay),62000,Low
2018-12-05,27.3603,-82.6026,Longboat Key; E of (Sarasota Bay),0,Background
2018-12-05,27.29347,-82.54677,Edwards Island; S of (Roberts Bay; Sarasota),10000,Low
2018-10-01,27.6133,-82.7391,Mullet Key; Gulf Pier,19333,Low
2018-10-01,27.6055,-82.6508,Skyway Fishing Pier; South (Lower Tampa Bay),0,Background
2018-10-01,27.58512,-82.61482,Fletcher Point (Lower Tampa Bay),0,Background
2018-10-01,27.44602,-82.68798,Longboat Pass Boat Ramp (Sarasota Bay),454028,Medium
2018-10-01,27.5385,-82.7402,Anna Maria Island Rod & Reel Pier (Lower Tampa Bay),73333,Low
2018-10-01,27.462064,-82.699179,Cortez Beach,216667,Medium
2018-10-01,27.37317,-82.63202,Longboat Key Beach,900000,Medium
2018-10-01,27.32682,-82.56244,Ringling Causeway,6000,Very low
2018-10-01,27.31561,-82.58171,North Lido Beach,0,Background
2018-10-01,27.311,-82.57718,Lido Beach Casino,0,Background
2018-10-01,27.29818,-82.56739,South Lido Park,0,Background
2018-10-01,27.26518,-82.5531,Siesta Beach,0,Background
2018-10-01,27.21843,-82.51711,Turtle Beach,122000,Medium
2018-10-01,27.12332,-82.47122,Nokomis Beach,0,Background
2018-10-01,27.11382,-82.46883,North Jetty,154000,Medium
2018-10-01,27.10034,-82.46089,Venice Beach,268000,Medium
2018-10-01,27.07827,-82.45286,Service Club Park,0,Background
2018-10-01,27.0735,-82.4515,Venice Fishing Pier; N of,0,Background
2018-10-01,27.06631,-82.448,Brohard Beach,0,Background
2018-10-01,27.05703,-82.4436,Caspersen Beach,0,Background
2018-10-01,27.01031,-82.41312,Manasota Beach,6000,Very low
2018-10-01,26.96324,-82.38565,Blind Pass Beach,16000,Low
2018-10-01,27.3316,-82.5779,Bay Dock (Sarasota Bay),84000,Low
2018-10-01,27.33375,-82.57938,New Pass Dock (Sarasota Bay),72000,Low
2018-10-01,27.51477,-82.68395,Mead Point (Lower Tampa Bay),2000,Very low
2018-10-01,27.529833,-82.704,School Key; NE of (Lower Tampa Bay),13000,Low
2018-10-01,27.59275,-82.629067,South Skyway Causeway; NE end of (Lower Tampa Bay),0,Background
2018-10-01,27.587433,-82.61895,South Skyway Rest Area; NW of (Lower Tampa Bay),0,Background
2018-10-01,27.632617,-82.5782,Little Redfish Creek; 1.1 mi NW of (Lower Tampa Bay),3333,Very low
2018-10-01,27.595514,-82.5912,Joe Island; N of (Lower Tampa Bay),0,Background
2018-10-01,26.816167,-82.2805,Gasparilla Pass,4333,Very low
2018-10-01,26.7117,-82.2583,Boca Grande Pass,1777,Very low
2018-10-01,26.74065,-82.2145,Cayo Pelau; 2 mi S of (Charlotte Harbor),0,Background
2018-10-01,26.786021,-82.223062,Cayo Pelau; N of (Gasparilla Sound),0,Background
2018-10-01,26.782417,-82.209383,Bull Key; NW of (Bull Bay),0,Background
2018-10-01,26.798,-82.231,Sandfly Key; NE of (Gasparilla Sound),2333,Very low
2018-10-01,26.8164,-82.2526,Catfish Creek; mouth of (Gasparilla Sound),667,Background
2018-10-01,26.30481,-81.8362,Barefoot Beach State Preserve,0,Background
2018-10-01,26.25375,-81.82377,Vanderbilt Beach,0,Background
2018-10-01,26.2073,-81.8169,Seagate,0,Background
2018-10-01,26.13163,-81.8063,Naples Pier,0,Background
2018-10-01,25.91165,-81.72805,South Marco Beach,0,Background
2018-10-02,27.3316,-82.5779,Bay Dock (Sarasota Bay),34000,Low
2018-10-02,27.33375,-82.57938,New Pass Dock (Sarasota Bay),62000,Low
2018-09-27,26.411064,-81.982467,Sanibel Beach; 3.4 mi SE of,1704156,High (closure)
2018-09-27,26.411064,-81.982467,Sanibel Beach; 3.4 mi SE of,6000,Very low
2018-09-27,26.283689,-82.180358,Delnor-Wiggins Pass State Park; 22 mi W of,50333,Low
2018-09-27,26.283689,-82.180358,Delnor-Wiggins Pass State Park; 22 mi W of,0,Background
2018-09-27,26.35855,-82.071758,Sanibel Island; 4.4 mi S of,6283858,High (closure)
2018-09-27,26.35855,-82.071758,Sanibel Island; 4.4 mi S of,1886161,High (closure)
2018-09-05,26.91104,-82.09652,Ponce De Leon Park (Charlotte Harbor),0,Background
2018-09-05,26.91179,-82.08594,Don Quixote Drive; canal N of,0,Background
2018-09-06,27.4003,-82.6515,Atlas Street; W of,1333,Very low
2018-09-06,27.3225,-82.5803,St. Armands Key; N of (Pansy Bayou),12667,Low
2018-09-06,27.3324,-82.5462,Marina Jack (Sarasota Bay),667,Background
2018-09-06,27.1006,-82.4601,Venice Beach,8667,Very low
2018-09-06,27.0725,-82.451,Sharkys Beach,56000,Low
2018-09-07,27.3316,-82.5779,Bay Dock (Sarasota Bay),112000,Medium
2018-09-07,27.33375,-82.57938,New Pass Dock (Sarasota Bay),418000,Medium
2018-09-05,26.6092,-82.221,Captiva Pass,1149339,High (closure)
2018-09-05,26.59925,-82.18463,Captiva Rocks; SW of (Pine Island Sound),2568500,High (closure)
2018-09-05,26.5535,-82.1963,Redfish Pass (Pine Island Sound),355439,Medium
2018-09-05,26.560417,-82.170817,Redfish Pass; 1.8 mi E of (Pine Island Sound),34667,Low
2018-09-05,26.5767,-82.1347,Cork Island; W of (Pine Island Sound),194333,Medium
2018-09-05,26.5902,-82.1561,Hemp Key; S of (Pine Island Sound),163667,Medium
2018-09-10,27.3316,-82.5779,Bay Dock (Sarasota Bay),3520000,High (closure)
2018-09-10,27.33375,-82.57938,New Pass Dock (Sarasota Bay),5360000,High (closure)
2018-09-07,26.091328,-81.805584,Gordon Pass; W of,0,Background
2018-09-07,25.984433,-81.748035,Sea Oat Island,0,Background
2018-09-10,27.6055,-82.6508,Skyway Fishing Pier; South (Lower Tampa Bay),2000,Very low
2018-09-10,27.58512,-82.61482,Fletcher Point (Lower Tampa Bay),0,Background
2018-09-10,27.4959,-82.6522,Palma Sola Bay Bridge,84838,Low
2018-09-10,27.44602,-82.68798,Longboat Pass Boat Ramp (Sarasota Bay),3686705,High (closure)
2018-09-10,27.5385,-82.7402,Anna Maria Island Rod & Reel Pier (Lower Tampa Bay),4459850,High (closure)
2018-09-10,27.462008,-82.699053,Cortez Beach,1033289,High (closure)
2018-09-10,27.6133,-82.7391,Mullet Key; Gulf Pier,630017,Medium
2018-09-10,27.37317,-82.63202,Longboat Key Beach,8720000,High (closure)
2018-09-10,27.32682,-82.56244,Ringling Causeway,202000,Medium
2018-09-10,27.31561,-82.58171,North Lido Beach,1906000,High (closure)
2018-09-10,27.311,-82.57718,Lido Beach Casino,1214000,High (closure)
2018-09-10,27.29818,-82.56739,South Lido Park,432000,Medium
2018-09-10,27.26518,-82.5531,Siesta Beach,1098000,High (closure)
2018-09-10,27.21843,-82.51711,Turtle Beach,3920000,High (closure)
2018-09-10,27.12332,-82.47122,Nokomis Beach,528000,Medium
2018-09-10,27.11382,-82.46883,North Jetty,354000,Medium
2018-09-10,27.10034,-82.46089,Venice Beach,10560000,High (closure)
2018-09-10,27.07827,-82.45286,Service Club Park,5120000,High (closure)
2018-09-10,27.0735,-82.4515,Venice Fishing Pier; N of,10000,Low
2018-09-10,27.06631,-82.448,Brohard Beach,30000,Low
2018-09-10,27.05703,-82.4436,Caspersen Beach,5920000,High (closure)
2018-09-10,27.01031,-82.41312,Manasota Beach,36160000,High (closure)
2018-09-10,26.96324,-82.38565,Blind Pass Beach,830000,Medium
2018-09-10,26.816167,-82.2805,Gasparilla Pass,250572,Medium
2018-09-10,26.7117,-82.2583,Boca Grande Pass,1189020,High (closure)
2018-09-10,26.74065,-82.2145,Cayo Pelau; 2 mi S of (Charlotte Harbor),306432,Medium
2018-09-10,26.786021,-82.223062,Cayo Pelau; N of (Gasparilla Sound),0,Background
2018-09-10,26.782417,-82.209383,Bull Key; NW of (Bull Bay),0,Background
2018-09-10,26.798,-82.231,Sandfly Key; NE of (Gasparilla Sound),0,Background
2018-09-10,26.8164,-82.2526,Catfish Creek; mouth of (Gasparilla Sound),161893,Medium
2018-08-14,27.51477,-82.68395,Mead Point (Lower Tampa Bay),0,Background
2018-08-14,27.529833,-82.704,School Key; NE of (Lower Tampa Bay),34000,Low
2018-08-14,27.59275,-82.629067,South Skyway Causeway; NE end of (Lower Tampa Bay),0,Background
2018-08-14,27.587433,-82.61895,South Skyway Rest Area; NW of (Lower Tampa Bay),0,Background
2018-08-14,27.632617,-82.5782,Little Redfish Creek; 1.1 mi NW of (Lower Tampa Bay),0,Background
2018-08-14,27.595514,-82.5912,Joe Island; N of (Lower Tampa Bay),0,Background
2018-08-13,27.29879,-82.55985,N Shell Road; W of (Big Sarasota Pass),1321492,High (closure)
2018-08-14,27.376852,-82.564052,Sapphire Shores Park (Sarasota Bay),258552,Medium
2018-08-14,26.6678,-82.0946,Ben Coleman Keys (Matlacha Pass),0,Background
2018-08-14,26.5627,-82.0704,Deer Stop Keys; SW of (Matlacha Pass),0,Background
2018-08-14,26.625,-82.0742,Porpoise Point Island; SW of (Matlacha Pass),0,Background
2018-08-05,26.459094,-82.157582,Bowman's Beach,1614620,High (closure)
2018-08-05,26.465505,-82.030351,Causeway Islands Park,119667,Medium
2018-08-14,26.527117,-81.956,Peppertree Point; NW of (Caloosahatchee River),0,Background
2018-08-14,26.513833,-81.97915,Iona Point; SW of (Iona Cove),0,Background
2018-08-14,26.513167,-82.032917,Bird Island; N of (Caloosahatchee River),0,Background
2018-08-14,26.4961,-82.005683,Punta Rassa Cove,0,Background
2018-08-15,27.418517,-82.568167,Magellan Way; N of (Bowlees Creek),0,Background
2018-10-11,26.92467,-82.36189,Englewood Beach,0,Background
2018-10-11,26.80562,-82.27415,Boca Grande Pier (Gasparilla Sound),0,Background
2018-10-12,27.3316,-82.5779,Bay Dock (Sarasota Bay),2000,Very low
2018-10-12,27.33375,-82.57938,New Pass Dock (Sarasota Bay),307000,Medium
2018-10-12,25.990024,-81.748821,Sea Oat Island; N of,4333,Very low
2018-10-12,26.09293,-81.800754,Gordon Pass,0,Background
2018-10-31,27.654297,-82.671951,North Skyway Park; E of (Lower Tampa Bay),1274261,High (closure)
2018-11-01,26.30481,-81.8362,Barefoot Beach State Preserve,0,Background
2018-11-01,26.25375,-81.82377,Vanderbilt Beach,0,Background
2018-11-01,26.2073,-81.8169,Seagate,0,Background
2018-11-01,26.13163,-81.8063,Naples Pier,0,Background
2018-11-01,25.91165,-81.72805,South Marco Beach,0,Background
2018-10-31,26.279057,-81.847125,Delnor-Wiggins Pass State Park; 1.1 mi W of,3667,Very low
2018-10-30,26.3299,-81.8282,1st Street; canal N of,0,Background
2018-11-01,26.92467,-82.36189,Englewood Beach,728840,Medium
2018-11-01,26.80562,-82.27415,Boca Grande Pier (Gasparilla Sound),11803609,High (closure)
2018-11-02,27.3316,-82.5779,Bay Dock (Sarasota Bay),1916000,High (closure)
2018-11-02,27.33375,-82.57938,New Pass Dock (Sarasota Bay),676000,Medium
2018-12-05,27.28378,-82.5474,Philippe Creek; N of (Roberts Bay; Sarasota),4000,Very low
2018-12-05,27.27005,-82.54504,Philippe Creek; Canal W of,0,Background
2018-12-05,27.25612,-82.53564,Stickney Point Bridge; Canal NW of,0,Background
2018-12-05,27.25038,-82.52899,Stickney Point Bridge; SE of (Little Sarasota Bay),0,Background
2018-12-05,27.23552,-82.52132,Coral Cove; S of (Little Sarasota Bay),0,Background
2018-12-05,27.23039,-82.50961,Blind Pass; NE of (Little Sarasota Bay),2500,Very low
2018-12-05,27.20594,-82.50431,Bird Keys; S of (Little Sarasota Bay),3000,Very low
2018-12-05,27.19762,-82.49727,Spanish Point; S of (Little Sarasota Bay),2000,Very low
2018-12-05,27.18353,-82.49713,Blackburn Point Road; N of (Little Sarasota Bay),1000,Very low
2018-12-05,27.16986,-82.48801,Dryman Bay (ICW),36000,Low
2018-12-05,27.16442,-82.48579,Blackburn Bay; N of (ICW),37500,Low
2018-12-05,27.15243,-82.4785,Mid-Blackburn Bay (ICW),58500,Low
2018-12-05,27.14054,-82.47178,Southern Blackburn Bay,73000,Low
2018-12-05,27.13274,-82.46941,Albee Road Bridge; N of (Blackburn Bay),69000,Low
2018-12-05,27.13274,-82.46941,Albee Road Bridge; N of (Blackburn Bay),109000,Medium
2018-12-05,27.04021,-82.42914,Alligator Creek; S of (ICW),0,Background
2018-12-05,27.01767,-82.41496,Manasota Beach Bridge; NW of (ICW),0,Background
2018-12-05,26.99658,-82.40285,Forked Creek; NW of (Lemon Bay),0,Background
2018-12-05,26.98155,-82.38897,Leachs Key; N of (Lemon Bay),0,Background
2018-12-05,26.95008,-82.36454,Indian Mound Park; S of (Lemon Bay),0,Background
2018-12-05,26.95008,-82.36454,Indian Mound Park; S of (Lemon Bay),0,Background
2018-12-05,27.12,-82.4645,Lyons Bay,64000,Low
2018-12-05,27.1154,-82.4534,Dona Bay,132000,Medium
2018-12-05,27.1226,-82.4686,Albee Road Bridge; S of (ICW),50000,Low
2018-12-05,27.112,-82.4502,Roberts Bay; Venice,20000,Low
2018-12-05,27.0871,-82.4319,Venice Municiple Airport; N of (ICW),98000,Low
2018-12-11,27.51477,-82.68395,Mead Point (Lower Tampa Bay),0,Background
2018-12-11,27.529833,-82.704,School Key; NE of (Lower Tampa Bay),0,Background
2018-12-11,27.59275,-82.629067,South Skyway Causeway; NE end of (Lower Tampa Bay),0,Background
2018-12-11,27.587433,-82.61895,South Skyway Rest Area; NW of (Lower Tampa Bay),0,Background
2018-12-11,27.632617,-82.5782,Little Redfish Creek; 1.1 mi NW of (Lower Tampa Bay),0,Background
2018-12-11,27.595514,-82.5912,Joe Island; N of (Lower Tampa Bay),0,Background
2018-12-11,26.6678,-82.0946,Ben Coleman Keys (Matlacha Pass),667,Background
2018-12-11,26.5627,-82.0704,Deer Stop Keys; SW of (Matlacha Pass),0,Background
2018-12-11,26.625,-82.0742,Porpoise Point Island; SW of (Matlacha Pass),0,Background
2018-12-12,26.816167,-82.2805,Gasparilla Pass,0,Background
2018-12-12,26.7117,-82.2583,Boca Grande Pass,333,Background
2018-12-12,26.74065,-82.2145,Cayo Pelau; 2 mi S of (Charlotte Harbor),0,Background
2018-12-12,26.786021,-82.223062,Cayo Pelau; N of (Gasparilla Sound),0,Background
2018-12-12,26.782417,-82.209383,Bull Key; NW of (Bull Bay),0,Background
2018-12-12,26.798,-82.231,Sandfly Key; NE of (Gasparilla Sound),0,Background
2018-12-12,26.8164,-82.2526,Catfish Creek; mouth of (Gasparilla Sound),0,Background
2018-12-12,26.5857,-82.0645,McCardle Island; SW of (Matlacha Pass),0,Background
2018-12-12,26.500278,-82.0475,Merwin Key; W of (San Carlos Bay),0,Background
2018-12-12,26.7003,-82.1208,Jug Creek Point; E of (Matlacha Pass),0,Background
2018-12-12,26.5264,-82.1945,Alison Hagerup Beach Park,0,Background
2018-12-12,26.4217,-82.0801,Tarpon Bay Road Beach,0,Background
2018-12-12,26.45157,-82.01543,Lighthouse Beach,0,Background
2018-12-12,26.45398,-81.95776,Lynn Hall Park,0,Background
2018-12-12,26.3901,-81.8795,Lovers Key State Park,0,Background
2018-12-12,26.33105,-81.84574,Bonita Beach Park,0,Background
2018-12-12,26.92467,-82.36189,Englewood Beach,0,Background
2018-12-12,26.80562,-82.27415,Boca Grande Pier (Gasparilla Sound),1667,Very low
2018-12-12,26.916017,-82.341567,Whidden Key; N of (Lemon Bay),1000,Very low
2018-12-12,26.90695,-82.3699,Manasota Key; 1 mi SW of,0,Background
2018-12-12,26.889033,-82.3469,Stump Pass; SW of,3667,Very low
2018-10-01,26.9092,-82.0953,Punta Gorda Boat Ramp (Charlotte Harbor),0,Background
2018-10-01,26.7614,-82.0611,Burnt Store Marina (Charlotte Harbor),0,Background
2018-10-01,26.4577,-81.9532,Matanzas Pass (Estero Bay),303333,Medium
2018-10-01,26.4294,-81.858,Estero River; mouth of (Estero Bay),0,Background
2018-10-01,26.3936,-81.8655,Carl Johnson Park Boat Ramp (Estero Bay),0,Background
2018-10-01,26.3584,-81.8375,Pelican Bay Nature Park Pier (Estero Bay),0,Background
2018-10-01,26.4287,-81.8832,Coon Key; N of (Estero Bay),2667,Very low
2018-10-01,26.4462,-81.9272,Mound House Dock (Estero Bay),138333,Medium
2018-10-01,26.43861,-81.84,Estero River; upstream,0,Background
2018-10-01,27.123788,-82.47158,Nokomis Beach,0,Background
2018-10-01,27.099767,-82.460977,Venice Beach,4375780,High (closure)
2018-09-29,27.3122,-82.5782,Lido Key Beach,1073310,High (closure)
2018-09-29,27.346,-82.5486,Centennial Park Boat Ramp (Sarasota Bay),5667,Very low
2018-09-30,26.883333,-82.333333,Knight Island; W of,29000,Low
2018-09-30,26.9,-82.366667,Stump Pass Beach State Park; 1.1 mi SW of,52667,Low
2018-10-01,27.0782,-82.4529,Service Club Park; W of,0,Background
2018-09-29,26.092165,-81.80283,Gordon Pass,2333,Very low
2018-10-02,26.5857,-82.0645,McCardle Island; SW of (Matlacha Pass),0,Background
2018-10-02,26.500278,-82.0475,Merwin Key; W of (San Carlos Bay),0,Background
2018-10-02,26.7003,-82.1208,Jug Creek Point; E of (Matlacha Pass),0,Background
2018-10-02,26.7117,-82.2583,Boca Grande Pass,0,Background
2018-10-02,26.6798,-82.2196,Mondongo Island; W of (Pine Island Sound),333,Background
2018-10-02,26.6092,-82.221,Captiva Pass,0,Background
2018-10-02,26.59925,-82.18463,Captiva Rocks; SW of (Pine Island Sound),0,Background
2018-10-02,26.5535,-82.1963,Redfish Pass (Pine Island Sound),0,Background
2018-10-02,26.560417,-82.170817,Redfish Pass; 1.8 mi E of (Pine Island Sound),1333,Very low
2018-10-02,26.532117,-82.15667,Buck Key; 1.9 mi NE of (Pine Island Sound),1667,Very low
2018-10-02,26.488,-82.1815,Buck Key; S of (Blind Pass),0,Background
2018-10-02,26.4887,-82.1073,York Island; W of (Pine Island Sound),8444,Very low
2018-10-02,26.538,-82.1257,Regla Island; W of (Pine Island Sound),0,Background
2018-10-02,26.53618,-82.14646,Regla Island; 1.4 mi W of (Pine Island Sound),0,Background
2018-10-02,26.5767,-82.1347,Cork Island; W of (Pine Island Sound),0,Background
2018-10-02,26.5902,-82.1561,Hemp Key; S of (Pine Island Sound),0,Background
2018-10-02,26.705,-82.1837,Little Bokeelia Island; N of (Charlotte Harbor),0,Background
2018-09-10,27.51477,-82.68395,Mead Point (Lower Tampa Bay),333,Background
2018-09-10,27.529833,-82.704,School Key; NE of (Lower Tampa Bay),284088,Medium
2018-09-10,27.59275,-82.629067,South Skyway Causeway; NE end of (Lower Tampa Bay),0,Background
2018-09-10,27.587433,-82.61895,South Skyway Rest Area; NW of (Lower Tampa Bay),0,Background
2018-09-10,27.632617,-82.5782,Little Redfish Creek; 1.1 mi NW of (Lower Tampa Bay),1000,Very low
2018-09-10,27.595514,-82.5912,Joe Island; N of (Lower Tampa Bay),0,Background
2018-09-10,25.9733,-81.7275,Lee Avenue; docks NE of (Big Marco Pass),0,Background
2018-09-10,25.9124,-81.7171,Caxambas Park,0,Background
2018-09-10,25.9334,-81.6496,Goodland Bridge,0,Background
2018-09-10,25.9804,-81.7029,951 Boat Ramp (Big Marco Pass),0,Background
2018-09-10,26.30481,-81.8362,Barefoot Beach State Preserve,0,Background
2018-09-10,26.25375,-81.82377,Vanderbilt Beach,0,Background
2018-09-10,26.2073,-81.8169,Seagate,0,Background
2018-09-10,26.13163,-81.8063,Naples Pier,0,Background
2018-09-10,25.91165,-81.72805,South Marco Beach,0,Background
2018-09-11,27.3316,-82.5779,Bay Dock (Sarasota Bay),10560000,High (closure)
2018-09-11,27.33375,-82.57938,New Pass Dock (Sarasota Bay),2894000,High (closure)
2018-09-10,26.8558,-82.3028,Don Pedro Island Park Kayak Launch (Placida Harbor),0,Background
2018-09-09,26.705278,-82.275,Boca Grande Pass; 1.3 mi SW of,779380,Medium
2018-09-09,26.697222,-82.296944,Cayo Costa State Park; 2.5 mi W of,535527,Medium
2018-09-08,26.923287,-82.36125,Englewood Beach,103667,Medium
2018-09-08,26.832426,-82.264583,Fishery Road; W of (Gasparilla Sound),0,Background
2018-09-09,27.038652,-82.430574,South Venice Beach,3204423,High (closure)
2018-09-08,27.314463,-82.58155,Lido Beach,41333,Low
2018-09-08,27.335166,-82.547781,Marina Jack,101333,Medium
2018-09-11,26.77663,-82.3505,Gasparilla Pass; 4.7 mi SW of,17333,Low
2018-09-11,26.77663,-82.3505,Gasparilla Pass; 4.7 mi SW of,26333,Low
2018-09-11,26.77663,-82.3505,Gasparilla Pass; 4.7 mi SW of,2333,Very low
2018-09-11,26.74052,-82.4193,Boca Grande; 9.6 mi W of,1125243,High (closure)
2018-09-11,26.74052,-82.4193,Boca Grande; 9.6 mi W of,55333,Low
2018-09-11,26.74052,-82.4193,Boca Grande; 9.6 mi W of,89667,Low
2018-09-11,26.66774,-82.5594,Cayo Costa; 19 mi W of,61333,Low
2018-10-12,26.928333,-82.063611,Maude Street; E of (Charlotte Harbor),0,Background
2018-10-15,27.3316,-82.5779,Bay Dock (Sarasota Bay),335000,Medium
2018-10-15,27.33375,-82.57938,New Pass Dock (Sarasota Bay),1843000,High (closure)
2018-10-15,27.6133,-82.7391,Mullet Key; Gulf Pier,32333,Low
2018-10-15,27.6055,-82.6508,Skyway Fishing Pier; South (Lower Tampa Bay),2667,Very low
2018-10-15,27.58512,-82.61482,Fletcher Point (Lower Tampa Bay),2333,Very low
2018-10-15,27.4959,-82.6522,Palma Sola Bay Bridge,0,Background
2018-10-15,27.44602,-82.68798,Longboat Pass Boat Ramp (Sarasota Bay),18000,Low
2018-10-15,27.5385,-82.7402,Anna Maria Island Rod & Reel Pier (Lower Tampa Bay),3000,Very low
2018-10-15,27.459565,-82.69827,Cortez Beach,11333,Low
2018-10-15,27.37317,-82.63202,Longboat Key Beach,500,Background
2018-10-15,27.32682,-82.56244,Ringling Causeway,2000,Very low
2018-10-15,27.31561,-82.58171,North Lido Beach,1000,Very low
2018-10-15,27.311,-82.57718,Lido Beach Casino,2000,Very low
2018-10-15,27.29818,-82.56739,South Lido Park,33500,Low
2018-10-15,27.26518,-82.5531,Siesta Beach,2500,Very low
2018-10-15,27.21843,-82.51711,Turtle Beach,1500,Very low
2018-10-15,27.12332,-82.47122,Nokomis Beach,1000,Very low
2018-10-15,27.11382,-82.46883,North Jetty,1000,Very low
2018-10-15,27.10034,-82.46089,Venice Beach,0,Background
2018-10-15,27.07827,-82.45286,Service Club Park,0,Background
2018-10-15,27.0735,-82.4515,Venice Fishing Pier; N of,0,Background
2018-10-15,27.06631,-82.448,Brohard Beach,0,Background
2018-10-15,27.05703,-82.4436,Caspersen Beach,0,Background
2018-10-15,27.01031,-82.41312,Manasota Beach,0,Background
2018-10-15,26.96324,-82.38565,Blind Pass Beach,3000,Very low
2018-10-15,26.538,-82.1257,Regla Island; W of (Pine Island Sound),0,Background
2018-10-15,26.53618,-82.14646,Regla Island; 1.4 mi W of (Pine Island Sound),0,Background
2018-10-15,26.5767,-82.1347,Cork Island; W of (Pine Island Sound),0,Background
2018-10-15,26.5902,-82.1561,Hemp Key; S of (Pine Island Sound),0,Background
2018-10-15,26.560417,-82.170817,Redfish Pass; 1.8 mi E of (Pine Island Sound),0,Background
2018-10-15,26.532117,-82.15667,Buck Key; 1.9 mi NE of (Pine Island Sound),0,Background
2018-10-15,26.59925,-82.18463,Captiva Rocks; SW of (Pine Island Sound),0,Background
2018-10-15,26.816167,-82.2805,Gasparilla Pass,0,Background
2018-10-15,26.7117,-82.2583,Boca Grande Pass,0,Background
2018-10-15,26.74065,-82.2145,Cayo Pelau; 2 mi S of (Charlotte Harbor),0,Background
2018-10-15,26.786021,-82.223062,Cayo Pelau; N of (Gasparilla Sound),0,Background
2018-10-15,26.782417,-82.209383,Bull Key; NW of (Bull Bay),0,Background
2018-10-15,26.798,-82.231,Sandfly Key; NE of (Gasparilla Sound),0,Background
2018-10-15,26.8164,-82.2526,Catfish Creek; mouth of (Gasparilla Sound),0,Background
2018-10-15,26.30481,-81.8362,Barefoot Beach State Preserve,2000,Very low
2018-10-15,26.25375,-81.82377,Vanderbilt Beach,0,Background
2018-10-15,26.2073,-81.8169,Seagate,0,Background
2018-10-15,26.13163,-81.8063,Naples Pier,333,Background
2018-11-03,27.0992,-82.4607,Granada Ave; W of,784700,Medium
2018-11-03,27.0783,-82.4531,Service Club Park,666772,Medium
2018-11-02,26.0926,-81.7987,Gordon Pass,3000,Very low
2018-11-05,27.3316,-82.5779,Bay Dock (Sarasota Bay),27100000,High (closure)
2018-11-05,27.33375,-82.57938,New Pass Dock (Sarasota Bay),8700000,High (closure)
2018-11-02,25.9865,-81.7483,Keewaydin Island; S of,1667,Very low
2018-10-31,26.64875,-82.519067,Cayo Costa; 17 mi W of,99669,Low
2018-10-31,26.702033,-82.3452,Cayo Costa; 5.5 mi W of,179333,Medium
2018-10-31,26.683833,-82.403267,Cayo Costa; 8.7 mi W of,159333,Medium
2018-11-05,27.37317,-82.63202,Longboat Key Beach,8000,Very low
2018-11-05,27.32682,-82.56244,Ringling Causeway,8000,Very low
2018-11-05,27.31561,-82.58171,North Lido Beach,408000,Medium
2018-11-05,27.311,-82.57718,Lido Beach Casino,284000,Medium
2018-11-05,27.29818,-82.56739,South Lido Park,300000,Medium
2018-11-05,27.26518,-82.5531,Siesta Beach,444000,Medium
2018-11-05,27.21843,-82.51711,Turtle Beach,200000,Medium
2018-11-05,27.12332,-82.47122,Nokomis Beach,4000,Very low
2018-11-05,27.11382,-82.46883,North Jetty,186000,Medium
2018-11-05,27.10034,-82.46089,Venice Beach,86000,Low
2018-11-05,27.07827,-82.45286,Service Club Park,28000,Low
2018-11-05,27.0735,-82.4515,Venice Fishing Pier; N of,20000,Low
2018-11-05,27.06631,-82.448,Brohard Beach,228000,Medium
2018-11-05,27.05703,-82.4436,Caspersen Beach,2312000,High (closure)
2018-11-05,27.01031,-82.41312,Manasota Beach,504000,Medium
2018-11-05,26.96324,-82.38565,Blind Pass Beach,960000,Medium
2018-11-05,27.6133,-82.7391,Mullet Key; Gulf Pier,3923465,High (closure)
2018-11-05,27.6055,-82.6508,Skyway Fishing Pier; South (Lower Tampa Bay),70043,Low
2018-11-05,27.58512,-82.61482,Fletcher Point (Lower Tampa Bay),0,Background
2018-11-05,27.4959,-82.6522,Palma Sola Bay Bridge,0,Background
2018-11-05,27.44602,-82.68798,Longboat Pass Boat Ramp (Sarasota Bay),1091122,High (closure)
2018-11-05,27.5385,-82.7402,Anna Maria Island Rod & Reel Pier (Lower Tampa Bay),158078,Medium
2018-11-05,27.4621,-82.6992,Cortez Beach,211505,Medium
2018-11-05,26.7117,-82.2583,Boca Grande Pass,18000,Low
2018-11-05,26.6798,-82.2196,Mondongo Island; W of (Pine Island Sound),9333,Very low
2018-11-05,26.6092,-82.221,Captiva Pass,169000,Medium
2018-11-05,26.59925,-82.18463,Captiva Rocks; SW of (Pine Island Sound),3000,Very low
2018-11-05,26.5535,-82.1963,Redfish Pass (Pine Island Sound),10667,Low
2018-11-05,26.560417,-82.170817,Redfish Pass; 1.8 mi E of (Pine Island Sound),32667,Low
2018-11-05,26.532117,-82.15667,Buck Key; 1.9 mi NE of (Pine Island Sound),0,Background
2018-11-05,26.488,-82.1815,Buck Key; S of (Blind Pass),0,Background
2018-11-05,26.4887,-82.1073,York Island; W of (Pine Island Sound),0,Background
2018-11-05,26.538,-82.1257,Regla Island; W of (Pine Island Sound),0,Background
2018-11-05,26.5767,-82.1347,Cork Island; W of (Pine Island Sound),667,Background
2018-11-05,26.5902,-82.1561,Hemp Key; S of (Pine Island Sound),8667,Very low
2018-11-05,26.705,-82.1837,Little Bokeelia Island; N of (Charlotte Harbor),1000,Very low
2018-11-05,27.51477,-82.68395,Mead Point (Lower Tampa Bay),0,Background
2018-11-05,27.529833,-82.704,School Key; NE of (Lower Tampa Bay),544236,Medium
2018-11-05,27.59275,-82.629067,South Skyway Causeway; NE end of (Lower Tampa Bay),0,Background
2018-11-05,27.587433,-82.61895,South Skyway Rest Area; NW of (Lower Tampa Bay),0,Background
2018-11-05,27.632617,-82.5782,Little Redfish Creek; 1.1 mi NW of (Lower Tampa Bay),333,Background
2018-11-05,27.595514,-82.5912,Joe Island; N of (Lower Tampa Bay),1333,Very low
2018-11-05,26.5857,-82.0645,McCardle Island; SW of (Matlacha Pass),0,Background
2018-11-05,26.500278,-82.0475,Merwin Key; W of (San Carlos Bay),0,Background
2018-11-05,26.7003,-82.1208,Jug Creek Point; E of (Matlacha Pass),0,Background
2018-11-05,26.30481,-81.8362,Barefoot Beach State Preserve,0,Background
2018-11-05,26.25375,-81.82377,Vanderbilt Beach,0,Background
2018-11-05,26.2073,-81.8169,Seagate,0,Background
2018-11-05,26.13163,-81.8063,Naples Pier,0,Background
2018-11-05,25.91165,-81.72805,South Marco Beach,0,Background
2018-11-05,25.9733,-81.7275,Lee Avenue; docks NE of (Big Marco Pass),0,Background
2018-11-05,25.9124,-81.7171,Caxambas Park,0,Background
2018-11-05,25.9334,-81.6496,Goodland Bridge,0,Background
2018-11-05,25.9804,-81.7029,951 Boat Ramp (Big Marco Pass),0,Background
2018-11-06,27.3316,-82.5779,Bay Dock (Sarasota Bay),13300000,High (closure)
2018-11-06,27.33375,-82.57938,New Pass Dock (Sarasota Bay),6300000,High (closure)
2018-10-02,27.4003,-82.6515,Atlas Street; W of,1434728,High (closure)
2018-10-02,27.3225,-82.5803,St. Armands Key; N of (Pansy Bayou),14333,Low
2018-10-02,27.3324,-82.5462,Marina Jack (Sarasota Bay),0,Background
2018-10-02,27.0117,-82.4139,Manasota Beach,0,Background
2018-10-02,27.0669,-82.4487,Brohard Beach,0,Background
2018-10-03,26.8385,-82.2795,Garfield Court; SW of (Placida Harbor),0,Background
2018-10-03,26.9307,-82.3498,Tom Adams Bridge; S of (Lemon Bay),0,Background
2018-10-03,26.898667,-82.339333,Stump Pass (Lemon Bay),0,Background
2018-10-03,26.816167,-82.2805,Gasparilla Pass,0,Background
2018-10-03,26.96324,-82.3747,Blind Pass Beach; E of (Lemon Bay),0,Background
2018-10-03,27.33717,-82.58067,Quick Point (New Pass),11000,Low
2018-10-03,27.443167,-82.688,Longboat Pass (Sarasota Bay),59333,Low
2018-10-03,27.438,-82.6435,Coon Key; S of (Sarasota Bay),8667,Very low
2018-12-13,26.644244,-82.046127,Joe Stonis Park; canal N of,0,Background
2018-12-13,26.30481,-81.8362,Barefoot Beach State Preserve,0,Background
2018-12-13,26.25375,-81.82377,Vanderbilt Beach,0,Background
2018-12-13,26.2073,-81.8169,Seagate,0,Background
2018-12-13,26.13163,-81.8063,Naples Pier,0,Background
2018-12-13,25.91165,-81.72805,South Marco Beach,0,Background
2018-12-13,27.0575,-82.4439,Casperson Beach,0,Background
2018-12-13,27.0781,-82.4531,Service Club Park,0,Background
2018-12-13,27.496741,-82.656501,Palma Sola Bay Bridge; E of,3462998,High (closure)
2018-12-14,25.973417,-81.775667,Coconut Island; 1.9 mi W of,1000,Very low
2018-12-14,25.97535,-81.757317,Sea Oat Island; SW of,0,Background
2018-12-14,26.055383,-81.779217,Keewaydin Island; E of (Dollar Bay),0,Background
2018-12-14,26.093279,-81.798457,Gordon Pass,0,Background
2018-12-14,25.99033,-81.748819,Sea Oat Island; N of (Hurricane Pass),333,Background
2018-12-12,27.3316,-82.5779,Bay Dock (Sarasota Bay),0,Background
2018-12-12,27.33375,-82.57938,New Pass Dock (Sarasota Bay),0,Background
2018-12-13,27.3316,-82.5779,Bay Dock (Sarasota Bay),0,Background
2018-12-13,27.33375,-82.57938,New Pass Dock (Sarasota Bay),0,Background
2018-12-17,27.3316,-82.5779,Bay Dock (Sarasota Bay),0,Background
2018-12-17,27.33375,-82.57938,New Pass Dock (Sarasota Bay),0,Background
2018-12-17,27.6133,-82.7391,Mullet Key; Gulf Pier,0,Background
2018-12-17,27.6055,-82.6508,Skyway Fishing Pier; South (Lower Tampa Bay),0,Background
2018-12-17,27.58512,-82.61482,Fletcher Point (Lower Tampa Bay),0,Background
2018-12-17,27.4959,-82.6522,Palma Sola Bay Bridge,164333,Medium
2018-12-17,27.44602,-82.68798,Longboat Pass Boat Ramp (Sarasota Bay),3333,Very low
2018-12-17,27.5385,-82.7402,Anna Maria Island Rod & Reel Pier (Lower Tampa Bay),0,Background
2018-12-17,27.4621,-82.6992,Cortez Beach,0,Background
2018-12-17,27.692933,-82.66845,Skyway Fishing Pier; E of (Tampa Bay),0,Background
2018-12-17,27.685267,-82.63735,Bay Vista; 1.3 mi S of (Tampa Bay),0,Background
2018-12-17,26.538,-82.1257,Regla Island; W of (Pine Island Sound),0,Background
2018-12-17,26.5767,-82.1347,Cork Island; W of (Pine Island Sound),0,Background
2018-12-17,26.5902,-82.1561,Hemp Key; S of (Pine Island Sound),0,Background
2018-12-17,26.560417,-82.170817,Redfish Pass; 1.8 mi E of (Pine Island Sound),0,Background
2018-12-17,26.532117,-82.15667,Buck Key; 1.9 mi NE of (Pine Island Sound),0,Background
2018-12-17,26.59925,-82.18463,Captiva Rocks; SW of (Pine Island Sound),0,Background
2018-12-17,26.5857,-82.0645,McCardle Island; SW of (Matlacha Pass),0,Background
2018-12-17,26.500278,-82.0475,Merwin Key; W of (San Carlos Bay),0,Background
2018-09-11,26.66774,-82.5594,Cayo Costa; 19 mi W of,37333,Low
2018-09-11,26.66774,-82.5594,Cayo Costa; 19 mi W of,205467,Medium
2018-09-11,26.59358,-82.69738,Captiva Pass; 29 mi W of,1000,Very low
2018-09-11,26.59358,-82.69738,Captiva Pass; 29 mi W of,0,Background
2018-09-11,26.59358,-82.69738,Captiva Pass; 29 mi W of,2667,Very low
2018-09-11,26.55322,-82.25542,Redfish Pass; 3.4 mi W of,251575,Medium
2018-09-11,26.55322,-82.25542,Redfish Pass; 3.4 mi W of,111333,Medium
2018-09-11,26.5548,-82.19489,Redfish Pass; E of (Pine Island Sound),125000,Medium
2018-09-11,26.58795,-82.19086,Foster Bay; NE of (Pine Island Sound),8000,Very low
2018-09-11,26.61751,-82.20498,Captiva Pass; 1.1 mi E of (Pine Island Sound),18333,Low
2018-09-11,26.66518,-82.21989,Whoopee Island; NW of (Pine Island Sound),197000,Medium
2018-09-11,26.71464,-82.24785,Boca Grande Pass (Charlotte Harbor),102448,Medium
2018-09-11,26.76922,-82.2449,Devilfish Key; W of (Gasparilla Sound),11000,Low
2018-09-12,27.3316,-82.5779,Bay Dock (Sarasota Bay),272000,Medium
2018-09-12,27.33375,-82.57938,New Pass Dock (Sarasota Bay),9200000,High (closure)
2018-09-11,26.5857,-82.0645,McCardle Island; SW of (Matlacha Pass),0,Background
2018-09-11,26.500278,-82.0475,Merwin Key; W of (San Carlos Bay),2333,Very low
2018-09-11,26.7003,-82.1208,Jug Creek Point; E of (Matlacha Pass),0,Background
2018-09-11,26.51845,-82.0299,Bird Island; NE of (Caloosahatchee River),0,Background
2018-09-11,26.7117,-82.2583,Boca Grande Pass,7333,Very low
2018-09-11,26.6798,-82.2196,Mondongo Island; W of (Pine Island Sound),104333,Medium
2018-09-11,26.6092,-82.221,Captiva Pass,667,Background
2018-09-11,26.59925,-82.18463,Captiva Rocks; SW of (Pine Island Sound),9667,Very low
2018-09-11,26.5535,-82.1963,Redfish Pass (Pine Island Sound),55987,Low
2018-09-11,26.560417,-82.170817,Redfish Pass; 1.8 mi E of (Pine Island Sound),197540,Medium
2018-09-11,26.532117,-82.15667,Buck Key; 1.9 mi NE of (Pine Island Sound),37333,Low
2018-09-11,26.488,-82.1815,Buck Key; S of (Blind Pass),487810,Medium
2018-09-11,26.4887,-82.1073,York Island; W of (Pine Island Sound),416878,Medium
2018-09-11,26.538,-82.1257,Regla Island; W of (Pine Island Sound),0,Background
2018-09-11,26.5767,-82.1347,Cork Island; W of (Pine Island Sound),644954,Medium
2018-09-11,26.5902,-82.1561,Hemp Key; S of (Pine Island Sound),642327,Medium
2018-09-11,26.705,-82.1837,Little Bokeelia Island; N of (Charlotte Harbor),0,Background
2018-09-11,26.92467,-82.36189,Englewood Beach,31170457,High (closure)
2018-09-11,26.80562,-82.27415,Boca Grande Pier (Gasparilla Sound),1844497,High (closure)
2018-09-12,27.654533,-82.74135,Summer Resort Key; W of (Lower Tampa Bay),318083,Medium
2018-09-11,27.4003,-82.6515,Atlas Street; W of,1066920,High (closure)
2018-09-11,27.3225,-82.5803,St. Armands Key; N of (Pansy Bayou),184667,Medium
2018-10-15,25.91165,-81.72805,South Marco Beach,0,Background
2018-10-16,27.3316,-82.5779,Bay Dock (Sarasota Bay),66000,Low
2018-10-16,27.33375,-82.57938,New Pass Dock (Sarasota Bay),254000,Medium
2018-10-14,26.040717,-82.47885,Keewaydin Island; 44 mi W of,0,Background
2018-10-14,26.053617,-82.317167,Keewaydin Island; 33 mi W of,333,Background
2018-10-15,26.674933,-82.4347,Cayo Costa State Park; 11 mi W of,5333,Very low
2018-10-15,26.705567,-82.331883,Boca Grande Lighthouse; 4.4 mi W of,0,Background
2018-10-15,27.099813,-82.46096,Venice Beach,0,Background
2018-10-15,27.12358,-82.471495,Nokomis Public Beach,0,Background
2018-10-14,26.926,-82.3454,Cedar Point Environmental Park; W of,0,Background
2018-10-14,26.885267,-82.3294,Thornton Key Preserve; W of (Knight Pass),0,Background
2018-10-14,26.883567,-82.3492,Knight Island; W of,0,Background
2018-10-14,26.6573,-81.8829,North Shore Park (Caloosahatchee River),0,Background
2018-10-14,26.64413,-82.05578,Sirenia Vista Canoe & Kayak Launch,0,Background
2018-10-13,26.711389,-82.263889,Boca Grande Lighthouse; SW of,0,Background
2018-10-13,26.711944,-82.259722,Boca Grande Lighthouse; S of,0,Background
2018-10-14,26.909067,-82.093883,City Beach Park; canal SE of (Charlotte Harbor),0,Background
2018-10-14,26.91424,-82.07978,Rio Lisbo Court; canal N of,0,Background
2018-10-16,27.51477,-82.68395,Mead Point (Lower Tampa Bay),1667,Very low
2018-11-05,25.969714,-81.744459,Big Marco Pass,0,Background
2018-11-05,25.938384,-81.739264,Marco Beach,0,Background
2018-11-05,26.101867,-81.8093,Gordon Pass; NW of,333,Background
2018-11-05,26.4577,-81.9532,Matanzas Pass (Estero Bay),0,Background
2018-11-05,26.121217,-81.814583,Naples Pier; SW of,0,Background
2018-11-05,26.4294,-81.858,Estero River; mouth of (Estero Bay),0,Background
2018-11-02,27.2988,-82.5599,Big Sarasota Pass,473480,Medium
2018-11-02,27.32765,-82.561196,Bird Key Point (Sarasota Bay),1484280,High (closure)
2018-11-05,26.3936,-81.8655,Carl Johnson Park Boat Ramp (Estero Bay),333,Background
2018-11-05,26.3584,-81.8375,Pelican Bay Nature Park Pier (Estero Bay),0,Background
2018-11-05,26.4287,-81.8832,Coon Key; N of (Estero Bay),0,Background
2018-11-05,26.4462,-81.9272,Mound House Dock (Estero Bay),0,Background
2018-11-05,26.43861,-81.84,Estero River; upstream,0,Background
2018-11-05,26.7614,-82.0611,Burnt Store Marina (Charlotte Harbor),0,Background
2018-11-06,26.8385,-82.2795,Garfield Court; SW of (Placida Harbor),512316,Medium
2018-11-06,26.9307,-82.3498,Tom Adams Bridge; S of (Lemon Bay),275880,Medium
2018-11-06,26.898667,-82.339333,Stump Pass (Lemon Bay),381444,Medium
2018-11-06,26.816167,-82.2805,Gasparilla Pass,269040,Medium
2018-11-06,26.96324,-82.3747,Blind Pass Beach; E of (Lemon Bay),0,Background
2018-11-06,26.816167,-82.2805,Gasparilla Pass,725407,Medium
2018-11-06,26.7117,-82.2583,Boca Grande Pass,7252939,High (closure)
2018-11-06,26.74065,-82.2145,Cayo Pelau; 2 mi S of (Charlotte Harbor),222658,Medium
2018-11-06,26.782417,-82.209383,Bull Key; NW of (Bull Bay),0,Background
2018-11-06,26.798,-82.231,Sandfly Key; NE of (Gasparilla Sound),45000,Low
2018-11-06,26.8164,-82.2526,Catfish Creek; mouth of (Gasparilla Sound),311333,Medium
2018-12-17,26.7003,-82.1208,Jug Creek Point; E of (Matlacha Pass),0,Background
2018-12-17,26.30481,-81.8362,Barefoot Beach State Preserve,0,Background
2018-12-17,26.25375,-81.82377,Vanderbilt Beach,0,Background
2018-12-17,26.2073,-81.8169,Seagate,0,Background
2018-12-17,26.13163,-81.8063,Naples Pier,0,Background
2018-12-17,25.91165,-81.72805,South Marco Beach,0,Background
2018-12-16,25.9699,-81.7404,North Point Beach (Marco Bay),0,Background
2018-12-16,25.941192,-81.741631,Tigertail Gulf Beach,0,Background
2018-12-16,26.7275,-82.250556,Gasparilla Island State Park; E of (Charlotte Harbor),3000,Very low
2018-12-17,26.693683,-82.4841,Cayo Costa; 14 mi W of,667,Background
2018-12-17,26.704183,-82.396333,Cayo Costa; 8.7 mi W of,0,Background
2018-12-17,26.676267,-82.586267,Cayo Costa; 20 mi W of,7000,Very low
2018-12-18,27.3316,-82.5779,Bay Dock (Sarasota Bay),0,Background
2018-12-18,27.33375,-82.57938,New Pass Dock (Sarasota Bay),2000,Very low
2018-12-18,27.64966,-82.921468,Bunces Pass; 11 mi W of,0,Background
2018-12-18,27.64966,-82.921468,Bunces Pass; 11 mi W of,0,Background
2018-12-18,27.64966,-82.84019,Bunces Pass; 5.8 mi W of,0,Background
2018-12-18,27.51477,-82.68395,Mead Point (Lower Tampa Bay),0,Background
2018-12-18,27.529833,-82.704,School Key; NE of (Lower Tampa Bay),0,Background
2018-12-18,27.59275,-82.629067,South Skyway Causeway; NE end of (Lower Tampa Bay),0,Background
2018-12-18,27.587433,-82.61895,South Skyway Rest Area; NW of (Lower Tampa Bay),0,Background
2018-12-18,27.632617,-82.5782,Little Redfish Creek; 1.1 mi NW of (Lower Tampa Bay),0,Background
2018-12-18,27.595514,-82.5912,Joe Island; N of (Lower Tampa Bay),0,Background
2018-12-18,26.816167,-82.2805,Gasparilla Pass,0,Background
2018-12-18,26.7117,-82.2583,Boca Grande Pass,333,Background
2018-12-18,26.74065,-82.2145,Cayo Pelau; 2 mi S of (Charlotte Harbor),0,Background
2018-12-18,26.786021,-82.223062,Cayo Pelau; N of (Gasparilla Sound),0,Background
2018-12-18,26.782417,-82.209383,Bull Key; NW of (Bull Bay),0,Background
2018-12-18,26.798,-82.231,Sandfly Key; NE of (Gasparilla Sound),0,Background
2018-12-18,26.8164,-82.2526,Catfish Creek; mouth of (Gasparilla Sound),0,Background
2018-12-19,27.3316,-82.5779,Bay Dock (Sarasota Bay),0,Background
2018-12-19,27.33375,-82.57938,New Pass Dock (Sarasota Bay),500,Background
2018-09-11,27.3324,-82.5462,Marina Jack (Sarasota Bay),8333,Very low
2018-09-11,26.6678,-82.0946,Ben Coleman Keys (Matlacha Pass),0,Background
2018-10-16,27.529833,-82.704,School Key; NE of (Lower Tampa Bay),0,Background
2018-10-16,27.59275,-82.629067,South Skyway Causeway; NE end of (Lower Tampa Bay),0,Background
2018-10-16,27.587433,-82.61895,South Skyway Rest Area; NW of (Lower Tampa Bay),0,Background
2018-10-16,27.632617,-82.5782,Little Redfish Creek; 1.1 mi NW of (Lower Tampa Bay),333,Background
2018-10-16,27.595514,-82.5912,Joe Island; N of (Lower Tampa Bay),2000,Very low
2018-10-16,26.8385,-82.2795,Garfield Court; SW of (Placida Harbor),667,Background
2018-10-16,26.9307,-82.3498,Tom Adams Bridge; S of (Lemon Bay),0,Background
2018-10-16,26.898667,-82.339333,Stump Pass (Lemon Bay),6667,Very low
2018-10-16,26.816167,-82.2805,Gasparilla Pass,0,Background
2018-10-16,26.96324,-82.3747,Blind Pass Beach; E of (Lemon Bay),0,Background
2018-10-16,27.4003,-82.6515,Atlas Street; W of,667,Background
2018-10-16,27.3225,-82.5803,St. Armands Key; N of (Pansy Bayou),9667,Very low
2018-10-16,27.3324,-82.5462,Marina Jack (Sarasota Bay),0,Background
2018-10-16,26.7785,-82.132683,Cape Haze; 2.1 mi E of (Charlotte Harbor),0,Background
2018-10-16,26.836233,-82.1303,Charlotte Harbor Preserve State Park; 1.5 mi E of (Charlotte Harbor),0,Background
2018-10-16,26.72455,-82.200617,Bokeelia Island; 2.3 mi NW of (Charlotte Harbor),0,Background
2018-10-17,27.3316,-82.5779,Bay Dock (Sarasota Bay),132000,Medium
2018-10-17,27.33375,-82.57938,New Pass Dock (Sarasota Bay),104000,Medium
2018-11-06,27.4003,-82.6515,Atlas Street; W of,29333,Low
2018-11-06,27.3225,-82.5803,St. Armands Key; N of (Pansy Bayou),822439,Medium
2018-11-06,27.3324,-82.5462,Marina Jack (Sarasota Bay),175667,Medium
2018-11-06,27.0113,-82.4137,Manasota Key Beach,672980,Medium
2018-11-06,27.0785,-82.4532,Service Club Park,151219,Medium
2018-11-07,27.3316,-82.5779,Bay Dock (Sarasota Bay),44500000,High (closure)
2018-11-07,27.33375,-82.57938,New Pass Dock (Sarasota Bay),10100000,High (closure)
2018-11-07,25.844,-81.678,Cape Romano; S of (Gullivan Bay),0,Background
2018-11-07,25.8815,-81.632167,Coon Key; S of (Gullivan Bay),333,Background
2018-11-07,25.891667,-81.608833,Shell Key; S of (Gullivan Bay),0,Background
2018-11-07,26.5264,-82.1945,Alison Hagerup Beach Park,0,Background
2018-11-07,26.4217,-82.0801,Tarpon Bay Road Beach,0,Background
2018-11-07,26.45157,-82.01543,Lighthouse Beach,222080,Medium
2018-11-07,26.45398,-81.95776,Lynn Hall Park,0,Background
2018-11-07,26.3901,-81.8795,Lovers Key State Park,45333,Low
2018-11-07,26.33105,-81.84574,Bonita Beach Park,0,Background
2018-12-19,27.6461,-82.7264,Fort Desoto Boat Ramp; W of (Bunces Pass),0,Background
2018-12-19,27.641401,-82.696809,Conception Key (Lower Tampa Bay),0,Background
2018-12-19,27.6504,-82.7443,Bunces Pass; mouth of,0,Background
2018-12-19,27.651968,-82.683922,North Skyway Rest Area; NW of (Lower Tampa Bay),0,Background
2018-12-19,26.911667,-82.158833,Hog Island; S of (Charlotte Harbor),0,Background
2018-12-19,26.5264,-82.1945,Alison Hagerup Beach Park,0,Background
2018-12-19,26.4217,-82.0801,Tarpon Bay Road Beach,0,Background
2018-12-19,26.45157,-82.01543,Lighthouse Beach,333,Background
2018-12-19,26.45398,-81.95776,Lynn Hall Park,0,Background
2018-12-19,26.3901,-81.8795,Lovers Key State Park,0,Background
2018-12-19,26.33105,-81.84574,Bonita Beach Park,0,Background
2018-12-19,26.30481,-81.8362,Barefoot Beach State Preserve,0,Background
2018-12-19,26.25375,-81.82377,Vanderbilt Beach,0,Background
2018-12-19,26.2073,-81.8169,Seagate,0,Background
2018-12-19,26.13163,-81.8063,Naples Pier,0,Background
2018-12-19,25.91165,-81.72805,South Marco Beach,0,Background
2018-12-19,26.92467,-82.36189,Englewood Beach,0,Background
2018-12-19,26.80562,-82.27415,Boca Grande Pier (Gasparilla Sound),2667,Very low
2018-10-14,26.354835,-81.973852,Little Hickory Island Beach Park; 7.2 mi W of,0,Background
2018-10-14,26.408084,-81.884892,Buccaneer Lagoon (Estero Bay),0,Background
2018-10-16,27.0582,-82.4443,Caspersen Beach,667,Background
2018-10-16,27.0725,-82.4511,Tramonto Vista Park; W of,0,Background
2018-10-17,26.5264,-82.1945,Alison Hagerup Beach Park,0,Background
2018-10-17,26.4217,-82.0801,Tarpon Bay Road Beach,0,Background
2018-10-17,26.45157,-82.01543,Lighthouse Beach,0,Background
2018-10-17,26.45398,-81.95776,Lynn Hall Park,0,Background
2018-10-17,26.3901,-81.8795,Lovers Key State Park,0,Background
2018-10-17,26.33105,-81.84574,Bonita Beach Park,2333,Very low
2018-10-17,26.08633,-81.811,Keewaydin; W of,0,Background
2018-10-17,26.086033,-81.81625,Keewaydin; 1.0 mi W of,0,Background
2018-10-18,27.3316,-82.5779,Bay Dock (Sarasota Bay),103000,Medium
2018-10-18,27.33375,-82.57938,New Pass Dock (Sarasota Bay),171000,Medium
2018-11-07,26.699933,-82.572467,Cayo Costa State Park; 19 mi W of,17755009,High (closure)
2018-11-07,26.679033,-82.573567,Murdock Point; 19 mi W of,40469520,High (closure)
2018-11-06,26.697667,-82.2273,Punta Blanca Island; NE of (Boca Grande Pass),4333,Very low
2018-11-06,26.863833,-82.113833,Charlotte Harbor Preserve State Park; 3.2 mi E of (Charlotte Harbor),0,Background
2018-11-08,27.3316,-82.5779,Bay Dock (Sarasota Bay),2020000,High (closure)
2018-11-08,27.33375,-82.57938,New Pass Dock (Sarasota Bay),13200000,High (closure)
2018-11-07,27.3871,-82.6252,Whale Key; S of (Sarasota Bay),862000,Medium
2018-11-07,27.3714,-82.601,Bishops Point; SE of (Sarasota Bay),2262000,High (closure)
2018-11-07,27.37421,-82.58307,Mid-Sarasota Bay,1896000,High (closure)
2018-11-07,27.38449,-82.57244,Stephens Point; NW of (Sarasota Bay),1826000,High (closure)
2018-11-07,27.3544,-82.6068,Longboat Key; E of (Sarasota Bay),1412000,High (closure)
2018-11-07,27.03425,-82.42558,Alligator Creek; S of (ICW),26000,Low
2018-11-07,27.02184,-82.41777,Manasota Beach Bridge; NW of (ICW),0,Background
2018-11-07,26.99569,-82.39922,Forked Creek; NW of (Lemon Bay),0,Background
2018-11-07,26.97781,-82.38861,Leachs Key; N of (Lemon Bay),0,Background
2018-11-07,26.95904,-82.3762,Indian Mound Park; NW of (Lemon Bay),0,Background
2018-11-07,26.95904,-82.3762,Indian Mound Park; NW of (Lemon Bay),0,Background
2018-11-07,27.35917,-82.57619,City Island; N of (Sarasota Bay),4320000,High (closure)
2018-11-07,27.34747,-82.56917,City Island; NE of (Sarasota Bay),2256000,High (closure)
2018-11-07,27.33983,-82.58141,Quick Point; NE of (Sarasota Bay),1170000,High (closure)
2018-11-07,27.32254,-82.57461,St. Armands Key; NE of (Sarasota Bay),1972000,High (closure)
2018-11-07,27.32254,-82.57461,St. Armands Key; NE of (Sarasota Bay),4800000,High (closure)
2018-11-07,27.30675,-82.55676,Bay Island; N of (Sarasota Bay),1038000,High (closure)
2018-11-07,27.35999,-82.56758,Indian Beach; SW of (Sarasota Bay),4300000,High (closure)
2018-11-07,27.35127,-82.55658,Centennial Park; NW of (Sarasota Bay),3100000,High (closure)
2018-12-21,26.43494,-81.91138,Estero Island (Estero Bay),0,Background
2018-12-21,26.4577,-81.9532,Matanzas Pass (Estero Bay),0,Background
2018-12-26,27.6055,-82.6508,Skyway Fishing Pier; South (Lower Tampa Bay),0,Background
2018-12-26,27.4959,-82.6522,Palma Sola Bay Bridge,667,Background
2018-12-26,27.51477,-82.68395,Mead Point (Lower Tampa Bay),0,Background
2018-12-26,27.529833,-82.704,School Key; NE of (Lower Tampa Bay),0,Background
2018-12-26,27.59275,-82.629067,South Skyway Causeway; NE end of (Lower Tampa Bay),0,Background
2018-12-26,27.587433,-82.61895,South Skyway Rest Area; NW of (Lower Tampa Bay),0,Background
2018-12-26,27.632617,-82.5782,Little Redfish Creek; 1.1 mi NW of (Lower Tampa Bay),0,Background
2018-12-26,27.595514,-82.5912,Joe Island; N of (Lower Tampa Bay),0,Background
2018-12-26,26.5264,-82.1945,Alison Hagerup Beach Park,0,Background
2018-12-26,26.4217,-82.0801,Tarpon Bay Road Beach,0,Background
2018-12-26,26.45157,-82.01543,Lighthouse Beach,0,Background
2018-12-26,26.45398,-81.95776,Lynn Hall Park,0,Background
2018-12-26,26.3901,-81.8795,Lovers Key State Park,0,Background
2018-12-26,26.33105,-81.84574,Bonita Beach Park,0,Background
2018-12-26,25.91165,-81.72805,South Marco Beach,0,Background
2018-12-26,26.13163,-81.8063,Naples Pier,0,Background
2018-12-26,26.2073,-81.8169,Seagate,0,Background
2018-12-26,26.25375,-81.82377,Vanderbilt Beach,0,Background
2018-12-26,26.30481,-81.8362,Barefoot Beach State Preserve,0,Background
2018-12-25,26.9,-82.34,Stump Pass (Lemon Bay),0,Background
2018-12-25,26.908,-82.359,Stump Pass Beach State Park; W of,0,Background
2018-12-24,27.3316,-82.5779,Bay Dock (Sarasota Bay),0,Background
2018-12-24,27.33375,-82.57938,New Pass Dock (Sarasota Bay),0,Background
2018-12-26,27.3316,-82.5779,Bay Dock (Sarasota Bay),0,Background
2018-12-26,27.33375,-82.57938,New Pass Dock (Sarasota Bay),0,Background
2018-12-27,27.3316,-82.5779,Bay Dock (Sarasota Bay),0,Background
2018-12-27,27.33375,-82.57938,New Pass Dock (Sarasota Bay),0,Background
2018-12-27,26.538,-82.1257,Regla Island; W of (Pine Island Sound),0,Background
2018-12-27,26.5767,-82.1347,Cork Island; W of (Pine Island Sound),0,Background
2018-12-27,26.5902,-82.1561,Hemp Key; S of (Pine Island Sound),0,Background
2018-12-27,26.560417,-82.170817,Redfish Pass; 1.8 mi E of (Pine Island Sound),0,Background
2018-12-27,26.532117,-82.15667,Buck Key; 1.9 mi NE of (Pine Island Sound),0,Background
2018-12-27,26.59925,-82.18463,Captiva Rocks; SW of (Pine Island Sound),0,Background
2018-12-27,26.5857,-82.0645,McCardle Island; SW of (Matlacha Pass),0,Background
2018-12-27,26.500278,-82.0475,Merwin Key; W of (San Carlos Bay),0,Background
2018-12-27,26.7003,-82.1208,Jug Creek Point; E of (Matlacha Pass),0,Background
2018-12-27,26.92467,-82.36189,Englewood Beach,0,Background
2018-12-27,26.80562,-82.27415,Boca Grande Pier (Gasparilla Sound),0,Background
2018-12-26,27.609335,-82.56462,Harbor Key; S of (Bishop Harbor),0,Background
2018-12-26,27.6259,-82.5708,Manatee County Port Authority; W of (Tampa Bay),0,Background
2018-12-28,27.3316,-82.5779,Bay Dock (Sarasota Bay),0,Background
2018-11-07,27.33695,-82.55966,Causeway Park; W of (Sarasota Bay),4000000,High (closure)
2018-11-07,27.32545,-82.54976,Island Park; SW of (Sarasota Bay),1854000,High (closure)
2018-11-07,27.30748,-82.54224,Bay Island Park; NE of (Sarasota Bay),416000,Medium
2018-11-07,27.29051,-82.54812,Edwards Island; S of (Roberts Bay; Sarasota),1832000,High (closure)
2018-11-07,27.28305,-82.54844,Philippe Creek; N of (Roberts Bay; Sarasota),96000,Low
2018-11-07,27.26439,-82.53892,Philippe Creek; S of (Roberts Bay; Sarasota),66000,Low
2018-11-07,27.25946,-82.53508,Stickney Point Bridge; NW of (Roberts Bay; Sarasota),6000,Very low
2018-11-07,27.25003,-82.52496,Stickney Point Bridge; SE of (Little Sarasota Bay),8000,Very low
2018-11-07,27.25003,-82.52496,Stickney Point Bridge; SE of (Little Sarasota Bay),12000,Low
2018-11-07,27.23964,-82.51495,Coral Cove; S of (Little Sarasota Bay),148000,Medium
2018-11-07,27.22335,-82.51206,Blind Pass; NE of (Little Sarasota Bay),116000,Medium
2018-11-07,27.21974,-82.50496,Bird Keys; N of (Little Sarasota Bay),30000,Low
2018-11-07,27.1953,-82.50244,Spanish Point; S of (Little Sarasota Bay),252000,Medium
2018-11-07,27.1877,-82.49842,Blackburn Point Road; N of (Little Sarasota Bay),162000,Medium
2018-11-08,26.30481,-81.8362,Barefoot Beach State Preserve,0,Background
2018-11-08,26.25375,-81.82377,Vanderbilt Beach,0,Background
2018-11-08,26.2073,-81.8169,Seagate,0,Background
2018-11-08,26.13163,-81.8063,Naples Pier,0,Background
2018-11-08,25.91165,-81.72805,South Marco Beach,0,Background
2018-11-07,26.92467,-82.36189,Englewood Beach,56667,Low
2018-11-07,26.80562,-82.27415,Boca Grande Pier (Gasparilla Sound),3907233,High (closure)
2018-11-07,27.17467,-82.49089,Dryman Bay,198000,Medium
2018-11-07,27.16056,-82.48311,Northern Blackburn Bay,348000,Medium
2018-11-07,27.14761,-82.47785,Mid-Blackburn Bay,1514000,High (closure)
2018-11-07,27.14051,-82.47043,Southern Blackburn Bay,674000,Medium
2018-11-07,27.13017,-82.46992,Albee Road Bridge; N of (Blackburn Bay),1906000,High (closure)
2018-11-07,27.13017,-82.46992,Albee Road Bridge; N of (Blackburn Bay),2160000,High (closure)
2018-11-07,27.1182,-82.4651,Lyons Bay,1680000,High (closure)
2018-11-07,27.1185,-82.4501,Dona Bay,1406000,High (closure)
2018-11-07,27.1151,-82.4574,Bird Island; NE of (Dona Bay),768000,Medium
2018-11-07,27.1135,-82.4444,Nokomis Community Park; S of (Roberts Bay),160000,Medium
2018-11-07,27.0588,-82.4361,Shamrock Park; N of (ICW),54000,Low
2018-11-09,27.33375,-82.57938,New Pass Dock (Sarasota Bay),5500000,High (closure)
2018-11-08,27.02761,-82.423822,South Venice Public Beach; 0.81 mi SE of,145667,Medium
2018-11-08,27.032789,-82.42725,South Venice Public Beach; SE of,176333,Medium
2018-10-17,27.617447,-82.729342,Ft DeSoto Kayak Launch (Soldier Hole),0,Background
2018-10-18,26.30481,-81.8362,Barefoot Beach State Preserve,0,Background
2018-10-18,26.25375,-81.82377,Vanderbilt Beach,0,Background
2018-10-18,26.2073,-81.8169,Seagate,0,Background
2018-10-18,26.13163,-81.8063,Naples Pier,0,Background
2018-10-18,25.91165,-81.72805,South Marco Beach,0,Background
2018-10-16,27.264386,-82.553483,Siesta Key Beach,2000,Very low
2018-10-16,27.3119,-82.5777,Lido Key Beach,667,Background
2018-10-17,26.92467,-82.36189,Englewood Beach,217933,Medium
2018-10-17,26.80562,-82.27415,Boca Grande Pier (Gasparilla Sound),0,Background
2018-12-28,27.33375,-82.57938,New Pass Dock (Sarasota Bay),0,Background
2018-12-31,27.3316,-82.5779,Bay Dock (Sarasota Bay),0,Background
2018-12-31,27.33375,-82.57938,New Pass Dock (Sarasota Bay),500,Background
2018-12-28,27.0992,-82.4607,Venice Beach,0,Background
2018-12-28,27.0725,-82.451,Venice Fishing Pier; SE of,0,Background
2018-12-28,25.911092,-81.729428,Cape Marco,0,Background
2018-12-28,25.929783,-81.732487,Marco Island Beach,0,Background
2018-12-29,27.63995,-82.65095,Sunshine Skyway Bridge; E of (Tampa Bay),0,Background
2018-12-29,27.660117,-82.6648,Whale Island; 1.8 mi E of (Tampa Bay),0,Background
2018-10-18,26.921,-82.362,Englewood Beach; S of,183667,Medium
2018-10-16,27.6753,-82.817267,Shell Key Preserve; 4.5 mi W of,776894,Medium
2018-10-18,27.433967,-82.821333,Bradenton Beach; 7.8 mi W of,298361,Medium
2018-10-18,26.897,-82.34,Stump Pass (Lemon Bay),87667,Low
2018-10-18,26.928333,-82.063611,Maude Street; E of (Charlotte Harbor),0,Background
2018-10-18,26.669117,-82.455233,Cayo Costa State Park; 12 mi W of,119667,Medium
2018-10-18,26.69375,-82.37115,Cayo Costa State Park; 6.8 mi W of,29333,Low
2018-10-18,26.643533,-82.54365,Cayo Costa State Park; 18 mi W of,22333,Low
2018-10-13,27.646052,-82.717442,Fort Desoto Boat Ramp; W of (Bunces Pass),3440233,High (closure)
2018-10-15,27.625378,-82.733681,Mullet Key (Soldier Hole),0,Background
2018-10-19,27.3146,-82.5817,North Lido Beach,36000,Low
2018-10-19,27.3277,-82.561,Bayfront Park,2667,Very low
2018-10-19,26.09211,-81.808426,Gordon Pass; W of,0,Background
2018-10-19,25.970206,-81.749273,Isles of Capri; SW of (Marco Bay),0,Background
2018-10-18,26.4269,-82.1345,Sanibel Rocks; S of,0,Background
2018-10-18,26.4269,-82.1345,Sanibel Rocks; S of,0,Background
2018-10-18,26.3968,-82.2407,Bowmans Beach; 6.9 mi SW of,39667,Low
2018-10-18,26.3968,-82.2407,Bowmans Beach; 6.9 mi SW of,7667,Very low
2018-10-18,26.4866,-82.2282,Blind Pass; 2.8 mi W of,0,Background
2018-10-18,26.4866,-82.2282,Blind Pass; 2.8 mi W of,0,Background
2018-10-18,26.5117,-82.206,Captiva Island; W of,0,Background
2018-10-18,26.5117,-82.206,Captiva Island; W of,0,Background
2018-10-19,27.3316,-82.5779,Bay Dock (Sarasota Bay),16000,Low
2018-10-19,27.33375,-82.57938,New Pass Dock (Sarasota Bay),61000,Low
2018-10-22,27.3316,-82.5779,Bay Dock (Sarasota Bay),86000,Low
2018-10-22,27.33375,-82.57938,New Pass Dock (Sarasota Bay),864000,Medium
2018-10-22,27.6133,-82.7391,Mullet Key; Gulf Pier,50333,Low
2018-10-22,27.6055,-82.6508,Skyway Fishing Pier; South (Lower Tampa Bay),0,Background
2018-10-22,27.58512,-82.61482,Fletcher Point (Lower Tampa Bay),0,Background
2018-10-22,27.4959,-82.6522,Palma Sola Bay Bridge,0,Background
2018-10-22,27.44602,-82.68798,Longboat Pass Boat Ramp (Sarasota Bay),585732,Medium
2018-10-22,27.5385,-82.7402,Anna Maria Island Rod & Reel Pier (Lower Tampa Bay),243960,Medium
2018-10-22,27.462069,-82.699158,Cortez Beach,2625633,High (closure)
2018-10-22,27.37317,-82.63202,Longboat Key Beach,3282000,High (closure)
2018-10-22,27.32682,-82.56244,Ringling Causeway,218000,Medium
2018-10-22,27.31561,-82.58171,North Lido Beach,133000,Medium
2018-10-22,27.311,-82.57718,Lido Beach Casino,361000,Medium
2018-10-22,27.29818,-82.56739,South Lido Park,240000,Medium
2018-10-22,27.26518,-82.5531,Siesta Beach,29000,Low
2018-10-22,27.21843,-82.51711,Turtle Beach,8000,Very low
2018-10-22,27.12332,-82.47122,Nokomis Beach,0,Background
2018-10-22,27.11382,-82.46883,North Jetty,2000,Very low
2018-10-22,27.10034,-82.46089,Venice Beach,17000,Low
2018-10-22,27.07827,-82.45286,Service Club Park,38000,Low
2018-10-22,27.0735,-82.4515,Venice Fishing Pier; N of,24000,Low
2018-10-22,27.06631,-82.448,Brohard Beach,23000,Low
2018-10-22,27.05703,-82.4436,Caspersen Beach,11000,Low
2018-10-22,27.01031,-82.41312,Manasota Beach,219000,Medium
2018-10-22,26.96324,-82.38565,Blind Pass Beach,333000,Medium
2018-11-06,26.7539,-82.792383,Gasparilla Island; 32 mi W of,0,Background
2018-11-06,27.186117,-82.727717,Turtle Beach; 13 mi W of,3333,Very low
2018-11-06,26.910833,-82.932217,Englewood Beach; 35 mi W of,0,Background
2018-11-06,27.211217,-82.803567,Siesta Key Beach; 16 mi W of,7000,Very low
2018-11-06,26.860317,-82.921533,Stump Pass; 35 mi W of,0,Background
2018-11-09,27.3316,-82.5779,Bay Dock (Sarasota Bay),4880000,High (closure)
2018-11-12,27.3316,-82.5779,Bay Dock (Sarasota Bay),5360000,High (closure)
2018-11-12,27.33375,-82.57938,New Pass Dock (Sarasota Bay),1878000,High (closure)
2018-11-09,27.633017,-82.672283,Sunshine Skyway Bridge; E of (Lower Tampa Bay),226100,Medium
2018-11-09,27.686233,-82.684033,Cow and Calf Key; NE of (Main Channel),391020,Medium
2018-11-08,26.5952,-82.696817,Captiva Pass; 29 mi W of,40333,Low
2018-11-08,26.5952,-82.696817,Captiva Pass; 29 mi W of,23333,Low
2018-11-08,26.5952,-82.696817,Captiva Pass; 29 mi W of,502790,Medium
2018-11-08,26.576913,-82.498324,Captiva Pass; 17 mi W of,34333,Low
2018-11-08,26.576913,-82.498324,Captiva Pass; 17 mi W of,7135920,High (closure)
2018-11-08,26.550369,-82.331354,Redfish Pass; 8.2 mi W of,2000,Very low
2018-11-08,26.550369,-82.331354,Redfish Pass; 8.2 mi W of,8941320,High (closure)
2018-11-08,26.552005,-82.254768,Redfish Pass; 3.4 mi W of,24333,Low
2018-11-08,26.552005,-82.254768,Redfish Pass; 3.4 mi W of,2070367,High (closure)
2018-11-10,26.888917,-82.3468,Stump Pass; SW of,2154600,High (closure)
2018-11-08,26.546791,-82.21167,Redfish Pass; SW of,150333,Medium
2018-11-10,26.9174,-82.3522,Mockingbird Street; E of (Peterson Cut),3271800,High (closure)
2018-11-08,26.546791,-82.21167,Redfish Pass; SW of,789480,Medium
2018-11-09,26.09117,-81.806103,Gordon Pass; W of,95667,Low
2018-11-09,25.970976,-81.748707,Big Marco Pass,1333,Very low
2018-11-09,26.62,-82.29,Cayo Costa; 4 mi W of,4667,Very low
2018-11-09,26.61,-82.21,Captiva Pass; E of,194333,Medium
2018-11-11,26.737167,-82.254167,Boca Grande; E of (Charlotte Harbor),0,Background
2018-11-11,26.6865,-82.2405,Punta Blanca Island; W of (Pelican Bay),9333,Very low
2018-11-09,27.3123,-82.5781,Lido Key Beach,883120,Medium
2018-11-12,27.100003,-82.460881,Venice Beach,0,Background
2018-11-09,27.327686,-82.561226,Ringling Bridge Causeway Park (Sarasota Bay),297323,Medium
2018-11-13,27.6133,-82.7391,Mullet Key; Gulf Pier,196633,Medium
2018-11-13,27.6055,-82.6508,Skyway Fishing Pier; South (Lower Tampa Bay),320011,Medium
2018-11-13,27.58512,-82.61482,Fletcher Point (Lower Tampa Bay),333,Background
2018-11-13,27.4959,-82.6522,Palma Sola Bay Bridge,147475,Medium
2018-11-13,27.44602,-82.68798,Longboat Pass Boat Ramp (Sarasota Bay),572853,Medium
2018-11-13,27.5385,-82.7402,Anna Maria Island Rod & Reel Pier (Lower Tampa Bay),529267,Medium
2018-11-13,27.4621,-82.6992,Cortez Beach,203573,Medium
2018-11-13,26.7117,-82.2583,Boca Grande Pass,0,Background
2018-11-13,26.6798,-82.2196,Mondongo Island; W of (Pine Island Sound),2667,Very low
2018-10-22,26.538,-82.1257,Regla Island; W of (Pine Island Sound),0,Background
2018-10-22,26.5767,-82.1347,Cork Island; W of (Pine Island Sound),0,Background
2018-10-22,26.5902,-82.1561,Hemp Key; S of (Pine Island Sound),0,Background
2018-10-22,26.560417,-82.170817,Redfish Pass; 1.8 mi E of (Pine Island Sound),0,Background
2018-10-22,26.532117,-82.15667,Buck Key; 1.9 mi NE of (Pine Island Sound),0,Background
2018-10-22,26.59925,-82.18463,Captiva Rocks; SW of (Pine Island Sound),0,Background
2018-10-22,26.816167,-82.2805,Gasparilla Pass,1333,Very low
2018-10-22,26.7117,-82.2583,Boca Grande Pass,829920,Medium
2018-10-22,26.74065,-82.2145,Cayo Pelau; 2 mi S of (Charlotte Harbor),665083,Medium
2018-10-22,26.786021,-82.223062,Cayo Pelau; N of (Gasparilla Sound),0,Background
2018-10-22,26.782417,-82.209383,Bull Key; NW of (Bull Bay),0,Background
2018-10-22,26.798,-82.231,Sandfly Key; NE of (Gasparilla Sound),197667,Medium
2018-10-22,26.8164,-82.2526,Catfish Creek; mouth of (Gasparilla Sound),28333,Low
2018-10-22,26.30481,-81.8362,Barefoot Beach State Preserve,0,Background
2018-10-22,26.25375,-81.82377,Vanderbilt Beach,667,Background
2018-10-22,26.2073,-81.8169,Seagate,1333,Very low
2018-10-22,26.13163,-81.8063,Naples Pier,0,Background
2018-10-22,25.91165,-81.72805,South Marco Beach,0,Background
2018-10-22,25.9733,-81.7275,Lee Avenue; docks NE of (Big Marco Pass),0,Background
2018-10-22,25.9124,-81.7171,Caxambas Park,0,Background
2018-10-22,25.9334,-81.6496,Goodland Bridge,0,Background
2018-10-22,25.9804,-81.7029,951 Boat Ramp (Big Marco Pass),0,Background
2018-10-23,27.3316,-82.5779,Bay Dock (Sarasota Bay),904000,Medium
2018-10-23,27.33375,-82.57938,New Pass Dock (Sarasota Bay),1414000,High (closure)
2018-10-14,25.873,-81.833,Kice Island; 8.3 mi W of,0,Background
2018-10-14,25.9117,-81.8,Marco Island; 4.4 mi W of,333,Background
2018-10-14,25.9117,-81.8,Marco Island; 4.4 mi W of,0,Background
2018-10-14,25.95,-81.767,Marco Island; 1.1 mi W of,0,Background
2018-11-13,26.6092,-82.221,Captiva Pass,14333,Low
2018-11-13,26.59925,-82.18463,Captiva Rocks; SW of (Pine Island Sound),51667,Low
2018-11-13,26.5535,-82.1963,Redfish Pass (Pine Island Sound),0,Background
2018-11-13,26.560417,-82.170817,Redfish Pass; 1.8 mi E of (Pine Island Sound),667,Background
2018-11-13,26.532117,-82.15667,Buck Key; 1.9 mi NE of (Pine Island Sound),333,Background
2018-11-13,26.488,-82.1815,Buck Key; S of (Blind Pass),0,Background
2018-11-13,26.4887,-82.1073,York Island; W of (Pine Island Sound),2333,Very low
2018-11-13,26.538,-82.1257,Regla Island; W of (Pine Island Sound),0,Background
2018-11-13,26.5767,-82.1347,Cork Island; W of (Pine Island Sound),667,Background
2018-11-13,26.5902,-82.1561,Hemp Key; S of (Pine Island Sound),0,Background
2018-11-13,26.705,-82.1837,Little Bokeelia Island; N of (Charlotte Harbor),0,Background
2018-11-13,27.51477,-82.68395,Mead Point (Lower Tampa Bay),168333,Medium
2018-11-13,27.529833,-82.704,School Key; NE of (Lower Tampa Bay),840600,Medium
2018-11-13,27.59275,-82.629067,South Skyway Causeway; NE end of (Lower Tampa Bay),324306,Medium
2018-11-13,27.587433,-82.61895,South Skyway Rest Area; NW of (Lower Tampa Bay),86333,Low
2018-11-13,27.632617,-82.5782,Little Redfish Creek; 1.1 mi NW of (Lower Tampa Bay),143667,Medium
2018-11-13,27.595514,-82.5912,Joe Island; N of (Lower Tampa Bay),55000,Low
2018-11-13,26.30481,-81.8362,Barefoot Beach State Preserve,0,Background
2018-11-13,26.25375,-81.82377,Vanderbilt Beach,0,Background
2018-11-13,26.2073,-81.8169,Seagate,0,Background
2018-11-13,26.13163,-81.8063,Naples Pier,0,Background
2018-11-13,25.91165,-81.72805,South Marco Beach,2333,Very low
2018-11-13,27.3316,-82.5779,Bay Dock (Sarasota Bay),23300000,High (closure)
2018-11-13,27.33375,-82.57938,New Pass Dock (Sarasota Bay),1600000,High (closure)
2018-11-14,27.3316,-82.5779,Bay Dock (Sarasota Bay),1932000,High (closure)
2018-11-14,27.33375,-82.57938,New Pass Dock (Sarasota Bay),2396000,High (closure)
2018-11-13,27.0726,-82.4529,Venice Fishing Pier,1000,Very low
2018-11-13,27.4003,-82.6515,Atlas Street; W of,0,Background
2018-11-13,27.3225,-82.5803,St. Armands Key; N of (Pansy Bayou),3694740,High (closure)
2018-11-13,27.3324,-82.5462,Marina Jack (Sarasota Bay),4333,Very low
2018-11-13,27.058024,-82.444191,Caspersen Beach,4783658,High (closure)
2018-11-14,26.8385,-82.2795,Garfield Court; SW of (Placida Harbor),1615238,High (closure)
2018-11-14,26.9307,-82.3498,Tom Adams Bridge; S of (Lemon Bay),1858440,High (closure)
2018-11-14,26.898667,-82.339333,Stump Pass (Lemon Bay),1370880,High (closure)
2018-11-14,26.816167,-82.2805,Gasparilla Pass,662340,Medium
2018-11-14,26.96324,-82.3747,Blind Pass Beach; E of (Lemon Bay),333,Background
2018-11-14,26.7117,-82.2583,Boca Grande Pass,1000,Very low
2018-11-14,26.74065,-82.2145,Cayo Pelau; 2 mi S of (Charlotte Harbor),667,Background
2018-11-14,26.786021,-82.223062,Cayo Pelau; N of (Gasparilla Sound),0,Background
2018-11-14,26.782417,-82.209383,Bull Key; NW of (Bull Bay),0,Background
2018-11-14,26.798,-82.231,Sandfly Key; NE of (Gasparilla Sound),1000,Very low
2018-11-14,26.8164,-82.2526,Catfish Creek; mouth of (Gasparilla Sound),215460,Medium
2018-11-14,26.5857,-82.0645,McCardle Island; SW of (Matlacha Pass),0,Background
2018-11-14,26.500278,-82.0475,Merwin Key; W of (San Carlos Bay),0,Background
2018-11-14,26.7003,-82.1208,Jug Creek Point; E of (Matlacha Pass),0,Background
2018-11-14,26.5264,-82.1945,Alison Hagerup Beach Park,0,Background
2018-11-14,26.4217,-82.0801,Tarpon Bay Road Beach,460280,Medium
2018-11-14,26.45157,-82.01543,Lighthouse Beach,8548311,High (closure)
2018-10-14,26.1835,-82.2173,Doctors Pass; 25 mi W of,0,Background
2018-10-14,26.1835,-82.2173,Doctors Pass; 25 mi W of,0,Background
2018-10-14,26.254,-82.138,Vanderbilt Beach; 20 mi W of,333,Background
2018-10-14,26.254,-82.138,Vanderbilt Beach; 20 mi W of,0,Background
2018-10-14,26.3417,-82.0419,Tarpon Bay Road Beach; 6 mi SE of,0,Background
2018-10-14,26.3417,-82.0419,Tarpon Bay Road Beach; 6 mi SE of,0,Background
2018-10-14,26.3836,-82.0004,Lighthouse Beach; 4.8 mi S of,0,Background
2018-10-14,26.3836,-82.0004,Lighthouse Beach; 4.8 mi S of,0,Background
2018-10-14,26.426,-81.96,Fort Myers Beach Pier; 1.8 mi S of,0,Background
2018-10-14,26.424858,-82.3156,Blind Pass; 9.1 mi SW of,1333,Very low
2018-10-14,26.424858,-82.3156,Blind Pass; 9.1 mi SW of,0,Background
2018-10-14,26.424858,-82.3156,Blind Pass; 9.1 mi SW of,0,Background
2018-10-15,26.5465,-82.2124,Redfish Pass; SW of,0,Background
2018-10-15,26.5532,-82.2554,Redfish Pass; 3.4 mi W of,0,Background
2018-10-15,26.5532,-82.2554,Redfish Pass; 3.4 mi W of,0,Background
2018-10-15,26.5514,-82.3314,Redfish Pass; 8.1 mi W of,1000,Very low
2018-10-15,26.5514,-82.3314,Redfish Pass; 8.1 mi W of,667,Background
2018-10-15,26.5514,-82.3314,Redfish Pass; 8.1 mi W of,667,Background
2018-10-15,26.578,-82.4978,North Captiva Island; 17 mi W of,155000,Medium
2018-10-15,26.578,-82.4978,North Captiva Island; 17 mi W of,29333,Low
2018-10-15,26.578,-82.4978,North Captiva Island; 17 mi W of,27333,Low
2018-10-15,26.5956,-82.6958,Captiva Pass; 29 mi W of,25000,Low
2018-10-15,26.5956,-82.6958,Captiva Pass; 29 mi W of,21333,Low
2018-10-15,26.668296,-82.556608,Cayo Costa; 19 mi W of,333,Background
2018-10-15,26.668296,-82.556608,Cayo Costa; 19 mi W of,0,Background
2018-10-15,26.743821,-82.418931,Boca Grande; 9.5 mi W of,0,Background
2018-10-15,26.743821,-82.418931,Boca Grande; 9.5 mi W of,0,Background
2018-10-15,26.779352,-82.350624,Gasparilla Pass; 4.8 mi SW of,667,Background
2018-10-15,26.779352,-82.350624,Gasparilla Pass; 4.8 mi SW of,1000,Very low
2018-10-15,26.80475,-82.297145,Gasparilla Pass; SW of,13667,Low
2018-10-15,26.80475,-82.297145,Gasparilla Pass; SW of,3000,Very low
2018-11-14,26.45398,-81.95776,Lynn Hall Park,807840,Medium
2018-11-14,26.3901,-81.8795,Lovers Key State Park,155667,Medium
2018-11-14,26.33105,-81.84574,Bonita Beach Park,0,Background
2018-11-14,26.92467,-82.36189,Englewood Beach,825089,Medium
2018-11-14,26.80562,-82.27415,Boca Grande Pier (Gasparilla Sound),88035,Low
2018-11-15,27.3316,-82.5779,Bay Dock (Sarasota Bay),596000,Medium
2018-11-15,27.33375,-82.57938,New Pass Dock (Sarasota Bay),524000,Medium
2018-11-14,26.6678,-82.0946,Ben Coleman Keys (Matlacha Pass),0,Background
2018-11-14,26.5627,-82.0704,Deer Stop Keys; SW of (Matlacha Pass),0,Background
2018-11-14,26.625,-82.0742,Porpoise Point Island; SW of (Matlacha Pass),0,Background
2018-11-14,26.43494,-81.91138,Estero Island (Estero Bay),333,Background
2018-11-14,26.38591,-81.84631,Long Key (Estero Bay),667,Background
2018-11-14,26.35497,-81.84452,Bonita Beach (Estero Bay),0,Background
2018-11-15,26.13163,-81.8063,Naples Pier,1667,Very low
2018-11-15,26.376933,-81.860814,Pelican Landing Beach Park; E of (New Pass),1333,Very low
2018-11-15,26.451677,-81.957213,Fort Myers Beach Pier,61333,Low
2018-11-15,26.450416,-82.016332,Lighthouse Beach Park,303333,Medium
2018-11-15,26.454832,-82.015468,Sanibel Island Northern Beach Pier,76667,Low
2018-11-15,26.486814,-82.013489,Sanibel Harbour Marina; NW of,0,Background
2018-11-16,27.3316,-82.5779,Bay Dock (Sarasota Bay),442000,Medium
2018-11-16,27.33375,-82.57938,New Pass Dock (Sarasota Bay),864000,Medium
2018-10-16,26.2537,-82.1383,Clearwater Beach Island; 15 mi W of,0,Background
2018-10-16,26.2537,-82.1383,Clearwater Beach Island; 15 mi W of,0,Background
2018-10-23,27.51477,-82.68395,Mead Point (Lower Tampa Bay),0,Background
2018-10-23,27.529833,-82.704,School Key; NE of (Lower Tampa Bay),1667,Very low
2018-10-23,27.59275,-82.629067,South Skyway Causeway; NE end of (Lower Tampa Bay),333,Background
2018-10-23,27.587433,-82.61895,South Skyway Rest Area; NW of (Lower Tampa Bay),333,Background
2018-10-23,27.632617,-82.5782,Little Redfish Creek; 1.1 mi NW of (Lower Tampa Bay),0,Background
2018-10-23,27.595514,-82.5912,Joe Island; N of (Lower Tampa Bay),0,Background
2018-10-23,26.5857,-82.0645,McCardle Island; SW of (Matlacha Pass),0,Background
2018-10-23,26.59893,-82.06238,McCardle Island; NW of (Matlacha Pass),0,Background
2018-10-23,26.500278,-82.0475,Merwin Key; W of (San Carlos Bay),0,Background
2018-10-23,26.7003,-82.1208,Jug Creek Point; E of (Matlacha Pass),0,Background
2018-10-23,26.689,-82.107733,Big Smokehouse Key; NE of (Matlacha Pass),0,Background
2018-10-23,26.522933,-82.039767,Sword Point; S of (San Carlos Bay),0,Background
2018-11-15,26.895,-82.341,Stump Pass,1695750,High (closure)
2018-11-15,26.911,-82.335,Florida Avenue; W of (Lemon Bay),1607970,High (closure)
2018-11-15,26.72155,-82.200433,Gasparilla Island State Park; 3.6 mi E of (Charlotte Harbor),333,Background
2018-11-15,26.758233,-82.136967,Burnt Store Marina; 4.8 mi W of (Charlotte Harbor),1333,Very low
2018-11-15,26.83625,-82.117867,Cormorant Key; 3.3 mi W of (Charlotte Harbor),667,Background
2018-11-19,27.6133,-82.7391,Mullet Key; Gulf Pier,676650,Medium
2018-11-19,27.6055,-82.6508,Skyway Fishing Pier; South (Lower Tampa Bay),16000,Low
2018-11-19,27.58512,-82.61482,Fletcher Point (Lower Tampa Bay),60667,Low
2018-11-19,27.4959,-82.6522,Palma Sola Bay Bridge,25667,Low
2018-11-19,27.44602,-82.68798,Longboat Pass Boat Ramp (Sarasota Bay),1592010,High (closure)
2018-11-19,27.5385,-82.7402,Anna Maria Island Rod & Reel Pier (Lower Tampa Bay),226667,Medium
2018-11-19,27.4621,-82.6992,Cortez Beach,202667,Medium
2018-11-19,26.816167,-82.2805,Gasparilla Pass,108333,Medium
2018-11-19,26.7117,-82.2583,Boca Grande Pass,1783530,High (closure)
2018-11-19,26.74065,-82.2145,Cayo Pelau; 2 mi S of (Charlotte Harbor),2262356,High (closure)
2018-11-19,26.786021,-82.223062,Cayo Pelau; N of (Gasparilla Sound),2360944,High (closure)
2018-11-19,26.782417,-82.209383,Bull Key; NW of (Bull Bay),646380,Medium
2018-11-19,26.798,-82.231,Sandfly Key; NE of (Gasparilla Sound),10948560,High (closure)
2018-11-19,26.8164,-82.2526,Catfish Creek; mouth of (Gasparilla Sound),4595612,High (closure)
2018-11-19,26.538,-82.1257,Regla Island; W of (Pine Island Sound),0,Background
2018-11-19,26.5767,-82.1347,Cork Island; W of (Pine Island Sound),0,Background
2018-11-19,26.5902,-82.1561,Hemp Key; S of (Pine Island Sound),0,Background
2018-11-19,26.560417,-82.170817,Redfish Pass; 1.8 mi E of (Pine Island Sound),26667,Low
2018-11-19,26.532117,-82.15667,Buck Key; 1.9 mi NE of (Pine Island Sound),0,Background
2018-11-19,26.59925,-82.18463,Captiva Rocks; SW of (Pine Island Sound),0,Background
2018-11-19,26.5857,-82.0645,McCardle Island; SW of (Matlacha Pass),0,Background
2018-11-19,26.500278,-82.0475,Merwin Key; W of (San Carlos Bay),0,Background
2018-11-19,26.7003,-82.1208,Jug Creek Point; E of (Matlacha Pass),43000,Low
2018-11-19,26.5264,-82.1945,Alison Hagerup Beach Park,333,Background
2018-11-19,26.4217,-82.0801,Tarpon Bay Road Beach,0,Background
2018-11-19,26.45157,-82.01543,Lighthouse Beach,0,Background
2018-11-19,26.45398,-81.95776,Lynn Hall Park,0,Background
2018-11-19,26.3901,-81.8795,Lovers Key State Park,5000,Very low
2018-09-14,26.548933,-82.1879,Captiva Island; E of (Pine Island Sound),0,Background
2018-09-14,26.5324,-82.175,Captiva Island;  E of (Pine Island Sound),0,Background
2018-09-17,26.65,-82.1667,Black Key; E of (Pine Island Sound),0,Background
2018-09-17,26.64162,-82.216,Narrows Key; E of (Pine Island Sound),0,Background
2018-09-17,26.622667,-82.222,Pejuan Cove,0,Background
2018-09-17,26.61418,-82.2183,Cayo Costa; E of (Pine Island Sound),0,Background
2018-09-17,26.6008,-82.217033,Safety Harbor (Pine Island Sound),0,Background
2018-09-18,26.797683,-82.2612,Gasparilla Island; E of (Gasparilla Sound),656394,Medium
2018-09-18,26.793733,-82.269517,Gasparilla Island; E of (Gasparilla Sound),528211,Medium
2018-09-18,26.76815,-82.258167,Hoagen Key; W of,333,Background
2018-09-18,26.767617,-82.2504,Three Sisters Island; W of (Gasparilla Sound),11333,Low
2018-09-18,26.760333,-82.257733,Boca Grande Bayou,0,Background
2018-09-18,26.757683,-82.243933,Devilfish Key; SW of (Pine Island Sound),22667,Low
2018-09-18,26.746333,-82.254983,Boca Grande Marina; SE of (Pine Island Sound),0,Background
2018-09-18,26.64605,-82.237283,Murdock Bayou,12333,Low
2018-09-18,26.642433,-82.217117,Narrows Key; E of (Pine Island Sound),7000,Very low
2018-09-18,26.621083,-82.223133,Pejuan Cove,0,Background
2018-09-18,26.612733,-82.218317,Captiva Pass (Pine Island Sound),130333,Medium
2018-09-18,26.60115,-82.218433,Safety Harbor (Pine Island Sound),850978,Medium
2018-09-18,26.54443,-82.1948,Plantation Beach Club; E of (Pine Island Sound),0,Background
2018-10-23,27.4003,-82.6515,Atlas Street; W of,1399160,High (closure)
2018-10-23,27.3225,-82.5803,St. Armands Key; N of (Pansy Bayou),8000,Very low
2018-10-23,27.3324,-82.5462,Marina Jack (Sarasota Bay),0,Background
2018-10-24,26.5264,-82.1945,Alison Hagerup Beach Park,0,Background
2018-10-24,26.4217,-82.0801,Tarpon Bay Road Beach,0,Background
2018-10-24,26.45157,-82.01543,Lighthouse Beach,1333,Very low
2018-10-24,26.45398,-81.95776,Lynn Hall Park,0,Background
2018-10-24,26.3901,-81.8795,Lovers Key State Park,667,Background
2018-10-24,26.33105,-81.84574,Bonita Beach Park,0,Background
2018-10-24,25.844,-81.678,Cape Romano; S of (Gullivan Bay),0,Background
2018-10-24,25.8815,-81.632167,Coon Key; S of (Gullivan Bay),0,Background
2018-10-24,25.891667,-81.608833,Shell Key; S of (Gullivan Bay),0,Background
2018-11-19,26.33105,-81.84574,Bonita Beach Park,0,Background
2018-11-19,26.30481,-81.8362,Barefoot Beach State Preserve,0,Background
2018-11-19,26.25375,-81.82377,Vanderbilt Beach,0,Background
2018-11-19,26.2073,-81.8169,Seagate,0,Background
2018-11-19,26.13163,-81.8063,Naples Pier,0,Background
2018-11-19,25.91165,-81.72805,South Marco Beach,0,Background
2018-11-18,26.396167,-81.9688,Lovers Key State Park; 5.2 mi W of,53000,Low
2018-11-18,26.433167,-81.9685,Fort Myers Beach; 1.6 mi SW of,667,Background
2018-11-16,27.2988,-82.5599,Big Sarasota Pass,472189,Medium
2018-11-19,27.3276,-82.5611,Bird Key Pointe (Sarasota Bay),1735683,High (closure)
2018-11-19,27.3316,-82.5779,Bay Dock (Sarasota Bay),792000,Medium
2018-11-19,27.33375,-82.57938,New Pass Dock (Sarasota Bay),1610000,High (closure)
2018-11-20,27.3316,-82.5779,Bay Dock (Sarasota Bay),15200000,High (closure)
2018-11-20,27.33375,-82.57938,New Pass Dock (Sarasota Bay),4400000,High (closure)
2018-11-18,26.81505,-82.13085,Charlotte Harbor Preserve State Park; 1.2 mi E of (Charlotte Harbor),0,Background
2018-11-18,26.91414,-82.07979,Rio Lisbo Court; canal N of (Charlotte Harbor),0,Background
2018-11-20,27.51477,-82.68395,Mead Point (Lower Tampa Bay),1399567,High (closure)
2018-11-20,27.529833,-82.704,School Key; NE of (Lower Tampa Bay),352783,Medium
2018-11-18,25.969722,-81.740745,North Point Beach (Marco Bay),0,Background
2018-11-20,27.59275,-82.629067,South Skyway Causeway; NE end of (Lower Tampa Bay),9667,Very low
2018-11-20,27.587433,-82.61895,South Skyway Rest Area; NW of (Lower Tampa Bay),32667,Low
2018-11-20,27.632617,-82.5782,Little Redfish Creek; 1.1 mi NW of (Lower Tampa Bay),10333,Low
2018-11-20,27.595514,-82.5912,Joe Island; N of (Lower Tampa Bay),333,Background
2018-11-10,27.645352,-82.718106,Fort De Soto Boat Ramp (Mullet Key Bayou),215333,Medium
2018-11-09,27.697038,-82.716083,Bird Key (Pass-A-Grille Channel),143667,Medium
2018-11-19,27.55661,-82.78781,Egmont Key; 2.3 mi SW of,1876000,High (closure)
2018-11-19,27.55661,-82.78781,Egmont Key; 2.3 mi SW of,288000,Medium
2018-11-19,27.4504,-82.76839,Coquina Beach; 4.6 mi W of,1108000,High (closure)
2018-11-19,27.4504,-82.76839,Coquina Beach; 4.6 mi W of,196000,Medium
2018-11-19,27.36557,-82.69319,Longboat Key; 4.1 mi W of,1212000,High (closure)
2018-11-19,27.36557,-82.69319,Longboat Key; 4.1 mi W of,120000,Medium
2018-11-19,27.30897,-82.61293,Lido Beach; 2.3 mi W of,270000,Medium
2018-11-19,27.30897,-82.61293,Lido Beach; 2.3 mi W of,26000,Low
2018-11-19,27.30897,-82.61293,Lido Beach; 2.3 mi W of,1150000,High (closure)
2018-11-19,27.20647,-82.57573,Turtle Beach; 4 mi W of,1864000,High (closure)
2018-11-19,27.20647,-82.57573,Turtle Beach; 4 mi W of,360000,Medium
2018-11-19,27.35832,-82.92915,Longboat Key; 19 mi W of,2000,Very low
2018-11-19,27.35832,-82.92915,Longboat Key; 19 mi W of,6000,Very low
2018-11-19,27.1364,-82.76011,Casey Key; 18 mi W of,3056000,High (closure)
2018-11-19,27.1364,-82.76011,Casey Key; 18 mi W of,146000,Medium
2018-11-20,27.4003,-82.6515,Atlas Street; W of,11333,Low
2018-11-20,27.3225,-82.5803,St. Armands Key; N of (Pansy Bayou),2082780,High (closure)
2018-11-20,27.3324,-82.5462,Marina Jack (Sarasota Bay),8333,Very low
2018-11-19,26.7973,-82.247033,Sandfly Key; NW of (Gasparilla Sound),19813966,High (closure)
2018-11-19,26.71885,-82.425133,Boca Grande; 10 mi W of,207037,Medium
2018-11-19,26.714283,-82.504717,Boca Grande Pass; 15 mi W of,79248,Low
2018-11-19,26.720317,-82.372033,Boca Grande; 6.7 mi W of,200810,Medium
2018-11-19,26.7002,-82.5727,Cayo Costa; 20 mi W of,159000,Medium
2018-11-17,27.599,-82.597,Joe Island; N of (Tampa Bay),42667,Low
2018-11-20,26.112833,-81.8121,Naples Pier; 1.3 mi S of,913000,Medium
2018-11-20,26.1477,-81.816767,Lowdermilk Park; 1.0 mi S of,90287,Low
2018-11-19,27.11184,-82.51702,Venice Inlet; 3 mi W of,7100000,High (closure)
2018-11-19,27.11184,-82.51702,Venice Inlet; 3 mi W of,38000,Low
2018-11-19,27.01283,-82.46982,Manasota Beach; 3.4 mi W of,2052000,High (closure)
2018-11-19,27.01283,-82.46982,Manasota Beach; 3.4 mi W of,58000,Low
2018-11-19,26.91813,-82.41211,Punta Gorda Beach; 3.3 mi W of,2412000,High (closure)
2018-11-19,26.91813,-82.41211,Punta Gorda Beach; 3.3 mi W of,258000,Medium
2018-11-19,26.82491,-82.3501,Little Gasparilla Island; 3.8 mi W of,9600000,High (closure)
2018-11-19,26.82491,-82.3501,Little Gasparilla Island; 3.8 mi W of,496000,Medium
2018-11-19,26.70117,-82.28919,Boca Grande Pass; 2 mi W of,850000,Medium
2018-11-19,26.70117,-82.28919,Boca Grande Pass; 2 mi W of,852000,Medium
2018-11-19,26.61003,-82.29105,Captiva Pass; 4.2 mi W of,50200000,High (closure)
2018-11-19,26.61003,-82.29105,Captiva Pass; 4.2 mi W of,524000,Medium
2018-11-19,26.50312,-82.27413,Captiva Island; 5.2 mi W of,23300000,High (closure)
2018-11-19,26.50312,-82.27413,Captiva Island; 5.2 mi W of,542000,Medium
2018-11-19,26.41634,-82.2026,Bowmans Beach; 4 mi SW of,634000,Medium
2018-11-19,26.41634,-82.2026,Bowmans Beach; 4 mi SW of,38000,Low
2018-11-19,26.339,-82.119,Tarpon Bay Road Beach; 6.2 mi SW of,272000,Medium
2018-11-19,26.339,-82.119,Tarpon Bay Road Beach; 6.2 mi SW of,10000,Low
2018-11-19,26.3141,-82.00202,Barefoot Beach; 10 mi W of,1896000,High (closure)
2018-11-19,26.3141,-82.00202,Barefoot Beach; 10 mi W of,244000,Medium
2018-11-19,26.3878,-81.97891,Sanibel Beach; 4.9 mi SE of,568000,Medium
2018-11-19,26.3878,-81.97891,Sanibel Beach; 4.9 mi SE of,0,Background
2018-11-19,26.3878,-81.97891,Sanibel Beach; 4.9 mi SE of,706000,Medium
2018-11-19,26.79666,-82.57846,Gasparilla Pass; 18 mi W of,410000,Medium
2018-11-19,26.79666,-82.57846,Gasparilla Pass; 18 mi W of,400000,Medium
2018-11-19,26.28597,-82.34245,Wiggins Pass; 32 mi W of,968000,Medium
2018-11-19,26.28597,-82.34245,Wiggins Pass; 32 mi W of,414000,Medium
2018-11-21,27.3316,-82.5779,Bay Dock (Sarasota Bay),122000,Medium
2018-11-21,27.33375,-82.57938,New Pass Dock (Sarasota Bay),1964000,High (closure)
2018-11-25,27.6268,-82.69535,Mullet Key; E of (Tampa Bay),16000,Low
2018-11-21,26.92467,-82.36189,Englewood Beach,0,Background
2018-11-21,26.80562,-82.27415,Boca Grande Pier (Gasparilla Sound),322392,Medium
2018-11-26,27.6133,-82.7391,Mullet Key; Gulf Pier,57333,Low
2018-11-26,27.6055,-82.6508,Skyway Fishing Pier; South (Lower Tampa Bay),22333,Low
2018-11-26,27.58512,-82.61482,Fletcher Point (Lower Tampa Bay),333,Background
2018-11-26,27.4959,-82.6522,Palma Sola Bay Bridge,544333,Medium
2018-11-26,27.44602,-82.68798,Longboat Pass Boat Ramp (Sarasota Bay),95667,Low
2018-11-26,27.5385,-82.7402,Anna Maria Island Rod & Reel Pier (Lower Tampa Bay),39333,Low
2018-11-26,27.4621,-82.6992,Cortez Beach,330807,Medium
2018-11-26,27.37317,-82.63202,Longboat Key Beach,444000,Medium
2018-11-26,27.32682,-82.56244,Ringling Causeway,28000,Low
2018-11-26,27.31561,-82.58171,North Lido Beach,100000,Medium
2018-11-26,27.311,-82.57718,Lido Beach Casino,2684000,High (closure)
2018-11-26,27.29818,-82.56739,South Lido Park,888000,Medium
2018-11-26,27.26518,-82.5531,Siesta Beach,264000,Medium
2018-11-26,27.21843,-82.51711,Turtle Beach,834000,Medium
2018-11-26,27.12332,-82.47122,Nokomis Beach,1026000,High (closure)
2018-11-26,27.11382,-82.46883,North Jetty,1588000,High (closure)
2018-11-26,27.10034,-82.46089,Venice Beach,522000,Medium
2018-11-26,27.07827,-82.45286,Service Club Park,516000,Medium
2018-11-26,27.0735,-82.4515,Venice Fishing Pier; N of,100000,Medium
2018-11-26,27.06631,-82.448,Brohard Beach,76000,Low
2018-11-26,27.05703,-82.4436,Caspersen Beach,20000,Low
2018-11-26,27.01031,-82.41312,Manasota Beach,0,Background
2018-11-26,26.96324,-82.38565,Blind Pass Beach,12000,Low
2018-11-26,26.5857,-82.0645,McCardle Island; SW of (Matlacha Pass),0,Background
2018-11-26,26.500278,-82.0475,Merwin Key; W of (San Carlos Bay),0,Background
2018-11-26,26.7003,-82.1208,Jug Creek Point; E of (Matlacha Pass),2667,Very low
2018-11-26,26.538,-82.1257,Regla Island; W of (Pine Island Sound),0,Background
2018-11-26,26.5767,-82.1347,Cork Island; W of (Pine Island Sound),0,Background
2018-11-26,26.5902,-82.1561,Hemp Key; S of (Pine Island Sound),0,Background
2018-11-26,26.560417,-82.170817,Redfish Pass; 1.8 mi E of (Pine Island Sound),1333,Very low
2018-11-26,26.532117,-82.15667,Buck Key; 1.9 mi NE of (Pine Island Sound),0,Background
2018-11-26,26.59925,-82.18463,Captiva Rocks; SW of (Pine Island Sound),2667,Very low
2018-11-26,26.924,-82.362,Englewood Beach,1707720,High (closure)
2018-11-26,26.966,-82.388,Blind Pass Beach,25667,Low
2018-11-26,26.30481,-81.8362,Barefoot Beach State Preserve,0,Background
2018-11-26,26.25375,-81.82377,Vanderbilt Beach,375000,Medium
2018-11-26,26.2073,-81.8169,Seagate,0,Background
2018-11-26,26.13163,-81.8063,Naples Pier,165667,Medium
2018-11-26,25.91165,-81.72805,South Marco Beach,19667,Low
2018-11-25,27.037341,-82.429913,South Venice Beach,380380,Medium
2018-11-23,26.7,-82.28,Cayo Costa State Park; 1.5 mi W of,207333,Medium
2018-11-23,26.61,-82.21,Captiva Pass; E of,334683,Medium
2018-11-23,26.089825,-81.802955,Keewaydin Island; W of,70758,Low
2018-11-23,25.99056,-81.748808,Sea Oat Island (Hurricane Pass),3333,Very low
2018-11-26,27.100235,-82.461048,Venice Beach,786117,Medium
2018-11-26,27.123583,-82.471512,Nokomis Beach,1292033,High (closure)
2018-11-23,27.3316,-82.5779,Bay Dock (Sarasota Bay),1168000,High (closure)
2018-11-23,27.33375,-82.57938,New Pass Dock (Sarasota Bay),1404000,High (closure)
2018-11-26,27.3316,-82.5779,Bay Dock (Sarasota Bay),2656000,High (closure)
2018-11-26,27.33375,-82.57938,New Pass Dock (Sarasota Bay),1686000,High (closure)
2018-11-27,27.3316,-82.5779,Bay Dock (Sarasota Bay),656000,Medium
2018-11-27,27.33375,-82.57938,New Pass Dock (Sarasota Bay),1696000,High (closure)
2018-11-27,27.298,-82.568777,South Lido Park,819280,Medium
2018-11-27,27.4003,-82.6515,Atlas Street; W of,145333,Medium
2018-11-27,27.3225,-82.5803,St. Armands Key; N of (Pansy Bayou),234333,Medium
2018-11-27,27.3324,-82.5462,Marina Jack (Sarasota Bay),10333,Low
2018-11-27,26.816167,-82.2805,Gasparilla Pass,1000,Very low
2018-11-27,26.7117,-82.2583,Boca Grande Pass,0,Background
2018-11-27,26.74065,-82.2145,Cayo Pelau; 2 mi S of (Charlotte Harbor),0,Background
2018-11-27,26.786021,-82.223062,Cayo Pelau; N of (Gasparilla Sound),36000,Low
2018-11-27,26.782417,-82.209383,Bull Key; NW of (Bull Bay),0,Background
2018-11-27,26.798,-82.231,Sandfly Key; NE of (Gasparilla Sound),1294628,High (closure)
2018-11-27,26.8164,-82.2526,Catfish Creek; mouth of (Gasparilla Sound),8667,Very low
2018-11-27,27.51477,-82.68395,Mead Point (Lower Tampa Bay),0,Background
2018-11-27,27.529833,-82.704,School Key; NE of (Lower Tampa Bay),0,Background
2018-11-27,27.59275,-82.629067,South Skyway Causeway; NE end of (Lower Tampa Bay),333,Background
2018-11-27,27.587433,-82.61895,South Skyway Rest Area; NW of (Lower Tampa Bay),0,Background
2018-11-27,27.632617,-82.5782,Little Redfish Creek; 1.1 mi NW of (Lower Tampa Bay),0,Background
2018-11-27,27.595514,-82.5912,Joe Island; N of (Lower Tampa Bay),0,Background
2018-11-27,26.5264,-82.1945,Alison Hagerup Beach Park,2397990,High (closure)
2018-11-27,26.4217,-82.0801,Tarpon Bay Road Beach,0,Background
2018-11-27,26.45157,-82.01543,Lighthouse Beach,15667,Low
2018-11-27,26.45398,-81.95776,Lynn Hall Park,0,Background
2018-11-27,26.3901,-81.8795,Lovers Key State Park,3333,Very low
2018-11-27,26.33105,-81.84574,Bonita Beach Park,37667,Low
2018-11-27,27.12332,-82.47122,Nokomis Beach,863950,Medium
2018-11-27,26.924481,-82.361845,Englewood Beach,124000,Medium
2018-11-27,26.7433,-82.26439,Gasparilla Island Lighthouse; NW of,0,Background
2018-11-27,27.33375,-82.57938,New Pass Dock (Sarasota Bay),1843380,High (closure)
2018-09-25,27.33375,-82.57938,New Pass Dock (Sarasota Bay),496577,Medium
2018-09-19,27.33375,-82.57938,New Pass Dock (Sarasota Bay),5746050,High (closure)
2018-10-03,27.33375,-82.57938,New Pass Dock (Sarasota Bay),41000,Low
2018-11-28,26.4828,-82.1828,Blind Pass,156400,Medium
2018-11-28,26.454593,-82.01541,Sanibel Lighthouse Fishing Pier,4000,Very low
2018-11-28,27.3316,-82.5779,Bay Dock (Sarasota Bay),146000,Medium
2018-11-28,27.33375,-82.57938,New Pass Dock (Sarasota Bay),910000,Medium
2018-11-27,26.761667,-82.133,Burnt Store Marina; 4.3 mi W of (Charlotte Harbor),0,Background
2018-11-29,27.3316,-82.5779,Bay Dock (Sarasota Bay),544000,Medium
2018-11-29,27.33375,-82.57938,New Pass Dock (Sarasota Bay),764000,Medium
2018-11-27,26.812833,-82.117167,Charlotte Harbor Preserve State Park; 3.7 mi W of (Charlotte Harbor),333,Background
2018-11-27,26.732333,-82.189667,Stringfellow Road; 2.7 mi NW of (Charlotte Harbor),87667,Low
2018-11-27,27.0992,-82.4607,Venice Beach,317604,Medium
2018-11-27,27.0724,-82.451,Venice Fishing Pier; SE of,279000,Medium
2018-11-29,26.30481,-81.8362,Barefoot Beach State Preserve,667,Background
2018-11-29,26.25375,-81.82377,Vanderbilt Beach,1000,Very low
2018-11-29,26.2073,-81.8169,Seagate,1133533,High (closure)
2018-11-29,25.91165,-81.72805,South Marco Beach,381383,Medium
2018-11-29,26.13163,-81.8063,Naples Pier,376194,Medium
2018-11-30,27.3316,-82.5779,Bay Dock (Sarasota Bay),534000,Medium
2018-11-30,27.33375,-82.57938,New Pass Dock (Sarasota Bay),274000,Medium
